[0.000000] (-) TimerEvent: {}
[0.000345] (smart_agent_gazebo) JobQueued: {'identifier': 'smart_agent_gazebo', 'dependencies': OrderedDict()}
[0.000495] (smart_agent_gazebo) JobStarted: {'identifier': 'smart_agent_gazebo'}
[0.099342] (-) TimerEvent: {}
[0.199615] (-) TimerEvent: {}
[0.307406] (-) TimerEvent: {}
[0.412719] (-) TimerEvent: {}
[0.512930] (-) TimerEvent: {}
[0.613116] (-) TimerEvent: {}
[0.713297] (-) TimerEvent: {}
[0.758571] (smart_agent_gazebo) Command: {'cmd': ['/usr/bin/python3', '-W', 'ignore:setup.py install is deprecated', '-W', 'ignore:easy_install command is deprecated', 'setup.py', 'develop', '--editable', '--build-directory', '/home/test/wf3/gazebo/agentsd_ws/build/smart_agent_gazebo/build', '--no-deps', 'symlink_data'], 'cwd': '/home/test/wf3/gazebo/agentsd_ws/build/smart_agent_gazebo', 'env': {'LESSOPEN': '| /usr/bin/lesspipe %s', 'USER': 'test', 'SSH_CLIENT': '192.168.137.20 3322 22', 'XDG_SESSION_TYPE': 'tty', '__GLX_VENDOR_LIBRARY_NAME': 'nvidia', 'SHLVL': '1', 'LD_LIBRARY_PATH': '/usr/lib/x86_64-linux-gnu/gazebo-11/plugins:/opt/ros/humble/opt/rviz_ogre_vendor/lib:/opt/ros/humble/lib/x86_64-linux-gnu:/opt/ros/humble/lib:/usr/local/cuda-12.6/lib64:/usr/local/cuda-11.8/lib64:', 'MOTD_SHOWN': 'pam', 'HOME': '/home/test', 'OLDPWD': '/home/test/wf3/gazebo/agentsd_ws', 'SSH_TTY': '/dev/pts/4', 'ROS_PYTHON_VERSION': '3', 'IGN_RENDER_ENGINE': 'ogre2', 'DBUS_SESSION_BUS_ADDRESS': 'unix:path=/run/user/1010/bus', 'COLCON_PREFIX_PATH': '/home/test/wf3/gazebo/agentsd_ws/install:/home/test/wf3/gazebo/agent_ws/install', 'ROS_DISTRO': 'humble', 'LOGNAME': 'test', '_': '/usr/bin/colcon', 'ROS_VERSION': '2', 'XDG_SESSION_CLASS': 'user', 'TERM': 'xterm', 'XDG_SESSION_ID': '17', 'ROS_LOCALHOST_ONLY': '0', 'PATH': '/home/test/.local/bin:/opt/ros/humble/bin:/usr/local/cuda-12.6/bin:/usr/local/cuda-11.8/bin:/usr/local/sbin:/usr/local/bin:/usr/sbin:/usr/bin:/sbin:/bin:/usr/games:/usr/local/games:/snap/bin', 'XDG_RUNTIME_DIR': '/run/user/1010', 'LANG': 'en_US.UTF-8', 'LS_COLORS': 'rs=0:di=01;34:ln=01;36:mh=00:pi=40;33:so=01;35:do=01;35:bd=40;33;01:cd=40;33;01:or=40;31;01:mi=00:su=37;41:sg=30;43:ca=30;41:tw=30;42:ow=34;42:st=37;44:ex=01;32:*.tar=01;31:*.tgz=01;31:*.arc=01;31:*.arj=01;31:*.taz=01;31:*.lha=01;31:*.lz4=01;31:*.lzh=01;31:*.lzma=01;31:*.tlz=01;31:*.txz=01;31:*.tzo=01;31:*.t7z=01;31:*.zip=01;31:*.z=01;31:*.dz=01;31:*.gz=01;31:*.lrz=01;31:*.lz=01;31:*.lzo=01;31:*.xz=01;31:*.zst=01;31:*.tzst=01;31:*.bz2=01;31:*.bz=01;31:*.tbz=01;31:*.tbz2=01;31:*.tz=01;31:*.deb=01;31:*.rpm=01;31:*.jar=01;31:*.war=01;31:*.ear=01;31:*.sar=01;31:*.rar=01;31:*.alz=01;31:*.ace=01;31:*.zoo=01;31:*.cpio=01;31:*.7z=01;31:*.rz=01;31:*.cab=01;31:*.wim=01;31:*.swm=01;31:*.dwm=01;31:*.esd=01;31:*.jpg=01;35:*.jpeg=01;35:*.mjpg=01;35:*.mjpeg=01;35:*.gif=01;35:*.bmp=01;35:*.pbm=01;35:*.pgm=01;35:*.ppm=01;35:*.tga=01;35:*.xbm=01;35:*.xpm=01;35:*.tif=01;35:*.tiff=01;35:*.png=01;35:*.svg=01;35:*.svgz=01;35:*.mng=01;35:*.pcx=01;35:*.mov=01;35:*.mpg=01;35:*.mpeg=01;35:*.m2v=01;35:*.mkv=01;35:*.webm=01;35:*.webp=01;35:*.ogm=01;35:*.mp4=01;35:*.m4v=01;35:*.mp4v=01;35:*.vob=01;35:*.qt=01;35:*.nuv=01;35:*.wmv=01;35:*.asf=01;35:*.rm=01;35:*.rmvb=01;35:*.flc=01;35:*.avi=01;35:*.fli=01;35:*.flv=01;35:*.gl=01;35:*.dl=01;35:*.xcf=01;35:*.xwd=01;35:*.yuv=01;35:*.cgm=01;35:*.emf=01;35:*.ogv=01;35:*.ogx=01;35:*.aac=00;36:*.au=00;36:*.flac=00;36:*.m4a=00;36:*.mid=00;36:*.midi=00;36:*.mka=00;36:*.mp3=00;36:*.mpc=00;36:*.ogg=00;36:*.ra=00;36:*.wav=00;36:*.oga=00;36:*.opus=00;36:*.spx=00;36:*.xspf=00;36:', 'AMENT_PREFIX_PATH': '/home/test/wf3/gazebo/agentsd_ws/install/smart_agent_gazebo:/home/test/wf3/gazebo/agent_ws/install/smart_agent_gazebo:/opt/ros/humble', 'SHELL': '/bin/bash', 'LESSCLOSE': '/usr/bin/lesspipe %s %s', 'PWD': '/home/test/wf3/gazebo/agentsd_ws/build/smart_agent_gazebo', 'SSH_CONNECTION': '192.168.137.20 3322 192.168.137.102 22', 'XDG_DATA_DIRS': '/usr/local/share:/usr/share:/var/lib/snapd/desktop', 'PYTHONPATH': '/home/test/wf3/gazebo/agentsd_ws/build/smart_agent_gazebo/prefix_override:/usr/lib/python3/dist-packages/colcon_core/task/python/colcon_distutils_commands:/home/test/wf3/gazebo/agentsd_ws/install/smart_agent_gazebo/lib/python3.10/site-packages:/home/test/wf3/gazebo/agentsd_ws/install/smart_agent_gazebo/lib/python3.10/site-packages:/home/test/wf3/gazebo/agent_ws/build/smart_agent_gazebo:/home/test/wf3/gazebo/agent_ws/install/smart_agent_gazebo/lib/python3.10/site-packages:/opt/ros/humble/lib/python3.10/site-packages:/opt/ros/humble/local/lib/python3.10/dist-packages', 'COLCON': '1'}, 'shell': False}
[0.813390] (-) TimerEvent: {}
[0.913632] (-) TimerEvent: {}
[1.013831] (-) TimerEvent: {}
[1.052776] (smart_agent_gazebo) StdoutLine: {'line': b'running develop\n'}
[1.113916] (-) TimerEvent: {}
[1.143843] (smart_agent_gazebo) StdoutLine: {'line': b'running egg_info\n'}
[1.144101] (smart_agent_gazebo) StdoutLine: {'line': b'creating smart_agent_gazebo.egg-info\n'}
[1.144270] (smart_agent_gazebo) StdoutLine: {'line': b'writing smart_agent_gazebo.egg-info/PKG-INFO\n'}
[1.144432] (smart_agent_gazebo) StdoutLine: {'line': b'writing dependency_links to smart_agent_gazebo.egg-info/dependency_links.txt\n'}
[1.144641] (smart_agent_gazebo) StdoutLine: {'line': b'writing entry points to smart_agent_gazebo.egg-info/entry_points.txt\n'}
[1.144863] (smart_agent_gazebo) StdoutLine: {'line': b'writing requirements to smart_agent_gazebo.egg-info/requires.txt\n'}
[1.145016] (smart_agent_gazebo) StdoutLine: {'line': b'writing top-level names to smart_agent_gazebo.egg-info/top_level.txt\n'}
[1.145160] (smart_agent_gazebo) StdoutLine: {'line': b"writing manifest file 'smart_agent_gazebo.egg-info/SOURCES.txt'\n"}
[1.149897] (smart_agent_gazebo) StdoutLine: {'line': b"reading manifest file 'smart_agent_gazebo.egg-info/SOURCES.txt'\n"}
[1.155097] (smart_agent_gazebo) StdoutLine: {'line': b"writing manifest file 'smart_agent_gazebo.egg-info/SOURCES.txt'\n"}
[1.156012] (smart_agent_gazebo) StdoutLine: {'line': b'running build_ext\n'}
[1.156206] (smart_agent_gazebo) StdoutLine: {'line': b'Creating /home/test/wf3/gazebo/agentsd_ws/install/smart_agent_gazebo/lib/python3.10/site-packages/smart-agent-gazebo.egg-link (link to .)\n'}
[1.156636] (smart_agent_gazebo) StdoutLine: {'line': b'Installing data_recorder script to /home/test/wf3/gazebo/agentsd_ws/install/smart_agent_gazebo/lib/smart_agent_gazebo\n'}
[1.156847] (smart_agent_gazebo) StdoutLine: {'line': b'Installing keyboard_teleop script to /home/test/wf3/gazebo/agentsd_ws/install/smart_agent_gazebo/lib/smart_agent_gazebo\n'}
[1.157073] (smart_agent_gazebo) StdoutLine: {'line': b'Installing sensor_monitor script to /home/test/wf3/gazebo/agentsd_ws/install/smart_agent_gazebo/lib/smart_agent_gazebo\n'}
[1.157229] (smart_agent_gazebo) StdoutLine: {'line': b'Installing web_gateway script to /home/test/wf3/gazebo/agentsd_ws/install/smart_agent_gazebo/lib/smart_agent_gazebo\n'}
[1.157484] (smart_agent_gazebo) StdoutLine: {'line': b'\n'}
[1.157648] (smart_agent_gazebo) StdoutLine: {'line': b'Installed /home/test/wf3/gazebo/agentsd_ws/build/smart_agent_gazebo\n'}
[1.157798] (smart_agent_gazebo) StdoutLine: {'line': b'running symlink_data\n'}
[1.157947] (smart_agent_gazebo) StdoutLine: {'line': b'creating /home/test/wf3/gazebo/agentsd_ws/install/smart_agent_gazebo/share/ament_index\n'}
[1.158093] (smart_agent_gazebo) StdoutLine: {'line': b'creating /home/test/wf3/gazebo/agentsd_ws/install/smart_agent_gazebo/share/ament_index/resource_index\n'}
[1.158244] (smart_agent_gazebo) StdoutLine: {'line': b'creating /home/test/wf3/gazebo/agentsd_ws/install/smart_agent_gazebo/share/ament_index/resource_index/packages\n'}
[1.158392] (smart_agent_gazebo) StdoutLine: {'line': b'symbolically linking /home/test/wf3/gazebo/agentsd_ws/build/smart_agent_gazebo/resource/smart_agent_gazebo -> /home/test/wf3/gazebo/agentsd_ws/install/smart_agent_gazebo/share/ament_index/resource_index/packages\n'}
[1.158546] (smart_agent_gazebo) StdoutLine: {'line': b'symbolically linking /home/test/wf3/gazebo/agentsd_ws/build/smart_agent_gazebo/package.xml -> /home/test/wf3/gazebo/agentsd_ws/install/smart_agent_gazebo/share/smart_agent_gazebo\n'}
[1.158832] (smart_agent_gazebo) StdoutLine: {'line': b'creating /home/test/wf3/gazebo/agentsd_ws/install/smart_agent_gazebo/share/smart_agent_gazebo/launch\n'}
[1.158996] (smart_agent_gazebo) StdoutLine: {'line': b'symbolically linking /home/test/wf3/gazebo/agentsd_ws/build/smart_agent_gazebo/launch/spawn_agent_with_record.launch.py -> /home/test/wf3/gazebo/agentsd_ws/install/smart_agent_gazebo/share/smart_agent_gazebo/launch\n'}
[1.159151] (smart_agent_gazebo) StdoutLine: {'line': b'symbolically linking /home/test/wf3/gazebo/agentsd_ws/build/smart_agent_gazebo/launch/spawn_agent_no_record.launch.py -> /home/test/wf3/gazebo/agentsd_ws/install/smart_agent_gazebo/share/smart_agent_gazebo/launch\n'}
[1.159302] (smart_agent_gazebo) StdoutLine: {'line': b'symbolically linking /home/test/wf3/gazebo/agentsd_ws/build/smart_agent_gazebo/launch/spawn_agent.launch.py -> /home/test/wf3/gazebo/agentsd_ws/install/smart_agent_gazebo/share/smart_agent_gazebo/launch\n'}
[1.159452] (smart_agent_gazebo) StdoutLine: {'line': b'symbolically linking /home/test/wf3/gazebo/agentsd_ws/build/smart_agent_gazebo/launch/spawn_agent_headless_web.launch.py -> /home/test/wf3/gazebo/agentsd_ws/install/smart_agent_gazebo/share/smart_agent_gazebo/launch\n'}
[1.159611] (smart_agent_gazebo) StdoutLine: {'line': b'creating /home/test/wf3/gazebo/agentsd_ws/install/smart_agent_gazebo/share/smart_agent_gazebo/urdf\n'}
[1.160074] (smart_agent_gazebo) StdoutLine: {'line': b'symbolically linking /home/test/wf3/gazebo/agentsd_ws/build/smart_agent_gazebo/urdf/smart_agent.urdf.xacro -> /home/test/wf3/gazebo/agentsd_ws/install/smart_agent_gazebo/share/smart_agent_gazebo/urdf\n'}
[1.160448] (smart_agent_gazebo) StdoutLine: {'line': b'creating /home/test/wf3/gazebo/agentsd_ws/install/smart_agent_gazebo/share/smart_agent_gazebo/worlds\n'}
[1.160597] (smart_agent_gazebo) StdoutLine: {'line': b'symbolically linking /home/test/wf3/gazebo/agentsd_ws/build/smart_agent_gazebo/worlds/toposlam_validation.world -> /home/test/wf3/gazebo/agentsd_ws/install/smart_agent_gazebo/share/smart_agent_gazebo/worlds\n'}
[1.160746] (smart_agent_gazebo) StdoutLine: {'line': b'symbolically linking /home/test/wf3/gazebo/agentsd_ws/build/smart_agent_gazebo/worlds/small_house.world -> /home/test/wf3/gazebo/agentsd_ws/install/smart_agent_gazebo/share/smart_agent_gazebo/worlds\n'}
[1.160895] (smart_agent_gazebo) StdoutLine: {'line': b'creating /home/test/wf3/gazebo/agentsd_ws/install/smart_agent_gazebo/share/photos\n'}
[1.161041] (smart_agent_gazebo) StdoutLine: {'line': b'symbolically linking /home/test/wf3/gazebo/agentsd_ws/build/smart_agent_gazebo/photos/PortraitD_01.jpg -> /home/test/wf3/gazebo/agentsd_ws/install/smart_agent_gazebo/share/photos\n'}
[1.161187] (smart_agent_gazebo) StdoutLine: {'line': b'symbolically linking /home/test/wf3/gazebo/agentsd_ws/build/smart_agent_gazebo/photos/PortraitC_01.jpg -> /home/test/wf3/gazebo/agentsd_ws/install/smart_agent_gazebo/share/photos\n'}
[1.161530] (smart_agent_gazebo) StdoutLine: {'line': b'symbolically linking /home/test/wf3/gazebo/agentsd_ws/build/smart_agent_gazebo/photos/DeskPortraitB_02.jpg -> /home/test/wf3/gazebo/agentsd_ws/install/smart_agent_gazebo/share/photos\n'}
[1.161687] (smart_agent_gazebo) StdoutLine: {'line': b'symbolically linking /home/test/wf3/gazebo/agentsd_ws/build/smart_agent_gazebo/photos/DeskPortraitA_02.jpg -> /home/test/wf3/gazebo/agentsd_ws/install/smart_agent_gazebo/share/photos\n'}
[1.161840] (smart_agent_gazebo) StdoutLine: {'line': b'symbolically linking /home/test/wf3/gazebo/agentsd_ws/build/smart_agent_gazebo/photos/DeskPortraitD_04.jpg -> /home/test/wf3/gazebo/agentsd_ws/install/smart_agent_gazebo/share/photos\n'}
[1.161990] (smart_agent_gazebo) StdoutLine: {'line': b'symbolically linking /home/test/wf3/gazebo/agentsd_ws/build/smart_agent_gazebo/photos/DeskPortraitD_02.jpg -> /home/test/wf3/gazebo/agentsd_ws/install/smart_agent_gazebo/share/photos\n'}
[1.162136] (smart_agent_gazebo) StdoutLine: {'line': b'symbolically linking /home/test/wf3/gazebo/agentsd_ws/build/smart_agent_gazebo/photos/DeskPortraitC_02.jpg -> /home/test/wf3/gazebo/agentsd_ws/install/smart_agent_gazebo/share/photos\n'}
[1.162785] (smart_agent_gazebo) StdoutLine: {'line': b'symbolically linking /home/test/wf3/gazebo/agentsd_ws/build/smart_agent_gazebo/photos/PortraitB_02.jpg -> /home/test/wf3/gazebo/agentsd_ws/install/smart_agent_gazebo/share/photos\n'}
[1.162938] (smart_agent_gazebo) StdoutLine: {'line': b'symbolically linking /home/test/wf3/gazebo/agentsd_ws/build/smart_agent_gazebo/photos/DeskPortraitC_01.jpg -> /home/test/wf3/gazebo/agentsd_ws/install/smart_agent_gazebo/share/photos\n'}
[1.163087] (smart_agent_gazebo) StdoutLine: {'line': b'symbolically linking /home/test/wf3/gazebo/agentsd_ws/build/smart_agent_gazebo/photos/PortraitB_01.jpg -> /home/test/wf3/gazebo/agentsd_ws/install/smart_agent_gazebo/share/photos\n'}
[1.163236] (smart_agent_gazebo) StdoutLine: {'line': b'symbolically linking /home/test/wf3/gazebo/agentsd_ws/build/smart_agent_gazebo/photos/PortraitE_02.jpg -> /home/test/wf3/gazebo/agentsd_ws/install/smart_agent_gazebo/share/photos\n'}
[1.163382] (smart_agent_gazebo) StdoutLine: {'line': b'symbolically linking /home/test/wf3/gazebo/agentsd_ws/build/smart_agent_gazebo/photos/DeskPortraitA_01.jpg -> /home/test/wf3/gazebo/agentsd_ws/install/smart_agent_gazebo/share/photos\n'}
[1.163528] (smart_agent_gazebo) StdoutLine: {'line': b'symbolically linking /home/test/wf3/gazebo/agentsd_ws/build/smart_agent_gazebo/photos/DeskPortraitD_03.jpg -> /home/test/wf3/gazebo/agentsd_ws/install/smart_agent_gazebo/share/photos\n'}
[1.163890] (smart_agent_gazebo) StdoutLine: {'line': b'symbolically linking /home/test/wf3/gazebo/agentsd_ws/build/smart_agent_gazebo/photos/DeskPortraitD_01.jpg -> /home/test/wf3/gazebo/agentsd_ws/install/smart_agent_gazebo/share/photos\n'}
[1.164303] (smart_agent_gazebo) StdoutLine: {'line': b'symbolically linking /home/test/wf3/gazebo/agentsd_ws/build/smart_agent_gazebo/photos/PortraitA_02.jpg -> /home/test/wf3/gazebo/agentsd_ws/install/smart_agent_gazebo/share/photos\n'}
[1.164464] (smart_agent_gazebo) StdoutLine: {'line': b'symbolically linking /home/test/wf3/gazebo/agentsd_ws/build/smart_agent_gazebo/photos/PortraitA_01.jpg -> /home/test/wf3/gazebo/agentsd_ws/install/smart_agent_gazebo/share/photos\n'}
[1.164621] (smart_agent_gazebo) StdoutLine: {'line': b'symbolically linking /home/test/wf3/gazebo/agentsd_ws/build/smart_agent_gazebo/photos/PortraitD_02.jpg -> /home/test/wf3/gazebo/agentsd_ws/install/smart_agent_gazebo/share/photos\n'}
[1.164772] (smart_agent_gazebo) StdoutLine: {'line': b'symbolically linking /home/test/wf3/gazebo/agentsd_ws/build/smart_agent_gazebo/photos/DeskPortraitB_01.jpg -> /home/test/wf3/gazebo/agentsd_ws/install/smart_agent_gazebo/share/photos\n'}
[1.164919] (smart_agent_gazebo) StdoutLine: {'line': b'symbolically linking /home/test/wf3/gazebo/agentsd_ws/build/smart_agent_gazebo/photos/PortraitE_01.jpg -> /home/test/wf3/gazebo/agentsd_ws/install/smart_agent_gazebo/share/photos\n'}
[1.165271] (smart_agent_gazebo) StdoutLine: {'line': b'symbolically linking /home/test/wf3/gazebo/agentsd_ws/build/smart_agent_gazebo/photos/PortraitB_03.jpg -> /home/test/wf3/gazebo/agentsd_ws/install/smart_agent_gazebo/share/photos\n'}
[1.165430] (smart_agent_gazebo) StdoutLine: {'line': b'creating /home/test/wf3/gazebo/agentsd_ws/install/smart_agent_gazebo/share/smart_agent_gazebo/photos\n'}
[1.165583] (smart_agent_gazebo) StdoutLine: {'line': b'symbolically linking /home/test/wf3/gazebo/agentsd_ws/build/smart_agent_gazebo/photos/PortraitD_01.jpg -> /home/test/wf3/gazebo/agentsd_ws/install/smart_agent_gazebo/share/smart_agent_gazebo/photos\n'}
[1.165735] (smart_agent_gazebo) StdoutLine: {'line': b'symbolically linking /home/test/wf3/gazebo/agentsd_ws/build/smart_agent_gazebo/photos/PortraitC_01.jpg -> /home/test/wf3/gazebo/agentsd_ws/install/smart_agent_gazebo/share/smart_agent_gazebo/photos\n'}
[1.165883] (smart_agent_gazebo) StdoutLine: {'line': b'symbolically linking /home/test/wf3/gazebo/agentsd_ws/build/smart_agent_gazebo/photos/DeskPortraitB_02.jpg -> /home/test/wf3/gazebo/agentsd_ws/install/smart_agent_gazebo/share/smart_agent_gazebo/photos\n'}
[1.166031] (smart_agent_gazebo) StdoutLine: {'line': b'symbolically linking /home/test/wf3/gazebo/agentsd_ws/build/smart_agent_gazebo/photos/DeskPortraitA_02.jpg -> /home/test/wf3/gazebo/agentsd_ws/install/smart_agent_gazebo/share/smart_agent_gazebo/photos\n'}
[1.166665] (smart_agent_gazebo) StdoutLine: {'line': b'symbolically linking /home/test/wf3/gazebo/agentsd_ws/build/smart_agent_gazebo/photos/DeskPortraitD_04.jpg -> /home/test/wf3/gazebo/agentsd_ws/install/smart_agent_gazebo/share/smart_agent_gazebo/photos\n'}
[1.166824] (smart_agent_gazebo) StdoutLine: {'line': b'symbolically linking /home/test/wf3/gazebo/agentsd_ws/build/smart_agent_gazebo/photos/DeskPortraitD_02.jpg -> /home/test/wf3/gazebo/agentsd_ws/install/smart_agent_gazebo/share/smart_agent_gazebo/photos\n'}
[1.166977] (smart_agent_gazebo) StdoutLine: {'line': b'symbolically linking /home/test/wf3/gazebo/agentsd_ws/build/smart_agent_gazebo/photos/DeskPortraitC_02.jpg -> /home/test/wf3/gazebo/agentsd_ws/install/smart_agent_gazebo/share/smart_agent_gazebo/photos\n'}
[1.167124] (smart_agent_gazebo) StdoutLine: {'line': b'symbolically linking /home/test/wf3/gazebo/agentsd_ws/build/smart_agent_gazebo/photos/PortraitB_02.jpg -> /home/test/wf3/gazebo/agentsd_ws/install/smart_agent_gazebo/share/smart_agent_gazebo/photos\n'}
[1.167268] (smart_agent_gazebo) StdoutLine: {'line': b'symbolically linking /home/test/wf3/gazebo/agentsd_ws/build/smart_agent_gazebo/photos/DeskPortraitC_01.jpg -> /home/test/wf3/gazebo/agentsd_ws/install/smart_agent_gazebo/share/smart_agent_gazebo/photos\n'}
[1.167418] (smart_agent_gazebo) StdoutLine: {'line': b'symbolically linking /home/test/wf3/gazebo/agentsd_ws/build/smart_agent_gazebo/photos/PortraitB_01.jpg -> /home/test/wf3/gazebo/agentsd_ws/install/smart_agent_gazebo/share/smart_agent_gazebo/photos\n'}
[1.167564] (smart_agent_gazebo) StdoutLine: {'line': b'symbolically linking /home/test/wf3/gazebo/agentsd_ws/build/smart_agent_gazebo/photos/PortraitE_02.jpg -> /home/test/wf3/gazebo/agentsd_ws/install/smart_agent_gazebo/share/smart_agent_gazebo/photos\n'}
[1.167866] (smart_agent_gazebo) StdoutLine: {'line': b'symbolically linking /home/test/wf3/gazebo/agentsd_ws/build/smart_agent_gazebo/photos/DeskPortraitA_01.jpg -> /home/test/wf3/gazebo/agentsd_ws/install/smart_agent_gazebo/share/smart_agent_gazebo/photos\n'}
[1.168020] (smart_agent_gazebo) StdoutLine: {'line': b'symbolically linking /home/test/wf3/gazebo/agentsd_ws/build/smart_agent_gazebo/photos/DeskPortraitD_03.jpg -> /home/test/wf3/gazebo/agentsd_ws/install/smart_agent_gazebo/share/smart_agent_gazebo/photos\n'}
[1.168172] (smart_agent_gazebo) StdoutLine: {'line': b'symbolically linking /home/test/wf3/gazebo/agentsd_ws/build/smart_agent_gazebo/photos/DeskPortraitD_01.jpg -> /home/test/wf3/gazebo/agentsd_ws/install/smart_agent_gazebo/share/smart_agent_gazebo/photos\n'}
[1.168321] (smart_agent_gazebo) StdoutLine: {'line': b'symbolically linking /home/test/wf3/gazebo/agentsd_ws/build/smart_agent_gazebo/photos/PortraitA_02.jpg -> /home/test/wf3/gazebo/agentsd_ws/install/smart_agent_gazebo/share/smart_agent_gazebo/photos\n'}
[1.168466] (smart_agent_gazebo) StdoutLine: {'line': b'symbolically linking /home/test/wf3/gazebo/agentsd_ws/build/smart_agent_gazebo/photos/PortraitA_01.jpg -> /home/test/wf3/gazebo/agentsd_ws/install/smart_agent_gazebo/share/smart_agent_gazebo/photos\n'}
[1.168613] (smart_agent_gazebo) StdoutLine: {'line': b'symbolically linking /home/test/wf3/gazebo/agentsd_ws/build/smart_agent_gazebo/photos/PortraitD_02.jpg -> /home/test/wf3/gazebo/agentsd_ws/install/smart_agent_gazebo/share/smart_agent_gazebo/photos\n'}
[1.168759] (smart_agent_gazebo) StdoutLine: {'line': b'symbolically linking /home/test/wf3/gazebo/agentsd_ws/build/smart_agent_gazebo/photos/DeskPortraitB_01.jpg -> /home/test/wf3/gazebo/agentsd_ws/install/smart_agent_gazebo/share/smart_agent_gazebo/photos\n'}
[1.169167] (smart_agent_gazebo) StdoutLine: {'line': b'symbolically linking /home/test/wf3/gazebo/agentsd_ws/build/smart_agent_gazebo/photos/PortraitE_01.jpg -> /home/test/wf3/gazebo/agentsd_ws/install/smart_agent_gazebo/share/smart_agent_gazebo/photos\n'}
[1.169577] (smart_agent_gazebo) StdoutLine: {'line': b'symbolically linking /home/test/wf3/gazebo/agentsd_ws/build/smart_agent_gazebo/photos/PortraitB_03.jpg -> /home/test/wf3/gazebo/agentsd_ws/install/smart_agent_gazebo/share/smart_agent_gazebo/photos\n'}
[1.169744] (smart_agent_gazebo) StdoutLine: {'line': b'creating /home/test/wf3/gazebo/agentsd_ws/install/smart_agent_gazebo/share/smart_agent_gazebo/models\n'}
[1.169898] (smart_agent_gazebo) StdoutLine: {'line': b'creating /home/test/wf3/gazebo/agentsd_ws/install/smart_agent_gazebo/share/smart_agent_gazebo/models/aws_robomaker_hospital_curtain_open_01\n'}
[1.170051] (smart_agent_gazebo) StdoutLine: {'line': b'symbolically linking /home/test/wf3/gazebo/agentsd_ws/build/smart_agent_gazebo/models/aws_robomaker_hospital_curtain_open_01/model.config -> /home/test/wf3/gazebo/agentsd_ws/install/smart_agent_gazebo/share/smart_agent_gazebo/models/aws_robomaker_hospital_curtain_open_01\n'}
[1.170209] (smart_agent_gazebo) StdoutLine: {'line': b'symbolically linking /home/test/wf3/gazebo/agentsd_ws/build/smart_agent_gazebo/models/aws_robomaker_hospital_curtain_open_01/model.sdf -> /home/test/wf3/gazebo/agentsd_ws/install/smart_agent_gazebo/share/smart_agent_gazebo/models/aws_robomaker_hospital_curtain_open_01\n'}
[1.170673] (smart_agent_gazebo) StdoutLine: {'line': b'creating /home/test/wf3/gazebo/agentsd_ws/install/smart_agent_gazebo/share/smart_agent_gazebo/models/aws_robomaker_hospital_curtain_open_01/meshes\n'}
[1.170831] (smart_agent_gazebo) StdoutLine: {'line': b'symbolically linking /home/test/wf3/gazebo/agentsd_ws/build/smart_agent_gazebo/models/aws_robomaker_hospital_curtain_open_01/meshes/aws_robomaker_hospital_curtain_open_01_low_normal.png -> /home/test/wf3/gazebo/agentsd_ws/install/smart_agent_gazebo/share/smart_agent_gazebo/models/aws_robomaker_hospital_curtain_open_01/meshes\n'}
[1.170990] (smart_agent_gazebo) StdoutLine: {'line': b'symbolically linking /home/test/wf3/gazebo/agentsd_ws/build/smart_agent_gazebo/models/aws_robomaker_hospital_curtain_open_01/meshes/aws_robomaker_hospital_curtain_open_01_visual.png -> /home/test/wf3/gazebo/agentsd_ws/install/smart_agent_gazebo/share/smart_agent_gazebo/models/aws_robomaker_hospital_curtain_open_01/meshes\n'}
[1.171144] (smart_agent_gazebo) StdoutLine: {'line': b'symbolically linking /home/test/wf3/gazebo/agentsd_ws/build/smart_agent_gazebo/models/aws_robomaker_hospital_curtain_open_01/meshes/aws_robomaker_hospital_curtain_open_01_low.png -> /home/test/wf3/gazebo/agentsd_ws/install/smart_agent_gazebo/share/smart_agent_gazebo/models/aws_robomaker_hospital_curtain_open_01/meshes\n'}
[1.171294] (smart_agent_gazebo) StdoutLine: {'line': b'symbolically linking /home/test/wf3/gazebo/agentsd_ws/build/smart_agent_gazebo/models/aws_robomaker_hospital_curtain_open_01/meshes/aws_robomaker_hospital_curtain_open_01_collision.dae -> /home/test/wf3/gazebo/agentsd_ws/install/smart_agent_gazebo/share/smart_agent_gazebo/models/aws_robomaker_hospital_curtain_open_01/meshes\n'}
[1.171448] (smart_agent_gazebo) StdoutLine: {'line': b'symbolically linking /home/test/wf3/gazebo/agentsd_ws/build/smart_agent_gazebo/models/aws_robomaker_hospital_curtain_open_01/meshes/aws_robomaker_hospital_curtainrail_01_low_normal.png -> /home/test/wf3/gazebo/agentsd_ws/install/smart_agent_gazebo/share/smart_agent_gazebo/models/aws_robomaker_hospital_curtain_open_01/meshes\n'}
[1.171609] (smart_agent_gazebo) StdoutLine: {'line': b'symbolically linking /home/test/wf3/gazebo/agentsd_ws/build/smart_agent_gazebo/models/aws_robomaker_hospital_curtain_open_01/meshes/aws_robomaker_hospital_curtainrail_01_visual.png -> /home/test/wf3/gazebo/agentsd_ws/install/smart_agent_gazebo/share/smart_agent_gazebo/models/aws_robomaker_hospital_curtain_open_01/meshes\n'}
[1.171928] (smart_agent_gazebo) StdoutLine: {'line': b'symbolically linking /home/test/wf3/gazebo/agentsd_ws/build/smart_agent_gazebo/models/aws_robomaker_hospital_curtain_open_01/meshes/aws_robomaker_hospital_curtain_open_01_visual.dae -> /home/test/wf3/gazebo/agentsd_ws/install/smart_agent_gazebo/share/smart_agent_gazebo/models/aws_robomaker_hospital_curtain_open_01/meshes\n'}
[1.172340] (smart_agent_gazebo) StdoutLine: {'line': b'symbolically linking /home/test/wf3/gazebo/agentsd_ws/build/smart_agent_gazebo/models/aws_robomaker_hospital_curtain_open_01/meshes/aws_robomaker_hospital_curtain_open_01_visual_normal.png -> /home/test/wf3/gazebo/agentsd_ws/install/smart_agent_gazebo/share/smart_agent_gazebo/models/aws_robomaker_hospital_curtain_open_01/meshes\n'}
[1.172645] (smart_agent_gazebo) StdoutLine: {'line': b'symbolically linking /home/test/wf3/gazebo/agentsd_ws/build/smart_agent_gazebo/models/aws_robomaker_hospital_curtain_open_01/meshes/aws_robomaker_hospital_curtainrail_01_visual_normal.png -> /home/test/wf3/gazebo/agentsd_ws/install/smart_agent_gazebo/share/smart_agent_gazebo/models/aws_robomaker_hospital_curtain_open_01/meshes\n'}
[1.172807] (smart_agent_gazebo) StdoutLine: {'line': b'symbolically linking /home/test/wf3/gazebo/agentsd_ws/build/smart_agent_gazebo/models/aws_robomaker_hospital_curtain_open_01/meshes/aws_robomaker_hospital_curtainrail_01_low.png -> /home/test/wf3/gazebo/agentsd_ws/install/smart_agent_gazebo/share/smart_agent_gazebo/models/aws_robomaker_hospital_curtain_open_01/meshes\n'}
[1.172961] (smart_agent_gazebo) StdoutLine: {'line': b'creating /home/test/wf3/gazebo/agentsd_ws/install/smart_agent_gazebo/share/smart_agent_gazebo/models/WhiteChipChair\n'}
[1.173118] (smart_agent_gazebo) StdoutLine: {'line': b'symbolically linking /home/test/wf3/gazebo/agentsd_ws/build/smart_agent_gazebo/models/WhiteChipChair/model.config -> /home/test/wf3/gazebo/agentsd_ws/install/smart_agent_gazebo/share/smart_agent_gazebo/models/WhiteChipChair\n'}
[1.173280] (smart_agent_gazebo) StdoutLine: {'line': b'symbolically linking /home/test/wf3/gazebo/agentsd_ws/build/smart_agent_gazebo/models/WhiteChipChair/model.sdf -> /home/test/wf3/gazebo/agentsd_ws/install/smart_agent_gazebo/share/smart_agent_gazebo/models/WhiteChipChair\n'}
[1.173436] (smart_agent_gazebo) StdoutLine: {'line': b'creating /home/test/wf3/gazebo/agentsd_ws/install/smart_agent_gazebo/share/smart_agent_gazebo/models/WhiteChipChair/thumbnails\n'}
[1.173848] (smart_agent_gazebo) StdoutLine: {'line': b'symbolically linking /home/test/wf3/gazebo/agentsd_ws/build/smart_agent_gazebo/models/WhiteChipChair/thumbnails/2.png -> /home/test/wf3/gazebo/agentsd_ws/install/smart_agent_gazebo/share/smart_agent_gazebo/models/WhiteChipChair/thumbnails\n'}
[1.174011] (smart_agent_gazebo) StdoutLine: {'line': b'symbolically linking /home/test/wf3/gazebo/agentsd_ws/build/smart_agent_gazebo/models/WhiteChipChair/thumbnails/1.png -> /home/test/wf3/gazebo/agentsd_ws/install/smart_agent_gazebo/share/smart_agent_gazebo/models/WhiteChipChair/thumbnails\n'}
[1.174167] (smart_agent_gazebo) StdoutLine: {'line': b'symbolically linking /home/test/wf3/gazebo/agentsd_ws/build/smart_agent_gazebo/models/WhiteChipChair/thumbnails/4.png -> /home/test/wf3/gazebo/agentsd_ws/install/smart_agent_gazebo/share/smart_agent_gazebo/models/WhiteChipChair/thumbnails\n'}
[1.174319] (smart_agent_gazebo) StdoutLine: {'line': b'symbolically linking /home/test/wf3/gazebo/agentsd_ws/build/smart_agent_gazebo/models/WhiteChipChair/thumbnails/3.png -> /home/test/wf3/gazebo/agentsd_ws/install/smart_agent_gazebo/share/smart_agent_gazebo/models/WhiteChipChair/thumbnails\n'}
[1.174471] (smart_agent_gazebo) StdoutLine: {'line': b'symbolically linking /home/test/wf3/gazebo/agentsd_ws/build/smart_agent_gazebo/models/WhiteChipChair/thumbnails/5.png -> /home/test/wf3/gazebo/agentsd_ws/install/smart_agent_gazebo/share/smart_agent_gazebo/models/WhiteChipChair/thumbnails\n'}
[1.174623] (smart_agent_gazebo) StdoutLine: {'line': b'creating /home/test/wf3/gazebo/agentsd_ws/install/smart_agent_gazebo/share/smart_agent_gazebo/models/WhiteChipChair/meshes\n'}
[1.174771] (smart_agent_gazebo) StdoutLine: {'line': b'symbolically linking /home/test/wf3/gazebo/agentsd_ws/build/smart_agent_gazebo/models/WhiteChipChair/meshes/WhiteChipChair.obj -> /home/test/wf3/gazebo/agentsd_ws/install/smart_agent_gazebo/share/smart_agent_gazebo/models/WhiteChipChair/meshes\n'}
[1.175098] (smart_agent_gazebo) StdoutLine: {'line': b'symbolically linking /home/test/wf3/gazebo/agentsd_ws/build/smart_agent_gazebo/models/WhiteChipChair/meshes/WhiteChipChair.mtl -> /home/test/wf3/gazebo/agentsd_ws/install/smart_agent_gazebo/share/smart_agent_gazebo/models/WhiteChipChair/meshes\n'}
[1.175259] (smart_agent_gazebo) StdoutLine: {'line': b'symbolically linking /home/test/wf3/gazebo/agentsd_ws/build/smart_agent_gazebo/models/WhiteChipChair/meshes/WhiteChipChairDiffuse.png -> /home/test/wf3/gazebo/agentsd_ws/install/smart_agent_gazebo/share/smart_agent_gazebo/models/WhiteChipChair/meshes\n'}
[1.175421] (smart_agent_gazebo) StdoutLine: {'line': b'symbolically linking /home/test/wf3/gazebo/agentsd_ws/build/smart_agent_gazebo/models/WhiteChipChair/meshes/WhiteChipChair_Col.mtl -> /home/test/wf3/gazebo/agentsd_ws/install/smart_agent_gazebo/share/smart_agent_gazebo/models/WhiteChipChair/meshes\n'}
[1.175582] (smart_agent_gazebo) StdoutLine: {'line': b'symbolically linking /home/test/wf3/gazebo/agentsd_ws/build/smart_agent_gazebo/models/WhiteChipChair/meshes/WhiteChipChair_Col.obj -> /home/test/wf3/gazebo/agentsd_ws/install/smart_agent_gazebo/share/smart_agent_gazebo/models/WhiteChipChair/meshes\n'}
[1.175996] (smart_agent_gazebo) StdoutLine: {'line': b'creating /home/test/wf3/gazebo/agentsd_ws/install/smart_agent_gazebo/share/smart_agent_gazebo/models/aws_robomaker_residential_LightC_01\n'}
[1.176157] (smart_agent_gazebo) StdoutLine: {'line': b'symbolically linking /home/test/wf3/gazebo/agentsd_ws/build/smart_agent_gazebo/models/aws_robomaker_residential_LightC_01/model.config -> /home/test/wf3/gazebo/agentsd_ws/install/smart_agent_gazebo/share/smart_agent_gazebo/models/aws_robomaker_residential_LightC_01\n'}
[1.176311] (smart_agent_gazebo) StdoutLine: {'line': b'symbolically linking /home/test/wf3/gazebo/agentsd_ws/build/smart_agent_gazebo/models/aws_robomaker_residential_LightC_01/model.sdf -> /home/test/wf3/gazebo/agentsd_ws/install/smart_agent_gazebo/share/smart_agent_gazebo/models/aws_robomaker_residential_LightC_01\n'}
[1.176465] (smart_agent_gazebo) StdoutLine: {'line': b'creating /home/test/wf3/gazebo/agentsd_ws/install/smart_agent_gazebo/share/smart_agent_gazebo/models/aws_robomaker_residential_LightC_01/materials\n'}
[1.176620] (smart_agent_gazebo) StdoutLine: {'line': b'creating /home/test/wf3/gazebo/agentsd_ws/install/smart_agent_gazebo/share/smart_agent_gazebo/models/aws_robomaker_residential_LightC_01/materials/textures\n'}
[1.176770] (smart_agent_gazebo) StdoutLine: {'line': b'symbolically linking /home/test/wf3/gazebo/agentsd_ws/build/smart_agent_gazebo/models/aws_robomaker_residential_LightC_01/materials/textures/aws_LightC_01.png -> /home/test/wf3/gazebo/agentsd_ws/install/smart_agent_gazebo/share/smart_agent_gazebo/models/aws_robomaker_residential_LightC_01/materials/textures\n'}
[1.176922] (smart_agent_gazebo) StdoutLine: {'line': b'creating /home/test/wf3/gazebo/agentsd_ws/install/smart_agent_gazebo/share/smart_agent_gazebo/models/aws_robomaker_residential_LightC_01/meshes\n'}
[1.177071] (smart_agent_gazebo) StdoutLine: {'line': b'symbolically linking /home/test/wf3/gazebo/agentsd_ws/build/smart_agent_gazebo/models/aws_robomaker_residential_LightC_01/meshes/aws_LightC_01_collision.DAE -> /home/test/wf3/gazebo/agentsd_ws/install/smart_agent_gazebo/share/smart_agent_gazebo/models/aws_robomaker_residential_LightC_01/meshes\n'}
[1.177544] (smart_agent_gazebo) StdoutLine: {'line': b'symbolically linking /home/test/wf3/gazebo/agentsd_ws/build/smart_agent_gazebo/models/aws_robomaker_residential_LightC_01/meshes/aws_LightC_01_visual.DAE -> /home/test/wf3/gazebo/agentsd_ws/install/smart_agent_gazebo/share/smart_agent_gazebo/models/aws_robomaker_residential_LightC_01/meshes\n'}
[1.177705] (smart_agent_gazebo) StdoutLine: {'line': b'creating /home/test/wf3/gazebo/agentsd_ws/install/smart_agent_gazebo/share/smart_agent_gazebo/models/Toilet\n'}
[1.177855] (smart_agent_gazebo) StdoutLine: {'line': b'symbolically linking /home/test/wf3/gazebo/agentsd_ws/build/smart_agent_gazebo/models/Toilet/model.config -> /home/test/wf3/gazebo/agentsd_ws/install/smart_agent_gazebo/share/smart_agent_gazebo/models/Toilet\n'}
[1.178154] (smart_agent_gazebo) StdoutLine: {'line': b'symbolically linking /home/test/wf3/gazebo/agentsd_ws/build/smart_agent_gazebo/models/Toilet/model.sdf -> /home/test/wf3/gazebo/agentsd_ws/install/smart_agent_gazebo/share/smart_agent_gazebo/models/Toilet\n'}
[1.178309] (smart_agent_gazebo) StdoutLine: {'line': b'creating /home/test/wf3/gazebo/agentsd_ws/install/smart_agent_gazebo/share/smart_agent_gazebo/models/Toilet/thumbnails\n'}
[1.178461] (smart_agent_gazebo) StdoutLine: {'line': b'symbolically linking /home/test/wf3/gazebo/agentsd_ws/build/smart_agent_gazebo/models/Toilet/thumbnails/2.png -> /home/test/wf3/gazebo/agentsd_ws/install/smart_agent_gazebo/share/smart_agent_gazebo/models/Toilet/thumbnails\n'}
[1.178617] (smart_agent_gazebo) StdoutLine: {'line': b'symbolically linking /home/test/wf3/gazebo/agentsd_ws/build/smart_agent_gazebo/models/Toilet/thumbnails/1.png -> /home/test/wf3/gazebo/agentsd_ws/install/smart_agent_gazebo/share/smart_agent_gazebo/models/Toilet/thumbnails\n'}
[1.178772] (smart_agent_gazebo) StdoutLine: {'line': b'symbolically linking /home/test/wf3/gazebo/agentsd_ws/build/smart_agent_gazebo/models/Toilet/thumbnails/4.png -> /home/test/wf3/gazebo/agentsd_ws/install/smart_agent_gazebo/share/smart_agent_gazebo/models/Toilet/thumbnails\n'}
[1.178923] (smart_agent_gazebo) StdoutLine: {'line': b'symbolically linking /home/test/wf3/gazebo/agentsd_ws/build/smart_agent_gazebo/models/Toilet/thumbnails/3.png -> /home/test/wf3/gazebo/agentsd_ws/install/smart_agent_gazebo/share/smart_agent_gazebo/models/Toilet/thumbnails\n'}
[1.179070] (smart_agent_gazebo) StdoutLine: {'line': b'symbolically linking /home/test/wf3/gazebo/agentsd_ws/build/smart_agent_gazebo/models/Toilet/thumbnails/5.png -> /home/test/wf3/gazebo/agentsd_ws/install/smart_agent_gazebo/share/smart_agent_gazebo/models/Toilet/thumbnails\n'}
[1.179217] (smart_agent_gazebo) StdoutLine: {'line': b'creating /home/test/wf3/gazebo/agentsd_ws/install/smart_agent_gazebo/share/smart_agent_gazebo/models/Toilet/meshes\n'}
[1.179625] (smart_agent_gazebo) StdoutLine: {'line': b'symbolically linking /home/test/wf3/gazebo/agentsd_ws/build/smart_agent_gazebo/models/Toilet/meshes/toilet.mtl -> /home/test/wf3/gazebo/agentsd_ws/install/smart_agent_gazebo/share/smart_agent_gazebo/models/Toilet/meshes\n'}
[1.179796] (smart_agent_gazebo) StdoutLine: {'line': b'symbolically linking /home/test/wf3/gazebo/agentsd_ws/build/smart_agent_gazebo/models/Toilet/meshes/toilet.obj -> /home/test/wf3/gazebo/agentsd_ws/install/smart_agent_gazebo/share/smart_agent_gazebo/models/Toilet/meshes\n'}
[1.179957] (smart_agent_gazebo) StdoutLine: {'line': b'creating /home/test/wf3/gazebo/agentsd_ws/install/smart_agent_gazebo/share/smart_agent_gazebo/models/aws_robomaker_hospital_floor_02_floor\n'}
[1.180117] (smart_agent_gazebo) StdoutLine: {'line': b'symbolically linking /home/test/wf3/gazebo/agentsd_ws/build/smart_agent_gazebo/models/aws_robomaker_hospital_floor_02_floor/model.config -> /home/test/wf3/gazebo/agentsd_ws/install/smart_agent_gazebo/share/smart_agent_gazebo/models/aws_robomaker_hospital_floor_02_floor\n'}
[1.180272] (smart_agent_gazebo) StdoutLine: {'line': b'symbolically linking /home/test/wf3/gazebo/agentsd_ws/build/smart_agent_gazebo/models/aws_robomaker_hospital_floor_02_floor/model.sdf -> /home/test/wf3/gazebo/agentsd_ws/install/smart_agent_gazebo/share/smart_agent_gazebo/models/aws_robomaker_hospital_floor_02_floor\n'}
[1.180425] (smart_agent_gazebo) StdoutLine: {'line': b'creating /home/test/wf3/gazebo/agentsd_ws/install/smart_agent_gazebo/share/smart_agent_gazebo/models/aws_robomaker_hospital_floor_02_floor/meshes\n'}
[1.180580] (smart_agent_gazebo) StdoutLine: {'line': b'symbolically linking /home/test/wf3/gazebo/agentsd_ws/build/smart_agent_gazebo/models/aws_robomaker_hospital_floor_02_floor/meshes/aws_robomaker_hospital_floor_02_floor_collision.dae -> /home/test/wf3/gazebo/agentsd_ws/install/smart_agent_gazebo/share/smart_agent_gazebo/models/aws_robomaker_hospital_floor_02_floor/meshes\n'}
[1.181002] (smart_agent_gazebo) StdoutLine: {'line': b'symbolically linking /home/test/wf3/gazebo/agentsd_ws/build/smart_agent_gazebo/models/aws_robomaker_hospital_floor_02_floor/meshes/aws_robomaker_hospital_floor_02_floor.png -> /home/test/wf3/gazebo/agentsd_ws/install/smart_agent_gazebo/share/smart_agent_gazebo/models/aws_robomaker_hospital_floor_02_floor/meshes\n'}
[1.182372] (smart_agent_gazebo) StdoutLine: {'line': b'symbolically linking /home/test/wf3/gazebo/agentsd_ws/build/smart_agent_gazebo/models/aws_robomaker_hospital_floor_02_floor/meshes/aws_robomaker_hospital_floor_02_floor_normal.png -> /home/test/wf3/gazebo/agentsd_ws/install/smart_agent_gazebo/share/smart_agent_gazebo/models/aws_robomaker_hospital_floor_02_floor/meshes\n'}
[1.182586] (smart_agent_gazebo) StdoutLine: {'line': b'symbolically linking /home/test/wf3/gazebo/agentsd_ws/build/smart_agent_gazebo/models/aws_robomaker_hospital_floor_02_floor/meshes/aws_robomaker_hospital_floor_02_floor_visual.dae -> /home/test/wf3/gazebo/agentsd_ws/install/smart_agent_gazebo/share/smart_agent_gazebo/models/aws_robomaker_hospital_floor_02_floor/meshes\n'}
[1.182748] (smart_agent_gazebo) StdoutLine: {'line': b'creating /home/test/wf3/gazebo/agentsd_ws/install/smart_agent_gazebo/share/smart_agent_gazebo/models/aws_robomaker_retail_BookshelfB_01\n'}
[1.182904] (smart_agent_gazebo) StdoutLine: {'line': b'symbolically linking /home/test/wf3/gazebo/agentsd_ws/build/smart_agent_gazebo/models/aws_robomaker_retail_BookshelfB_01/model.config -> /home/test/wf3/gazebo/agentsd_ws/install/smart_agent_gazebo/share/smart_agent_gazebo/models/aws_robomaker_retail_BookshelfB_01\n'}
[1.183057] (smart_agent_gazebo) StdoutLine: {'line': b'symbolically linking /home/test/wf3/gazebo/agentsd_ws/build/smart_agent_gazebo/models/aws_robomaker_retail_BookshelfB_01/model.sdf -> /home/test/wf3/gazebo/agentsd_ws/install/smart_agent_gazebo/share/smart_agent_gazebo/models/aws_robomaker_retail_BookshelfB_01\n'}
[1.183206] (smart_agent_gazebo) StdoutLine: {'line': b'creating /home/test/wf3/gazebo/agentsd_ws/install/smart_agent_gazebo/share/smart_agent_gazebo/models/aws_robomaker_retail_BookshelfB_01/materials\n'}
[1.183358] (smart_agent_gazebo) StdoutLine: {'line': b'creating /home/test/wf3/gazebo/agentsd_ws/install/smart_agent_gazebo/share/smart_agent_gazebo/models/aws_robomaker_retail_BookshelfB_01/materials/textures\n'}
[1.183505] (smart_agent_gazebo) StdoutLine: {'line': b'symbolically linking /home/test/wf3/gazebo/agentsd_ws/build/smart_agent_gazebo/models/aws_robomaker_retail_BookshelfB_01/materials/textures/aws_BookshelfB_01.png -> /home/test/wf3/gazebo/agentsd_ws/install/smart_agent_gazebo/share/smart_agent_gazebo/models/aws_robomaker_retail_BookshelfB_01/materials/textures\n'}
[1.183725] (smart_agent_gazebo) StdoutLine: {'line': b'symbolically linking /home/test/wf3/gazebo/agentsd_ws/build/smart_agent_gazebo/models/aws_robomaker_retail_BookshelfB_01/materials/textures/aws_BookshelfB_02.png -> /home/test/wf3/gazebo/agentsd_ws/install/smart_agent_gazebo/share/smart_agent_gazebo/models/aws_robomaker_retail_BookshelfB_01/materials/textures\n'}
[1.184132] (smart_agent_gazebo) StdoutLine: {'line': b'creating /home/test/wf3/gazebo/agentsd_ws/install/smart_agent_gazebo/share/smart_agent_gazebo/models/aws_robomaker_retail_BookshelfB_01/meshes\n'}
[1.184286] (smart_agent_gazebo) StdoutLine: {'line': b'symbolically linking /home/test/wf3/gazebo/agentsd_ws/build/smart_agent_gazebo/models/aws_robomaker_retail_BookshelfB_01/meshes/aws_BookshelfB_01_visual.DAE -> /home/test/wf3/gazebo/agentsd_ws/install/smart_agent_gazebo/share/smart_agent_gazebo/models/aws_robomaker_retail_BookshelfB_01/meshes\n'}
[1.184443] (smart_agent_gazebo) StdoutLine: {'line': b'symbolically linking /home/test/wf3/gazebo/agentsd_ws/build/smart_agent_gazebo/models/aws_robomaker_retail_BookshelfB_01/meshes/aws_BookshelfB_01_collision.DAE -> /home/test/wf3/gazebo/agentsd_ws/install/smart_agent_gazebo/share/smart_agent_gazebo/models/aws_robomaker_retail_BookshelfB_01/meshes\n'}
[1.184755] (smart_agent_gazebo) StdoutLine: {'line': b'creating /home/test/wf3/gazebo/agentsd_ws/install/smart_agent_gazebo/share/smart_agent_gazebo/models/aws_robomaker_residential_Quilt_01\n'}
[1.184909] (smart_agent_gazebo) StdoutLine: {'line': b'symbolically linking /home/test/wf3/gazebo/agentsd_ws/build/smart_agent_gazebo/models/aws_robomaker_residential_Quilt_01/model.config -> /home/test/wf3/gazebo/agentsd_ws/install/smart_agent_gazebo/share/smart_agent_gazebo/models/aws_robomaker_residential_Quilt_01\n'}
[1.185064] (smart_agent_gazebo) StdoutLine: {'line': b'symbolically linking /home/test/wf3/gazebo/agentsd_ws/build/smart_agent_gazebo/models/aws_robomaker_residential_Quilt_01/model.sdf -> /home/test/wf3/gazebo/agentsd_ws/install/smart_agent_gazebo/share/smart_agent_gazebo/models/aws_robomaker_residential_Quilt_01\n'}
[1.185215] (smart_agent_gazebo) StdoutLine: {'line': b'creating /home/test/wf3/gazebo/agentsd_ws/install/smart_agent_gazebo/share/smart_agent_gazebo/models/aws_robomaker_residential_Quilt_01/materials\n'}
[1.185368] (smart_agent_gazebo) StdoutLine: {'line': b'creating /home/test/wf3/gazebo/agentsd_ws/install/smart_agent_gazebo/share/smart_agent_gazebo/models/aws_robomaker_residential_Quilt_01/materials/textures\n'}
[1.185514] (smart_agent_gazebo) StdoutLine: {'line': b'symbolically linking /home/test/wf3/gazebo/agentsd_ws/build/smart_agent_gazebo/models/aws_robomaker_residential_Quilt_01/materials/textures/aws_Quilt_01.png -> /home/test/wf3/gazebo/agentsd_ws/install/smart_agent_gazebo/share/smart_agent_gazebo/models/aws_robomaker_residential_Quilt_01/materials/textures\n'}
[1.186216] (smart_agent_gazebo) StdoutLine: {'line': b'creating /home/test/wf3/gazebo/agentsd_ws/install/smart_agent_gazebo/share/smart_agent_gazebo/models/aws_robomaker_residential_Quilt_01/meshes\n'}
[1.186372] (smart_agent_gazebo) StdoutLine: {'line': b'symbolically linking /home/test/wf3/gazebo/agentsd_ws/build/smart_agent_gazebo/models/aws_robomaker_residential_Quilt_01/meshes/aws_Quilt_01_collision.DAE -> /home/test/wf3/gazebo/agentsd_ws/install/smart_agent_gazebo/share/smart_agent_gazebo/models/aws_robomaker_residential_Quilt_01/meshes\n'}
[1.186526] (smart_agent_gazebo) StdoutLine: {'line': b'symbolically linking /home/test/wf3/gazebo/agentsd_ws/build/smart_agent_gazebo/models/aws_robomaker_residential_Quilt_01/meshes/aws_Quilt_01_visual.DAE -> /home/test/wf3/gazebo/agentsd_ws/install/smart_agent_gazebo/share/smart_agent_gazebo/models/aws_robomaker_residential_Quilt_01/meshes\n'}
[1.186674] (smart_agent_gazebo) StdoutLine: {'line': b'creating /home/test/wf3/gazebo/agentsd_ws/install/smart_agent_gazebo/share/smart_agent_gazebo/models/aws_robomaker_residential_RoomCeiling_01\n'}
[1.186821] (smart_agent_gazebo) StdoutLine: {'line': b'symbolically linking /home/test/wf3/gazebo/agentsd_ws/build/smart_agent_gazebo/models/aws_robomaker_residential_RoomCeiling_01/model.config -> /home/test/wf3/gazebo/agentsd_ws/install/smart_agent_gazebo/share/smart_agent_gazebo/models/aws_robomaker_residential_RoomCeiling_01\n'}
[1.186970] (smart_agent_gazebo) StdoutLine: {'line': b'symbolically linking /home/test/wf3/gazebo/agentsd_ws/build/smart_agent_gazebo/models/aws_robomaker_residential_RoomCeiling_01/model.sdf -> /home/test/wf3/gazebo/agentsd_ws/install/smart_agent_gazebo/share/smart_agent_gazebo/models/aws_robomaker_residential_RoomCeiling_01\n'}
[1.187119] (smart_agent_gazebo) StdoutLine: {'line': b'creating /home/test/wf3/gazebo/agentsd_ws/install/smart_agent_gazebo/share/smart_agent_gazebo/models/aws_robomaker_residential_RoomCeiling_01/materials\n'}
[1.187269] (smart_agent_gazebo) StdoutLine: {'line': b'creating /home/test/wf3/gazebo/agentsd_ws/install/smart_agent_gazebo/share/smart_agent_gazebo/models/aws_robomaker_residential_RoomCeiling_01/materials/textures\n'}
[1.187420] (smart_agent_gazebo) StdoutLine: {'line': b'symbolically linking /home/test/wf3/gazebo/agentsd_ws/build/smart_agent_gazebo/models/aws_robomaker_residential_RoomCeiling_01/materials/textures/aws_RoomCeiling_01.png -> /home/test/wf3/gazebo/agentsd_ws/install/smart_agent_gazebo/share/smart_agent_gazebo/models/aws_robomaker_residential_RoomCeiling_01/materials/textures\n'}
[1.187869] (smart_agent_gazebo) StdoutLine: {'line': b'creating /home/test/wf3/gazebo/agentsd_ws/install/smart_agent_gazebo/share/smart_agent_gazebo/models/aws_robomaker_residential_RoomCeiling_01/meshes\n'}
[1.188042] (smart_agent_gazebo) StdoutLine: {'line': b'symbolically linking /home/test/wf3/gazebo/agentsd_ws/build/smart_agent_gazebo/models/aws_robomaker_residential_RoomCeiling_01/meshes/aws_RoomCeiling_01_collision.DAE -> /home/test/wf3/gazebo/agentsd_ws/install/smart_agent_gazebo/share/smart_agent_gazebo/models/aws_robomaker_residential_RoomCeiling_01/meshes\n'}
[1.188205] (smart_agent_gazebo) StdoutLine: {'line': b'symbolically linking /home/test/wf3/gazebo/agentsd_ws/build/smart_agent_gazebo/models/aws_robomaker_residential_RoomCeiling_01/meshes/aws_RoomCeiling_01_visual.DAE -> /home/test/wf3/gazebo/agentsd_ws/install/smart_agent_gazebo/share/smart_agent_gazebo/models/aws_robomaker_residential_RoomCeiling_01/meshes\n'}
[1.188358] (smart_agent_gazebo) StdoutLine: {'line': b'creating /home/test/wf3/gazebo/agentsd_ws/install/smart_agent_gazebo/share/smart_agent_gazebo/models/aws_robomaker_hospital_floor_01_walls\n'}
[1.188513] (smart_agent_gazebo) StdoutLine: {'line': b'symbolically linking /home/test/wf3/gazebo/agentsd_ws/build/smart_agent_gazebo/models/aws_robomaker_hospital_floor_01_walls/aws_robomaker_hospital_floor_01_handrail.png -> /home/test/wf3/gazebo/agentsd_ws/install/smart_agent_gazebo/share/smart_agent_gazebo/models/aws_robomaker_hospital_floor_01_walls\n'}
[1.188663] (smart_agent_gazebo) StdoutLine: {'line': b'symbolically linking /home/test/wf3/gazebo/agentsd_ws/build/smart_agent_gazebo/models/aws_robomaker_hospital_floor_01_walls/aws_robomaker_hospital_floor_01_walls.png -> /home/test/wf3/gazebo/agentsd_ws/install/smart_agent_gazebo/share/smart_agent_gazebo/models/aws_robomaker_hospital_floor_01_walls\n'}
[1.188811] (smart_agent_gazebo) StdoutLine: {'line': b'symbolically linking /home/test/wf3/gazebo/agentsd_ws/build/smart_agent_gazebo/models/aws_robomaker_hospital_floor_01_walls/aws_robomaker_hospital_floor_01_stairs.png -> /home/test/wf3/gazebo/agentsd_ws/install/smart_agent_gazebo/share/smart_agent_gazebo/models/aws_robomaker_hospital_floor_01_walls\n'}
[1.189401] (smart_agent_gazebo) StdoutLine: {'line': b'symbolically linking /home/test/wf3/gazebo/agentsd_ws/build/smart_agent_gazebo/models/aws_robomaker_hospital_floor_01_walls/aws_robomaker_hospital_floor_01_doorframes_big.png -> /home/test/wf3/gazebo/agentsd_ws/install/smart_agent_gazebo/share/smart_agent_gazebo/models/aws_robomaker_hospital_floor_01_walls\n'}
[1.189556] (smart_agent_gazebo) StdoutLine: {'line': b'symbolically linking /home/test/wf3/gazebo/agentsd_ws/build/smart_agent_gazebo/models/aws_robomaker_hospital_floor_01_walls/model.config -> /home/test/wf3/gazebo/agentsd_ws/install/smart_agent_gazebo/share/smart_agent_gazebo/models/aws_robomaker_hospital_floor_01_walls\n'}
[1.189707] (smart_agent_gazebo) StdoutLine: {'line': b'symbolically linking /home/test/wf3/gazebo/agentsd_ws/build/smart_agent_gazebo/models/aws_robomaker_hospital_floor_01_walls/aws_robomaker_hospital_floor_01_doorsign.png -> /home/test/wf3/gazebo/agentsd_ws/install/smart_agent_gazebo/share/smart_agent_gazebo/models/aws_robomaker_hospital_floor_01_walls\n'}
[1.189858] (smart_agent_gazebo) StdoutLine: {'line': b'symbolically linking /home/test/wf3/gazebo/agentsd_ws/build/smart_agent_gazebo/models/aws_robomaker_hospital_floor_01_walls/aws_robomaker_hospital_floor_01_windows.png -> /home/test/wf3/gazebo/agentsd_ws/install/smart_agent_gazebo/share/smart_agent_gazebo/models/aws_robomaker_hospital_floor_01_walls\n'}
[1.190005] (smart_agent_gazebo) StdoutLine: {'line': b'symbolically linking /home/test/wf3/gazebo/agentsd_ws/build/smart_agent_gazebo/models/aws_robomaker_hospital_floor_01_walls/model.sdf -> /home/test/wf3/gazebo/agentsd_ws/install/smart_agent_gazebo/share/smart_agent_gazebo/models/aws_robomaker_hospital_floor_01_walls\n'}
[1.190362] (smart_agent_gazebo) StdoutLine: {'line': b'symbolically linking /home/test/wf3/gazebo/agentsd_ws/build/smart_agent_gazebo/models/aws_robomaker_hospital_floor_01_walls/aws_robomaker_hospital_floor_01_bumprail.png -> /home/test/wf3/gazebo/agentsd_ws/install/smart_agent_gazebo/share/smart_agent_gazebo/models/aws_robomaker_hospital_floor_01_walls\n'}
[1.190518] (smart_agent_gazebo) StdoutLine: {'line': b'symbolically linking /home/test/wf3/gazebo/agentsd_ws/build/smart_agent_gazebo/models/aws_robomaker_hospital_floor_01_walls/aws_robomaker_hospital_floor_01_doorframes_small.png -> /home/test/wf3/gazebo/agentsd_ws/install/smart_agent_gazebo/share/smart_agent_gazebo/models/aws_robomaker_hospital_floor_01_walls\n'}
[1.190809] (smart_agent_gazebo) StdoutLine: {'line': b'creating /home/test/wf3/gazebo/agentsd_ws/install/smart_agent_gazebo/share/smart_agent_gazebo/models/aws_robomaker_hospital_floor_01_walls/meshes\n'}
[1.190964] (smart_agent_gazebo) StdoutLine: {'line': b'symbolically linking /home/test/wf3/gazebo/agentsd_ws/build/smart_agent_gazebo/models/aws_robomaker_hospital_floor_01_walls/meshes/aws_robomaker_hospital_floor_01_handrail.png -> /home/test/wf3/gazebo/agentsd_ws/install/smart_agent_gazebo/share/smart_agent_gazebo/models/aws_robomaker_hospital_floor_01_walls/meshes\n'}
[1.191120] (smart_agent_gazebo) StdoutLine: {'line': b'symbolically linking /home/test/wf3/gazebo/agentsd_ws/build/smart_agent_gazebo/models/aws_robomaker_hospital_floor_01_walls/meshes/aws_robomaker_hospital_floor_01_walls.png -> /home/test/wf3/gazebo/agentsd_ws/install/smart_agent_gazebo/share/smart_agent_gazebo/models/aws_robomaker_hospital_floor_01_walls/meshes\n'}
[1.191270] (smart_agent_gazebo) StdoutLine: {'line': b'symbolically linking /home/test/wf3/gazebo/agentsd_ws/build/smart_agent_gazebo/models/aws_robomaker_hospital_floor_01_walls/meshes/aws_robomaker_hospital_floor_01_stairs.png -> /home/test/wf3/gazebo/agentsd_ws/install/smart_agent_gazebo/share/smart_agent_gazebo/models/aws_robomaker_hospital_floor_01_walls/meshes\n'}
[1.191415] (smart_agent_gazebo) StdoutLine: {'line': b'symbolically linking /home/test/wf3/gazebo/agentsd_ws/build/smart_agent_gazebo/models/aws_robomaker_hospital_floor_01_walls/meshes/aws_robomaker_hospital_floor_01_walls_collision.dae -> /home/test/wf3/gazebo/agentsd_ws/install/smart_agent_gazebo/share/smart_agent_gazebo/models/aws_robomaker_hospital_floor_01_walls/meshes\n'}
[1.191558] (smart_agent_gazebo) StdoutLine: {'line': b'symbolically linking /home/test/wf3/gazebo/agentsd_ws/build/smart_agent_gazebo/models/aws_robomaker_hospital_floor_01_walls/meshes/aws_robomaker_hospital_floor_01_doorframes_big.png -> /home/test/wf3/gazebo/agentsd_ws/install/smart_agent_gazebo/share/smart_agent_gazebo/models/aws_robomaker_hospital_floor_01_walls/meshes\n'}
[1.191722] (smart_agent_gazebo) StdoutLine: {'line': b'symbolically linking /home/test/wf3/gazebo/agentsd_ws/build/smart_agent_gazebo/models/aws_robomaker_hospital_floor_01_walls/meshes/aws_robomaker_hospital_floor_01_doorsign.png -> /home/test/wf3/gazebo/agentsd_ws/install/smart_agent_gazebo/share/smart_agent_gazebo/models/aws_robomaker_hospital_floor_01_walls/meshes\n'}
[1.192432] (smart_agent_gazebo) StdoutLine: {'line': b'symbolically linking /home/test/wf3/gazebo/agentsd_ws/build/smart_agent_gazebo/models/aws_robomaker_hospital_floor_01_walls/meshes/aws_robomaker_hospital_floor_01_windows.png -> /home/test/wf3/gazebo/agentsd_ws/install/smart_agent_gazebo/share/smart_agent_gazebo/models/aws_robomaker_hospital_floor_01_walls/meshes\n'}
[1.192593] (smart_agent_gazebo) StdoutLine: {'line': b'symbolically linking /home/test/wf3/gazebo/agentsd_ws/build/smart_agent_gazebo/models/aws_robomaker_hospital_floor_01_walls/meshes/aws_robomaker_hospital_floor_01_walls_visual.dae -> /home/test/wf3/gazebo/agentsd_ws/install/smart_agent_gazebo/share/smart_agent_gazebo/models/aws_robomaker_hospital_floor_01_walls/meshes\n'}
[1.192753] (smart_agent_gazebo) StdoutLine: {'line': b'symbolically linking /home/test/wf3/gazebo/agentsd_ws/build/smart_agent_gazebo/models/aws_robomaker_hospital_floor_01_walls/meshes/aws_robomaker_hospital_floor_01_bumprail.png -> /home/test/wf3/gazebo/agentsd_ws/install/smart_agent_gazebo/share/smart_agent_gazebo/models/aws_robomaker_hospital_floor_01_walls/meshes\n'}
[1.192960] (smart_agent_gazebo) StdoutLine: {'line': b'symbolically linking /home/test/wf3/gazebo/agentsd_ws/build/smart_agent_gazebo/models/aws_robomaker_hospital_floor_01_walls/meshes/aws_robomaker_hospital_floor_01_doorframes_small.png -> /home/test/wf3/gazebo/agentsd_ws/install/smart_agent_gazebo/share/smart_agent_gazebo/models/aws_robomaker_hospital_floor_01_walls/meshes\n'}
[1.193116] (smart_agent_gazebo) StdoutLine: {'line': b'creating /home/test/wf3/gazebo/agentsd_ws/install/smart_agent_gazebo/share/smart_agent_gazebo/models/aws_robomaker_warehouse_ClutteringA_01\n'}
[1.193275] (smart_agent_gazebo) StdoutLine: {'line': b'symbolically linking /home/test/wf3/gazebo/agentsd_ws/build/smart_agent_gazebo/models/aws_robomaker_warehouse_ClutteringA_01/model.config -> /home/test/wf3/gazebo/agentsd_ws/install/smart_agent_gazebo/share/smart_agent_gazebo/models/aws_robomaker_warehouse_ClutteringA_01\n'}
[1.193430] (smart_agent_gazebo) StdoutLine: {'line': b'symbolically linking /home/test/wf3/gazebo/agentsd_ws/build/smart_agent_gazebo/models/aws_robomaker_warehouse_ClutteringA_01/model.sdf -> /home/test/wf3/gazebo/agentsd_ws/install/smart_agent_gazebo/share/smart_agent_gazebo/models/aws_robomaker_warehouse_ClutteringA_01\n'}
[1.193706] (smart_agent_gazebo) StdoutLine: {'line': b'creating /home/test/wf3/gazebo/agentsd_ws/install/smart_agent_gazebo/share/smart_agent_gazebo/models/aws_robomaker_warehouse_ClutteringA_01/materials\n'}
[1.193858] (smart_agent_gazebo) StdoutLine: {'line': b'creating /home/test/wf3/gazebo/agentsd_ws/install/smart_agent_gazebo/share/smart_agent_gazebo/models/aws_robomaker_warehouse_ClutteringA_01/materials/textures\n'}
[1.194008] (smart_agent_gazebo) StdoutLine: {'line': b'symbolically linking /home/test/wf3/gazebo/agentsd_ws/build/smart_agent_gazebo/models/aws_robomaker_warehouse_ClutteringA_01/materials/textures/aws_robomaker_warehouse_ClutteringA_02.png -> /home/test/wf3/gazebo/agentsd_ws/install/smart_agent_gazebo/share/smart_agent_gazebo/models/aws_robomaker_warehouse_ClutteringA_01/materials/textures\n'}
[1.194158] (smart_agent_gazebo) StdoutLine: {'line': b'symbolically linking /home/test/wf3/gazebo/agentsd_ws/build/smart_agent_gazebo/models/aws_robomaker_warehouse_ClutteringA_01/materials/textures/aws_robomaker_warehouse_ClutteringA_03.png -> /home/test/wf3/gazebo/agentsd_ws/install/smart_agent_gazebo/share/smart_agent_gazebo/models/aws_robomaker_warehouse_ClutteringA_01/materials/textures\n'}
[1.194305] (smart_agent_gazebo) StdoutLine: {'line': b'symbolically linking /home/test/wf3/gazebo/agentsd_ws/build/smart_agent_gazebo/models/aws_robomaker_warehouse_ClutteringA_01/materials/textures/aws_robomaker_warehouse_ClutteringA_01.png -> /home/test/wf3/gazebo/agentsd_ws/install/smart_agent_gazebo/share/smart_agent_gazebo/models/aws_robomaker_warehouse_ClutteringA_01/materials/textures\n'}
[1.194457] (smart_agent_gazebo) StdoutLine: {'line': b'creating /home/test/wf3/gazebo/agentsd_ws/install/smart_agent_gazebo/share/smart_agent_gazebo/models/aws_robomaker_warehouse_ClutteringA_01/meshes\n'}
[1.194612] (smart_agent_gazebo) StdoutLine: {'line': b'symbolically linking /home/test/wf3/gazebo/agentsd_ws/build/smart_agent_gazebo/models/aws_robomaker_warehouse_ClutteringA_01/meshes/aws_robomaker_warehouse_ClutteringA_01_visual.DAE -> /home/test/wf3/gazebo/agentsd_ws/install/smart_agent_gazebo/share/smart_agent_gazebo/models/aws_robomaker_warehouse_ClutteringA_01/meshes\n'}
[1.194763] (smart_agent_gazebo) StdoutLine: {'line': b'symbolically linking /home/test/wf3/gazebo/agentsd_ws/build/smart_agent_gazebo/models/aws_robomaker_warehouse_ClutteringA_01/meshes/aws_robomaker_warehouse_ClutteringA_01_collision.DAE -> /home/test/wf3/gazebo/agentsd_ws/install/smart_agent_gazebo/share/smart_agent_gazebo/models/aws_robomaker_warehouse_ClutteringA_01/meshes\n'}
[1.195061] (smart_agent_gazebo) StdoutLine: {'line': b'creating /home/test/wf3/gazebo/agentsd_ws/install/smart_agent_gazebo/share/smart_agent_gazebo/models/VendingMachine\n'}
[1.195483] (smart_agent_gazebo) StdoutLine: {'line': b'symbolically linking /home/test/wf3/gazebo/agentsd_ws/build/smart_agent_gazebo/models/VendingMachine/model.config -> /home/test/wf3/gazebo/agentsd_ws/install/smart_agent_gazebo/share/smart_agent_gazebo/models/VendingMachine\n'}
[1.195852] (smart_agent_gazebo) StdoutLine: {'line': b'symbolically linking /home/test/wf3/gazebo/agentsd_ws/build/smart_agent_gazebo/models/VendingMachine/model.sdf -> /home/test/wf3/gazebo/agentsd_ws/install/smart_agent_gazebo/share/smart_agent_gazebo/models/VendingMachine\n'}
[1.196127] (smart_agent_gazebo) StdoutLine: {'line': b'creating /home/test/wf3/gazebo/agentsd_ws/install/smart_agent_gazebo/share/smart_agent_gazebo/models/VendingMachine/thumbnails\n'}
[1.196278] (smart_agent_gazebo) StdoutLine: {'line': b'symbolically linking /home/test/wf3/gazebo/agentsd_ws/build/smart_agent_gazebo/models/VendingMachine/thumbnails/2.png -> /home/test/wf3/gazebo/agentsd_ws/install/smart_agent_gazebo/share/smart_agent_gazebo/models/VendingMachine/thumbnails\n'}
[1.196430] (smart_agent_gazebo) StdoutLine: {'line': b'symbolically linking /home/test/wf3/gazebo/agentsd_ws/build/smart_agent_gazebo/models/VendingMachine/thumbnails/1.png -> /home/test/wf3/gazebo/agentsd_ws/install/smart_agent_gazebo/share/smart_agent_gazebo/models/VendingMachine/thumbnails\n'}
[1.196586] (smart_agent_gazebo) StdoutLine: {'line': b'symbolically linking /home/test/wf3/gazebo/agentsd_ws/build/smart_agent_gazebo/models/VendingMachine/thumbnails/4.png -> /home/test/wf3/gazebo/agentsd_ws/install/smart_agent_gazebo/share/smart_agent_gazebo/models/VendingMachine/thumbnails\n'}
[1.196738] (smart_agent_gazebo) StdoutLine: {'line': b'symbolically linking /home/test/wf3/gazebo/agentsd_ws/build/smart_agent_gazebo/models/VendingMachine/thumbnails/3.png -> /home/test/wf3/gazebo/agentsd_ws/install/smart_agent_gazebo/share/smart_agent_gazebo/models/VendingMachine/thumbnails\n'}
[1.196963] (smart_agent_gazebo) StdoutLine: {'line': b'symbolically linking /home/test/wf3/gazebo/agentsd_ws/build/smart_agent_gazebo/models/VendingMachine/thumbnails/5.png -> /home/test/wf3/gazebo/agentsd_ws/install/smart_agent_gazebo/share/smart_agent_gazebo/models/VendingMachine/thumbnails\n'}
[1.197117] (smart_agent_gazebo) StdoutLine: {'line': b'creating /home/test/wf3/gazebo/agentsd_ws/install/smart_agent_gazebo/share/smart_agent_gazebo/models/VendingMachine/meshes\n'}
[1.197266] (smart_agent_gazebo) StdoutLine: {'line': b'symbolically linking /home/test/wf3/gazebo/agentsd_ws/build/smart_agent_gazebo/models/VendingMachine/meshes/VendingMachine_Diffuse.png -> /home/test/wf3/gazebo/agentsd_ws/install/smart_agent_gazebo/share/smart_agent_gazebo/models/VendingMachine/meshes\n'}
[1.197413] (smart_agent_gazebo) StdoutLine: {'line': b'symbolically linking /home/test/wf3/gazebo/agentsd_ws/build/smart_agent_gazebo/models/VendingMachine/meshes/VendingMachine.mtl -> /home/test/wf3/gazebo/agentsd_ws/install/smart_agent_gazebo/share/smart_agent_gazebo/models/VendingMachine/meshes\n'}
[1.197560] (smart_agent_gazebo) StdoutLine: {'line': b'symbolically linking /home/test/wf3/gazebo/agentsd_ws/build/smart_agent_gazebo/models/VendingMachine/meshes/VendingMachine.obj -> /home/test/wf3/gazebo/agentsd_ws/install/smart_agent_gazebo/share/smart_agent_gazebo/models/VendingMachine/meshes\n'}
[1.197707] (smart_agent_gazebo) StdoutLine: {'line': b'creating /home/test/wf3/gazebo/agentsd_ws/install/smart_agent_gazebo/share/smart_agent_gazebo/models/aws_robomaker_residential_Refrigerator_01\n'}
[1.197854] (smart_agent_gazebo) StdoutLine: {'line': b'symbolically linking /home/test/wf3/gazebo/agentsd_ws/build/smart_agent_gazebo/models/aws_robomaker_residential_Refrigerator_01/model.config -> /home/test/wf3/gazebo/agentsd_ws/install/smart_agent_gazebo/share/smart_agent_gazebo/models/aws_robomaker_residential_Refrigerator_01\n'}
[1.198002] (smart_agent_gazebo) StdoutLine: {'line': b'symbolically linking /home/test/wf3/gazebo/agentsd_ws/build/smart_agent_gazebo/models/aws_robomaker_residential_Refrigerator_01/model.sdf -> /home/test/wf3/gazebo/agentsd_ws/install/smart_agent_gazebo/share/smart_agent_gazebo/models/aws_robomaker_residential_Refrigerator_01\n'}
[1.198307] (smart_agent_gazebo) StdoutLine: {'line': b'creating /home/test/wf3/gazebo/agentsd_ws/install/smart_agent_gazebo/share/smart_agent_gazebo/models/aws_robomaker_residential_Refrigerator_01/materials\n'}
[1.198458] (smart_agent_gazebo) StdoutLine: {'line': b'creating /home/test/wf3/gazebo/agentsd_ws/install/smart_agent_gazebo/share/smart_agent_gazebo/models/aws_robomaker_residential_Refrigerator_01/materials/textures\n'}
[1.198605] (smart_agent_gazebo) StdoutLine: {'line': b'symbolically linking /home/test/wf3/gazebo/agentsd_ws/build/smart_agent_gazebo/models/aws_robomaker_residential_Refrigerator_01/materials/textures/aws_Refrigerator_01.png -> /home/test/wf3/gazebo/agentsd_ws/install/smart_agent_gazebo/share/smart_agent_gazebo/models/aws_robomaker_residential_Refrigerator_01/materials/textures\n'}
[1.199034] (smart_agent_gazebo) StdoutLine: {'line': b'symbolically linking /home/test/wf3/gazebo/agentsd_ws/build/smart_agent_gazebo/models/aws_robomaker_residential_Refrigerator_01/materials/textures/aws_Refrigerator_02.png -> /home/test/wf3/gazebo/agentsd_ws/install/smart_agent_gazebo/share/smart_agent_gazebo/models/aws_robomaker_residential_Refrigerator_01/materials/textures\n'}
[1.199183] (smart_agent_gazebo) StdoutLine: {'line': b'creating /home/test/wf3/gazebo/agentsd_ws/install/smart_agent_gazebo/share/smart_agent_gazebo/models/aws_robomaker_residential_Refrigerator_01/meshes\n'}
[1.199331] (smart_agent_gazebo) StdoutLine: {'line': b'symbolically linking /home/test/wf3/gazebo/agentsd_ws/build/smart_agent_gazebo/models/aws_robomaker_residential_Refrigerator_01/meshes/aws_Refrigerator_01_visual.DAE -> /home/test/wf3/gazebo/agentsd_ws/install/smart_agent_gazebo/share/smart_agent_gazebo/models/aws_robomaker_residential_Refrigerator_01/meshes\n'}
[1.199485] (smart_agent_gazebo) StdoutLine: {'line': b'symbolically linking /home/test/wf3/gazebo/agentsd_ws/build/smart_agent_gazebo/models/aws_robomaker_residential_Refrigerator_01/meshes/aws_Refrigerator_01.DAE -> /home/test/wf3/gazebo/agentsd_ws/install/smart_agent_gazebo/share/smart_agent_gazebo/models/aws_robomaker_residential_Refrigerator_01/meshes\n'}
[1.199765] (smart_agent_gazebo) StdoutLine: {'line': b'symbolically linking /home/test/wf3/gazebo/agentsd_ws/build/smart_agent_gazebo/models/aws_robomaker_residential_Refrigerator_01/meshes/aws_Refrigerator_01_collision.DAE -> /home/test/wf3/gazebo/agentsd_ws/install/smart_agent_gazebo/share/smart_agent_gazebo/models/aws_robomaker_residential_Refrigerator_01/meshes\n'}
[1.199910] (smart_agent_gazebo) StdoutLine: {'line': b'creating /home/test/wf3/gazebo/agentsd_ws/install/smart_agent_gazebo/share/smart_agent_gazebo/models/aws_robomaker_residential_PortraitD_02\n'}
[1.200057] (smart_agent_gazebo) StdoutLine: {'line': b'symbolically linking /home/test/wf3/gazebo/agentsd_ws/build/smart_agent_gazebo/models/aws_robomaker_residential_PortraitD_02/model.config -> /home/test/wf3/gazebo/agentsd_ws/install/smart_agent_gazebo/share/smart_agent_gazebo/models/aws_robomaker_residential_PortraitD_02\n'}
[1.200196] (smart_agent_gazebo) StdoutLine: {'line': b'symbolically linking /home/test/wf3/gazebo/agentsd_ws/build/smart_agent_gazebo/models/aws_robomaker_residential_PortraitD_02/model.sdf -> /home/test/wf3/gazebo/agentsd_ws/install/smart_agent_gazebo/share/smart_agent_gazebo/models/aws_robomaker_residential_PortraitD_02\n'}
[1.200332] (smart_agent_gazebo) StdoutLine: {'line': b'creating /home/test/wf3/gazebo/agentsd_ws/install/smart_agent_gazebo/share/smart_agent_gazebo/models/aws_robomaker_residential_PortraitD_02/materials\n'}
[1.200464] (smart_agent_gazebo) StdoutLine: {'line': b'creating /home/test/wf3/gazebo/agentsd_ws/install/smart_agent_gazebo/share/smart_agent_gazebo/models/aws_robomaker_residential_PortraitD_02/materials/textures\n'}
[1.200601] (smart_agent_gazebo) StdoutLine: {'line': b'symbolically linking /home/test/wf3/gazebo/agentsd_ws/build/smart_agent_gazebo/models/aws_robomaker_residential_PortraitD_02/materials/textures/aws_PortraitD_01.png -> /home/test/wf3/gazebo/agentsd_ws/install/smart_agent_gazebo/share/smart_agent_gazebo/models/aws_robomaker_residential_PortraitD_02/materials/textures\n'}
[1.200744] (smart_agent_gazebo) StdoutLine: {'line': b'symbolically linking /home/test/wf3/gazebo/agentsd_ws/build/smart_agent_gazebo/models/aws_robomaker_residential_PortraitD_02/materials/textures/aws_PortraitD_02.png -> /home/test/wf3/gazebo/agentsd_ws/install/smart_agent_gazebo/share/smart_agent_gazebo/models/aws_robomaker_residential_PortraitD_02/materials/textures\n'}
[1.200880] (smart_agent_gazebo) StdoutLine: {'line': b'creating /home/test/wf3/gazebo/agentsd_ws/install/smart_agent_gazebo/share/smart_agent_gazebo/models/aws_robomaker_residential_PortraitD_02/meshes\n'}
[1.201008] (smart_agent_gazebo) StdoutLine: {'line': b'symbolically linking /home/test/wf3/gazebo/agentsd_ws/build/smart_agent_gazebo/models/aws_robomaker_residential_PortraitD_02/meshes/aws_PortraitD_01_visual.DAE -> /home/test/wf3/gazebo/agentsd_ws/install/smart_agent_gazebo/share/smart_agent_gazebo/models/aws_robomaker_residential_PortraitD_02/meshes\n'}
[1.201150] (smart_agent_gazebo) StdoutLine: {'line': b'symbolically linking /home/test/wf3/gazebo/agentsd_ws/build/smart_agent_gazebo/models/aws_robomaker_residential_PortraitD_02/meshes/aws_PortraitD_01_collision.DAE -> /home/test/wf3/gazebo/agentsd_ws/install/smart_agent_gazebo/share/smart_agent_gazebo/models/aws_robomaker_residential_PortraitD_02/meshes\n'}
[1.201290] (smart_agent_gazebo) StdoutLine: {'line': b'creating /home/test/wf3/gazebo/agentsd_ws/install/smart_agent_gazebo/share/smart_agent_gazebo/models/aws_robomaker_residential_PortraitE_02\n'}
[1.201428] (smart_agent_gazebo) StdoutLine: {'line': b'symbolically linking /home/test/wf3/gazebo/agentsd_ws/build/smart_agent_gazebo/models/aws_robomaker_residential_PortraitE_02/model.config -> /home/test/wf3/gazebo/agentsd_ws/install/smart_agent_gazebo/share/smart_agent_gazebo/models/aws_robomaker_residential_PortraitE_02\n'}
[1.201581] (smart_agent_gazebo) StdoutLine: {'line': b'symbolically linking /home/test/wf3/gazebo/agentsd_ws/build/smart_agent_gazebo/models/aws_robomaker_residential_PortraitE_02/model.sdf -> /home/test/wf3/gazebo/agentsd_ws/install/smart_agent_gazebo/share/smart_agent_gazebo/models/aws_robomaker_residential_PortraitE_02\n'}
[1.201723] (smart_agent_gazebo) StdoutLine: {'line': b'creating /home/test/wf3/gazebo/agentsd_ws/install/smart_agent_gazebo/share/smart_agent_gazebo/models/aws_robomaker_residential_PortraitE_02/materials\n'}
[1.201869] (smart_agent_gazebo) StdoutLine: {'line': b'creating /home/test/wf3/gazebo/agentsd_ws/install/smart_agent_gazebo/share/smart_agent_gazebo/models/aws_robomaker_residential_PortraitE_02/materials/textures\n'}
[1.202015] (smart_agent_gazebo) StdoutLine: {'line': b'symbolically linking /home/test/wf3/gazebo/agentsd_ws/build/smart_agent_gazebo/models/aws_robomaker_residential_PortraitE_02/materials/textures/aws_PortraitE_01.png -> /home/test/wf3/gazebo/agentsd_ws/install/smart_agent_gazebo/share/smart_agent_gazebo/models/aws_robomaker_residential_PortraitE_02/materials/textures\n'}
[1.202158] (smart_agent_gazebo) StdoutLine: {'line': b'symbolically linking /home/test/wf3/gazebo/agentsd_ws/build/smart_agent_gazebo/models/aws_robomaker_residential_PortraitE_02/materials/textures/aws_PortraitE_02.png -> /home/test/wf3/gazebo/agentsd_ws/install/smart_agent_gazebo/share/smart_agent_gazebo/models/aws_robomaker_residential_PortraitE_02/materials/textures\n'}
[1.202312] (smart_agent_gazebo) StdoutLine: {'line': b'creating /home/test/wf3/gazebo/agentsd_ws/install/smart_agent_gazebo/share/smart_agent_gazebo/models/aws_robomaker_residential_PortraitE_02/meshes\n'}
[1.202452] (smart_agent_gazebo) StdoutLine: {'line': b'symbolically linking /home/test/wf3/gazebo/agentsd_ws/build/smart_agent_gazebo/models/aws_robomaker_residential_PortraitE_02/meshes/aws_PortraitE_01_collision.DAE -> /home/test/wf3/gazebo/agentsd_ws/install/smart_agent_gazebo/share/smart_agent_gazebo/models/aws_robomaker_residential_PortraitE_02/meshes\n'}
[1.202595] (smart_agent_gazebo) StdoutLine: {'line': b'symbolically linking /home/test/wf3/gazebo/agentsd_ws/build/smart_agent_gazebo/models/aws_robomaker_residential_PortraitE_02/meshes/aws_PortraitE_01_visual.DAE -> /home/test/wf3/gazebo/agentsd_ws/install/smart_agent_gazebo/share/smart_agent_gazebo/models/aws_robomaker_residential_PortraitE_02/meshes\n'}
[1.202728] (smart_agent_gazebo) StdoutLine: {'line': b'creating /home/test/wf3/gazebo/agentsd_ws/install/smart_agent_gazebo/share/smart_agent_gazebo/models/aws_robomaker_residential_Door_01\n'}
[1.202860] (smart_agent_gazebo) StdoutLine: {'line': b'symbolically linking /home/test/wf3/gazebo/agentsd_ws/build/smart_agent_gazebo/models/aws_robomaker_residential_Door_01/model.config -> /home/test/wf3/gazebo/agentsd_ws/install/smart_agent_gazebo/share/smart_agent_gazebo/models/aws_robomaker_residential_Door_01\n'}
[1.202995] (smart_agent_gazebo) StdoutLine: {'line': b'symbolically linking /home/test/wf3/gazebo/agentsd_ws/build/smart_agent_gazebo/models/aws_robomaker_residential_Door_01/model.sdf -> /home/test/wf3/gazebo/agentsd_ws/install/smart_agent_gazebo/share/smart_agent_gazebo/models/aws_robomaker_residential_Door_01\n'}
[1.203128] (smart_agent_gazebo) StdoutLine: {'line': b'creating /home/test/wf3/gazebo/agentsd_ws/install/smart_agent_gazebo/share/smart_agent_gazebo/models/aws_robomaker_residential_Door_01/materials\n'}
[1.203266] (smart_agent_gazebo) StdoutLine: {'line': b'creating /home/test/wf3/gazebo/agentsd_ws/install/smart_agent_gazebo/share/smart_agent_gazebo/models/aws_robomaker_residential_Door_01/materials/textures\n'}
[1.203401] (smart_agent_gazebo) StdoutLine: {'line': b'symbolically linking /home/test/wf3/gazebo/agentsd_ws/build/smart_agent_gazebo/models/aws_robomaker_residential_Door_01/materials/textures/aws_Door_01.png -> /home/test/wf3/gazebo/agentsd_ws/install/smart_agent_gazebo/share/smart_agent_gazebo/models/aws_robomaker_residential_Door_01/materials/textures\n'}
[1.203539] (smart_agent_gazebo) StdoutLine: {'line': b'creating /home/test/wf3/gazebo/agentsd_ws/install/smart_agent_gazebo/share/smart_agent_gazebo/models/aws_robomaker_residential_Door_01/meshes\n'}
[1.203688] (smart_agent_gazebo) StdoutLine: {'line': b'symbolically linking /home/test/wf3/gazebo/agentsd_ws/build/smart_agent_gazebo/models/aws_robomaker_residential_Door_01/meshes/aws_Door_01_collision.DAE -> /home/test/wf3/gazebo/agentsd_ws/install/smart_agent_gazebo/share/smart_agent_gazebo/models/aws_robomaker_residential_Door_01/meshes\n'}
[1.203825] (smart_agent_gazebo) StdoutLine: {'line': b'symbolically linking /home/test/wf3/gazebo/agentsd_ws/build/smart_agent_gazebo/models/aws_robomaker_residential_Door_01/meshes/aws_Door_01_visual.DAE -> /home/test/wf3/gazebo/agentsd_ws/install/smart_agent_gazebo/share/smart_agent_gazebo/models/aws_robomaker_residential_Door_01/meshes\n'}
[1.203960] (smart_agent_gazebo) StdoutLine: {'line': b'creating /home/test/wf3/gazebo/agentsd_ws/install/smart_agent_gazebo/share/smart_agent_gazebo/models/AnesthesiaMachine\n'}
[1.204108] (smart_agent_gazebo) StdoutLine: {'line': b'symbolically linking /home/test/wf3/gazebo/agentsd_ws/build/smart_agent_gazebo/models/AnesthesiaMachine/model.config -> /home/test/wf3/gazebo/agentsd_ws/install/smart_agent_gazebo/share/smart_agent_gazebo/models/AnesthesiaMachine\n'}
[1.204255] (smart_agent_gazebo) StdoutLine: {'line': b'symbolically linking /home/test/wf3/gazebo/agentsd_ws/build/smart_agent_gazebo/models/AnesthesiaMachine/model.sdf -> /home/test/wf3/gazebo/agentsd_ws/install/smart_agent_gazebo/share/smart_agent_gazebo/models/AnesthesiaMachine\n'}
[1.204393] (smart_agent_gazebo) StdoutLine: {'line': b'creating /home/test/wf3/gazebo/agentsd_ws/install/smart_agent_gazebo/share/smart_agent_gazebo/models/AnesthesiaMachine/thumbnails\n'}
[1.204528] (smart_agent_gazebo) StdoutLine: {'line': b'symbolically linking /home/test/wf3/gazebo/agentsd_ws/build/smart_agent_gazebo/models/AnesthesiaMachine/thumbnails/2.png -> /home/test/wf3/gazebo/agentsd_ws/install/smart_agent_gazebo/share/smart_agent_gazebo/models/AnesthesiaMachine/thumbnails\n'}
[1.204674] (smart_agent_gazebo) StdoutLine: {'line': b'symbolically linking /home/test/wf3/gazebo/agentsd_ws/build/smart_agent_gazebo/models/AnesthesiaMachine/thumbnails/1.png -> /home/test/wf3/gazebo/agentsd_ws/install/smart_agent_gazebo/share/smart_agent_gazebo/models/AnesthesiaMachine/thumbnails\n'}
[1.204812] (smart_agent_gazebo) StdoutLine: {'line': b'symbolically linking /home/test/wf3/gazebo/agentsd_ws/build/smart_agent_gazebo/models/AnesthesiaMachine/thumbnails/4.png -> /home/test/wf3/gazebo/agentsd_ws/install/smart_agent_gazebo/share/smart_agent_gazebo/models/AnesthesiaMachine/thumbnails\n'}
[1.204958] (smart_agent_gazebo) StdoutLine: {'line': b'symbolically linking /home/test/wf3/gazebo/agentsd_ws/build/smart_agent_gazebo/models/AnesthesiaMachine/thumbnails/3.png -> /home/test/wf3/gazebo/agentsd_ws/install/smart_agent_gazebo/share/smart_agent_gazebo/models/AnesthesiaMachine/thumbnails\n'}
[1.205091] (smart_agent_gazebo) StdoutLine: {'line': b'symbolically linking /home/test/wf3/gazebo/agentsd_ws/build/smart_agent_gazebo/models/AnesthesiaMachine/thumbnails/5.png -> /home/test/wf3/gazebo/agentsd_ws/install/smart_agent_gazebo/share/smart_agent_gazebo/models/AnesthesiaMachine/thumbnails\n'}
[1.205222] (smart_agent_gazebo) StdoutLine: {'line': b'creating /home/test/wf3/gazebo/agentsd_ws/install/smart_agent_gazebo/share/smart_agent_gazebo/models/AnesthesiaMachine/meshes\n'}
[1.205353] (smart_agent_gazebo) StdoutLine: {'line': b'symbolically linking /home/test/wf3/gazebo/agentsd_ws/build/smart_agent_gazebo/models/AnesthesiaMachine/meshes/AnesthesiaMachine_Col.mtl -> /home/test/wf3/gazebo/agentsd_ws/install/smart_agent_gazebo/share/smart_agent_gazebo/models/AnesthesiaMachine/meshes\n'}
[1.205486] (smart_agent_gazebo) StdoutLine: {'line': b'symbolically linking /home/test/wf3/gazebo/agentsd_ws/build/smart_agent_gazebo/models/AnesthesiaMachine/meshes/AnesthesiaMachine.mtl -> /home/test/wf3/gazebo/agentsd_ws/install/smart_agent_gazebo/share/smart_agent_gazebo/models/AnesthesiaMachine/meshes\n'}
[1.205624] (smart_agent_gazebo) StdoutLine: {'line': b'symbolically linking /home/test/wf3/gazebo/agentsd_ws/build/smart_agent_gazebo/models/AnesthesiaMachine/meshes/AnesthesiaMachine_Col.obj -> /home/test/wf3/gazebo/agentsd_ws/install/smart_agent_gazebo/share/smart_agent_gazebo/models/AnesthesiaMachine/meshes\n'}
[1.205763] (smart_agent_gazebo) StdoutLine: {'line': b'symbolically linking /home/test/wf3/gazebo/agentsd_ws/build/smart_agent_gazebo/models/AnesthesiaMachine/meshes/AnesthesiaMachine.png -> /home/test/wf3/gazebo/agentsd_ws/install/smart_agent_gazebo/share/smart_agent_gazebo/models/AnesthesiaMachine/meshes\n'}
[1.205903] (smart_agent_gazebo) StdoutLine: {'line': b'symbolically linking /home/test/wf3/gazebo/agentsd_ws/build/smart_agent_gazebo/models/AnesthesiaMachine/meshes/AnesthesiaMachine.obj -> /home/test/wf3/gazebo/agentsd_ws/install/smart_agent_gazebo/share/smart_agent_gazebo/models/AnesthesiaMachine/meshes\n'}
[1.206039] (smart_agent_gazebo) StdoutLine: {'line': b'creating /home/test/wf3/gazebo/agentsd_ws/install/smart_agent_gazebo/share/smart_agent_gazebo/models/aws_robomaker_hospital_curtain_closed_01\n'}
[1.206173] (smart_agent_gazebo) StdoutLine: {'line': b'symbolically linking /home/test/wf3/gazebo/agentsd_ws/build/smart_agent_gazebo/models/aws_robomaker_hospital_curtain_closed_01/model.config -> /home/test/wf3/gazebo/agentsd_ws/install/smart_agent_gazebo/share/smart_agent_gazebo/models/aws_robomaker_hospital_curtain_closed_01\n'}
[1.206313] (smart_agent_gazebo) StdoutLine: {'line': b'symbolically linking /home/test/wf3/gazebo/agentsd_ws/build/smart_agent_gazebo/models/aws_robomaker_hospital_curtain_closed_01/model.sdf -> /home/test/wf3/gazebo/agentsd_ws/install/smart_agent_gazebo/share/smart_agent_gazebo/models/aws_robomaker_hospital_curtain_closed_01\n'}
[1.206450] (smart_agent_gazebo) StdoutLine: {'line': b'creating /home/test/wf3/gazebo/agentsd_ws/install/smart_agent_gazebo/share/smart_agent_gazebo/models/aws_robomaker_hospital_curtain_closed_01/meshes\n'}
[1.206608] (smart_agent_gazebo) StdoutLine: {'line': b'symbolically linking /home/test/wf3/gazebo/agentsd_ws/build/smart_agent_gazebo/models/aws_robomaker_hospital_curtain_closed_01/meshes/aws_robomaker_hospital_curtain_closed_01_visual.dae -> /home/test/wf3/gazebo/agentsd_ws/install/smart_agent_gazebo/share/smart_agent_gazebo/models/aws_robomaker_hospital_curtain_closed_01/meshes\n'}
[1.206752] (smart_agent_gazebo) StdoutLine: {'line': b'symbolically linking /home/test/wf3/gazebo/agentsd_ws/build/smart_agent_gazebo/models/aws_robomaker_hospital_curtain_closed_01/meshes/aws_robomaker_hospital_curtain_closed_01_visual.png -> /home/test/wf3/gazebo/agentsd_ws/install/smart_agent_gazebo/share/smart_agent_gazebo/models/aws_robomaker_hospital_curtain_closed_01/meshes\n'}
[1.206894] (smart_agent_gazebo) StdoutLine: {'line': b'symbolically linking /home/test/wf3/gazebo/agentsd_ws/build/smart_agent_gazebo/models/aws_robomaker_hospital_curtain_closed_01/meshes/aws_robomaker_hospital_curtainrail_01_low_normal.png -> /home/test/wf3/gazebo/agentsd_ws/install/smart_agent_gazebo/share/smart_agent_gazebo/models/aws_robomaker_hospital_curtain_closed_01/meshes\n'}
[1.207028] (smart_agent_gazebo) StdoutLine: {'line': b'symbolically linking /home/test/wf3/gazebo/agentsd_ws/build/smart_agent_gazebo/models/aws_robomaker_hospital_curtain_closed_01/meshes/aws_robomaker_hospital_curtainrail_01_visual.png -> /home/test/wf3/gazebo/agentsd_ws/install/smart_agent_gazebo/share/smart_agent_gazebo/models/aws_robomaker_hospital_curtain_closed_01/meshes\n'}
[1.207168] (smart_agent_gazebo) StdoutLine: {'line': b'symbolically linking /home/test/wf3/gazebo/agentsd_ws/build/smart_agent_gazebo/models/aws_robomaker_hospital_curtain_closed_01/meshes/aws_robomaker_hospital_curtain_closed_01_visual_normal.png -> /home/test/wf3/gazebo/agentsd_ws/install/smart_agent_gazebo/share/smart_agent_gazebo/models/aws_robomaker_hospital_curtain_closed_01/meshes\n'}
[1.207303] (smart_agent_gazebo) StdoutLine: {'line': b'symbolically linking /home/test/wf3/gazebo/agentsd_ws/build/smart_agent_gazebo/models/aws_robomaker_hospital_curtain_closed_01/meshes/aws_robomaker_hospital_curtain_closed_01_low_normal.png -> /home/test/wf3/gazebo/agentsd_ws/install/smart_agent_gazebo/share/smart_agent_gazebo/models/aws_robomaker_hospital_curtain_closed_01/meshes\n'}
[1.207435] (smart_agent_gazebo) StdoutLine: {'line': b'symbolically linking /home/test/wf3/gazebo/agentsd_ws/build/smart_agent_gazebo/models/aws_robomaker_hospital_curtain_closed_01/meshes/aws_robomaker_hospital_curtain_closed_01_low.png -> /home/test/wf3/gazebo/agentsd_ws/install/smart_agent_gazebo/share/smart_agent_gazebo/models/aws_robomaker_hospital_curtain_closed_01/meshes\n'}
[1.207571] (smart_agent_gazebo) StdoutLine: {'line': b'symbolically linking /home/test/wf3/gazebo/agentsd_ws/build/smart_agent_gazebo/models/aws_robomaker_hospital_curtain_closed_01/meshes/aws_robomaker_hospital_curtain_closed_01_collision.dae -> /home/test/wf3/gazebo/agentsd_ws/install/smart_agent_gazebo/share/smart_agent_gazebo/models/aws_robomaker_hospital_curtain_closed_01/meshes\n'}
[1.207716] (smart_agent_gazebo) StdoutLine: {'line': b'symbolically linking /home/test/wf3/gazebo/agentsd_ws/build/smart_agent_gazebo/models/aws_robomaker_hospital_curtain_closed_01/meshes/aws_robomaker_hospital_curtainrail_01_visual_normal.png -> /home/test/wf3/gazebo/agentsd_ws/install/smart_agent_gazebo/share/smart_agent_gazebo/models/aws_robomaker_hospital_curtain_closed_01/meshes\n'}
[1.207844] (smart_agent_gazebo) StdoutLine: {'line': b'symbolically linking /home/test/wf3/gazebo/agentsd_ws/build/smart_agent_gazebo/models/aws_robomaker_hospital_curtain_closed_01/meshes/aws_robomaker_hospital_curtainrail_01_low.png -> /home/test/wf3/gazebo/agentsd_ws/install/smart_agent_gazebo/share/smart_agent_gazebo/models/aws_robomaker_hospital_curtain_closed_01/meshes\n'}
[1.207972] (smart_agent_gazebo) StdoutLine: {'line': b'creating /home/test/wf3/gazebo/agentsd_ws/install/smart_agent_gazebo/share/smart_agent_gazebo/models/BloodPressureMonitor\n'}
[1.208112] (smart_agent_gazebo) StdoutLine: {'line': b'symbolically linking /home/test/wf3/gazebo/agentsd_ws/build/smart_agent_gazebo/models/BloodPressureMonitor/model.config -> /home/test/wf3/gazebo/agentsd_ws/install/smart_agent_gazebo/share/smart_agent_gazebo/models/BloodPressureMonitor\n'}
[1.208246] (smart_agent_gazebo) StdoutLine: {'line': b'symbolically linking /home/test/wf3/gazebo/agentsd_ws/build/smart_agent_gazebo/models/BloodPressureMonitor/model.sdf -> /home/test/wf3/gazebo/agentsd_ws/install/smart_agent_gazebo/share/smart_agent_gazebo/models/BloodPressureMonitor\n'}
[1.208378] (smart_agent_gazebo) StdoutLine: {'line': b'creating /home/test/wf3/gazebo/agentsd_ws/install/smart_agent_gazebo/share/smart_agent_gazebo/models/BloodPressureMonitor/thumbnails\n'}
[1.208515] (smart_agent_gazebo) StdoutLine: {'line': b'symbolically linking /home/test/wf3/gazebo/agentsd_ws/build/smart_agent_gazebo/models/BloodPressureMonitor/thumbnails/2.png -> /home/test/wf3/gazebo/agentsd_ws/install/smart_agent_gazebo/share/smart_agent_gazebo/models/BloodPressureMonitor/thumbnails\n'}
[1.208665] (smart_agent_gazebo) StdoutLine: {'line': b'symbolically linking /home/test/wf3/gazebo/agentsd_ws/build/smart_agent_gazebo/models/BloodPressureMonitor/thumbnails/1.png -> /home/test/wf3/gazebo/agentsd_ws/install/smart_agent_gazebo/share/smart_agent_gazebo/models/BloodPressureMonitor/thumbnails\n'}
[1.208797] (smart_agent_gazebo) StdoutLine: {'line': b'symbolically linking /home/test/wf3/gazebo/agentsd_ws/build/smart_agent_gazebo/models/BloodPressureMonitor/thumbnails/4.png -> /home/test/wf3/gazebo/agentsd_ws/install/smart_agent_gazebo/share/smart_agent_gazebo/models/BloodPressureMonitor/thumbnails\n'}
[1.208932] (smart_agent_gazebo) StdoutLine: {'line': b'symbolically linking /home/test/wf3/gazebo/agentsd_ws/build/smart_agent_gazebo/models/BloodPressureMonitor/thumbnails/3.png -> /home/test/wf3/gazebo/agentsd_ws/install/smart_agent_gazebo/share/smart_agent_gazebo/models/BloodPressureMonitor/thumbnails\n'}
[1.209069] (smart_agent_gazebo) StdoutLine: {'line': b'symbolically linking /home/test/wf3/gazebo/agentsd_ws/build/smart_agent_gazebo/models/BloodPressureMonitor/thumbnails/5.png -> /home/test/wf3/gazebo/agentsd_ws/install/smart_agent_gazebo/share/smart_agent_gazebo/models/BloodPressureMonitor/thumbnails\n'}
[1.209207] (smart_agent_gazebo) StdoutLine: {'line': b'creating /home/test/wf3/gazebo/agentsd_ws/install/smart_agent_gazebo/share/smart_agent_gazebo/models/BloodPressureMonitor/meshes\n'}
[1.209337] (smart_agent_gazebo) StdoutLine: {'line': b'symbolically linking /home/test/wf3/gazebo/agentsd_ws/build/smart_agent_gazebo/models/BloodPressureMonitor/meshes/BloodPressureMonitor_Col.obj -> /home/test/wf3/gazebo/agentsd_ws/install/smart_agent_gazebo/share/smart_agent_gazebo/models/BloodPressureMonitor/meshes\n'}
[1.209469] (smart_agent_gazebo) StdoutLine: {'line': b'symbolically linking /home/test/wf3/gazebo/agentsd_ws/build/smart_agent_gazebo/models/BloodPressureMonitor/meshes/BloodPressureMonitor.png -> /home/test/wf3/gazebo/agentsd_ws/install/smart_agent_gazebo/share/smart_agent_gazebo/models/BloodPressureMonitor/meshes\n'}
[1.209605] (smart_agent_gazebo) StdoutLine: {'line': b'symbolically linking /home/test/wf3/gazebo/agentsd_ws/build/smart_agent_gazebo/models/BloodPressureMonitor/meshes/BloodPressureMonitor.mtl -> /home/test/wf3/gazebo/agentsd_ws/install/smart_agent_gazebo/share/smart_agent_gazebo/models/BloodPressureMonitor/meshes\n'}
[1.209738] (smart_agent_gazebo) StdoutLine: {'line': b'symbolically linking /home/test/wf3/gazebo/agentsd_ws/build/smart_agent_gazebo/models/BloodPressureMonitor/meshes/BloodPressureMonitor.obj -> /home/test/wf3/gazebo/agentsd_ws/install/smart_agent_gazebo/share/smart_agent_gazebo/models/BloodPressureMonitor/meshes\n'}
[1.209869] (smart_agent_gazebo) StdoutLine: {'line': b'symbolically linking /home/test/wf3/gazebo/agentsd_ws/build/smart_agent_gazebo/models/BloodPressureMonitor/meshes/BloodPressureMonitor_Col.mtl -> /home/test/wf3/gazebo/agentsd_ws/install/smart_agent_gazebo/share/smart_agent_gazebo/models/BloodPressureMonitor/meshes\n'}
[1.210002] (smart_agent_gazebo) StdoutLine: {'line': b'creating /home/test/wf3/gazebo/agentsd_ws/install/smart_agent_gazebo/share/smart_agent_gazebo/models/aws_robomaker_residential_DeskPortraitC_01\n'}
[1.210132] (smart_agent_gazebo) StdoutLine: {'line': b'symbolically linking /home/test/wf3/gazebo/agentsd_ws/build/smart_agent_gazebo/models/aws_robomaker_residential_DeskPortraitC_01/model.config -> /home/test/wf3/gazebo/agentsd_ws/install/smart_agent_gazebo/share/smart_agent_gazebo/models/aws_robomaker_residential_DeskPortraitC_01\n'}
[1.210264] (smart_agent_gazebo) StdoutLine: {'line': b'symbolically linking /home/test/wf3/gazebo/agentsd_ws/build/smart_agent_gazebo/models/aws_robomaker_residential_DeskPortraitC_01/model.sdf -> /home/test/wf3/gazebo/agentsd_ws/install/smart_agent_gazebo/share/smart_agent_gazebo/models/aws_robomaker_residential_DeskPortraitC_01\n'}
[1.210394] (smart_agent_gazebo) StdoutLine: {'line': b'creating /home/test/wf3/gazebo/agentsd_ws/install/smart_agent_gazebo/share/smart_agent_gazebo/models/aws_robomaker_residential_DeskPortraitC_01/materials\n'}
[1.210523] (smart_agent_gazebo) StdoutLine: {'line': b'creating /home/test/wf3/gazebo/agentsd_ws/install/smart_agent_gazebo/share/smart_agent_gazebo/models/aws_robomaker_residential_DeskPortraitC_01/materials/textures\n'}
[1.210648] (smart_agent_gazebo) StdoutLine: {'line': b'symbolically linking /home/test/wf3/gazebo/agentsd_ws/build/smart_agent_gazebo/models/aws_robomaker_residential_DeskPortraitC_01/materials/textures/aws_DeskPortraitC_01.png -> /home/test/wf3/gazebo/agentsd_ws/install/smart_agent_gazebo/share/smart_agent_gazebo/models/aws_robomaker_residential_DeskPortraitC_01/materials/textures\n'}
[1.210778] (smart_agent_gazebo) StdoutLine: {'line': b'symbolically linking /home/test/wf3/gazebo/agentsd_ws/build/smart_agent_gazebo/models/aws_robomaker_residential_DeskPortraitC_01/materials/textures/aws_DeskPortraitC_02.png -> /home/test/wf3/gazebo/agentsd_ws/install/smart_agent_gazebo/share/smart_agent_gazebo/models/aws_robomaker_residential_DeskPortraitC_01/materials/textures\n'}
[1.210922] (smart_agent_gazebo) StdoutLine: {'line': b'creating /home/test/wf3/gazebo/agentsd_ws/install/smart_agent_gazebo/share/smart_agent_gazebo/models/aws_robomaker_residential_DeskPortraitC_01/meshes\n'}
[1.211049] (smart_agent_gazebo) StdoutLine: {'line': b'symbolically linking /home/test/wf3/gazebo/agentsd_ws/build/smart_agent_gazebo/models/aws_robomaker_residential_DeskPortraitC_01/meshes/aws_DeskPortraitC_01_visual.DAE -> /home/test/wf3/gazebo/agentsd_ws/install/smart_agent_gazebo/share/smart_agent_gazebo/models/aws_robomaker_residential_DeskPortraitC_01/meshes\n'}
[1.211179] (smart_agent_gazebo) StdoutLine: {'line': b'symbolically linking /home/test/wf3/gazebo/agentsd_ws/build/smart_agent_gazebo/models/aws_robomaker_residential_DeskPortraitC_01/meshes/aws_DeskPortraitC_01_collision.DAE -> /home/test/wf3/gazebo/agentsd_ws/install/smart_agent_gazebo/share/smart_agent_gazebo/models/aws_robomaker_residential_DeskPortraitC_01/meshes\n'}
[1.211324] (smart_agent_gazebo) StdoutLine: {'line': b'creating /home/test/wf3/gazebo/agentsd_ws/install/smart_agent_gazebo/share/smart_agent_gazebo/models/aws_robomaker_hospital_elevator_01_door\n'}
[1.211455] (smart_agent_gazebo) StdoutLine: {'line': b'symbolically linking /home/test/wf3/gazebo/agentsd_ws/build/smart_agent_gazebo/models/aws_robomaker_hospital_elevator_01_door/model.config -> /home/test/wf3/gazebo/agentsd_ws/install/smart_agent_gazebo/share/smart_agent_gazebo/models/aws_robomaker_hospital_elevator_01_door\n'}
[1.211594] (smart_agent_gazebo) StdoutLine: {'line': b'symbolically linking /home/test/wf3/gazebo/agentsd_ws/build/smart_agent_gazebo/models/aws_robomaker_hospital_elevator_01_door/model.sdf -> /home/test/wf3/gazebo/agentsd_ws/install/smart_agent_gazebo/share/smart_agent_gazebo/models/aws_robomaker_hospital_elevator_01_door\n'}
[1.211731] (smart_agent_gazebo) StdoutLine: {'line': b'creating /home/test/wf3/gazebo/agentsd_ws/install/smart_agent_gazebo/share/smart_agent_gazebo/models/aws_robomaker_hospital_elevator_01_door/meshes\n'}
[1.211870] (smart_agent_gazebo) StdoutLine: {'line': b'symbolically linking /home/test/wf3/gazebo/agentsd_ws/build/smart_agent_gazebo/models/aws_robomaker_hospital_elevator_01_door/meshes/aws_robomaker_hospital_elevator_01_low.png -> /home/test/wf3/gazebo/agentsd_ws/install/smart_agent_gazebo/share/smart_agent_gazebo/models/aws_robomaker_hospital_elevator_01_door/meshes\n'}
[1.212002] (smart_agent_gazebo) StdoutLine: {'line': b'symbolically linking /home/test/wf3/gazebo/agentsd_ws/build/smart_agent_gazebo/models/aws_robomaker_hospital_elevator_01_door/meshes/aws_robomaker_hospital_elevator_01_visual_normal.png -> /home/test/wf3/gazebo/agentsd_ws/install/smart_agent_gazebo/share/smart_agent_gazebo/models/aws_robomaker_hospital_elevator_01_door/meshes\n'}
[1.212134] (smart_agent_gazebo) StdoutLine: {'line': b'symbolically linking /home/test/wf3/gazebo/agentsd_ws/build/smart_agent_gazebo/models/aws_robomaker_hospital_elevator_01_door/meshes/aws_robomaker_hospital_elevator_01_door_visual.dae -> /home/test/wf3/gazebo/agentsd_ws/install/smart_agent_gazebo/share/smart_agent_gazebo/models/aws_robomaker_hospital_elevator_01_door/meshes\n'}
[1.212267] (smart_agent_gazebo) StdoutLine: {'line': b'symbolically linking /home/test/wf3/gazebo/agentsd_ws/build/smart_agent_gazebo/models/aws_robomaker_hospital_elevator_01_door/meshes/aws_robomaker_hospital_elevator_01_low_normal.png -> /home/test/wf3/gazebo/agentsd_ws/install/smart_agent_gazebo/share/smart_agent_gazebo/models/aws_robomaker_hospital_elevator_01_door/meshes\n'}
[1.212398] (smart_agent_gazebo) StdoutLine: {'line': b'symbolically linking /home/test/wf3/gazebo/agentsd_ws/build/smart_agent_gazebo/models/aws_robomaker_hospital_elevator_01_door/meshes/aws_robomaker_hospital_elevator_01_visual.png -> /home/test/wf3/gazebo/agentsd_ws/install/smart_agent_gazebo/share/smart_agent_gazebo/models/aws_robomaker_hospital_elevator_01_door/meshes\n'}
[1.212530] (smart_agent_gazebo) StdoutLine: {'line': b'symbolically linking /home/test/wf3/gazebo/agentsd_ws/build/smart_agent_gazebo/models/aws_robomaker_hospital_elevator_01_door/meshes/aws_robomaker_hospital_elevator_01_door_low.dae -> /home/test/wf3/gazebo/agentsd_ws/install/smart_agent_gazebo/share/smart_agent_gazebo/models/aws_robomaker_hospital_elevator_01_door/meshes\n'}
[1.212661] (smart_agent_gazebo) StdoutLine: {'line': b'symbolically linking /home/test/wf3/gazebo/agentsd_ws/build/smart_agent_gazebo/models/aws_robomaker_hospital_elevator_01_door/meshes/aws_robomaker_hospital_elevator_01_door_collision.dae -> /home/test/wf3/gazebo/agentsd_ws/install/smart_agent_gazebo/share/smart_agent_gazebo/models/aws_robomaker_hospital_elevator_01_door/meshes\n'}
[1.212808] (smart_agent_gazebo) StdoutLine: {'line': b'creating /home/test/wf3/gazebo/agentsd_ws/install/smart_agent_gazebo/share/smart_agent_gazebo/models/aws_robomaker_residential_PortraitD_01\n'}
[1.212936] (smart_agent_gazebo) StdoutLine: {'line': b'symbolically linking /home/test/wf3/gazebo/agentsd_ws/build/smart_agent_gazebo/models/aws_robomaker_residential_PortraitD_01/model.config -> /home/test/wf3/gazebo/agentsd_ws/install/smart_agent_gazebo/share/smart_agent_gazebo/models/aws_robomaker_residential_PortraitD_01\n'}
[1.213065] (smart_agent_gazebo) StdoutLine: {'line': b'symbolically linking /home/test/wf3/gazebo/agentsd_ws/build/smart_agent_gazebo/models/aws_robomaker_residential_PortraitD_01/model.sdf -> /home/test/wf3/gazebo/agentsd_ws/install/smart_agent_gazebo/share/smart_agent_gazebo/models/aws_robomaker_residential_PortraitD_01\n'}
[1.213206] (smart_agent_gazebo) StdoutLine: {'line': b'creating /home/test/wf3/gazebo/agentsd_ws/install/smart_agent_gazebo/share/smart_agent_gazebo/models/aws_robomaker_residential_PortraitD_01/materials\n'}
[1.213338] (smart_agent_gazebo) StdoutLine: {'line': b'creating /home/test/wf3/gazebo/agentsd_ws/install/smart_agent_gazebo/share/smart_agent_gazebo/models/aws_robomaker_residential_PortraitD_01/materials/textures\n'}
[1.213475] (smart_agent_gazebo) StdoutLine: {'line': b'symbolically linking /home/test/wf3/gazebo/agentsd_ws/build/smart_agent_gazebo/models/aws_robomaker_residential_PortraitD_01/materials/textures/aws_PortraitD_01.png -> /home/test/wf3/gazebo/agentsd_ws/install/smart_agent_gazebo/share/smart_agent_gazebo/models/aws_robomaker_residential_PortraitD_01/materials/textures\n'}
[1.213607] (smart_agent_gazebo) StdoutLine: {'line': b'symbolically linking /home/test/wf3/gazebo/agentsd_ws/build/smart_agent_gazebo/models/aws_robomaker_residential_PortraitD_01/materials/textures/aws_PortraitD_02.png -> /home/test/wf3/gazebo/agentsd_ws/install/smart_agent_gazebo/share/smart_agent_gazebo/models/aws_robomaker_residential_PortraitD_01/materials/textures\n'}
[1.213738] (smart_agent_gazebo) StdoutLine: {'line': b'creating /home/test/wf3/gazebo/agentsd_ws/install/smart_agent_gazebo/share/smart_agent_gazebo/models/aws_robomaker_residential_PortraitD_01/meshes\n'}
[1.213868] (smart_agent_gazebo) StdoutLine: {'line': b'symbolically linking /home/test/wf3/gazebo/agentsd_ws/build/smart_agent_gazebo/models/aws_robomaker_residential_PortraitD_01/meshes/aws_PortraitD_01_visual.DAE -> /home/test/wf3/gazebo/agentsd_ws/install/smart_agent_gazebo/share/smart_agent_gazebo/models/aws_robomaker_residential_PortraitD_01/meshes\n'}
[1.213999] (-) TimerEvent: {}
[1.214185] (smart_agent_gazebo) StdoutLine: {'line': b'symbolically linking /home/test/wf3/gazebo/agentsd_ws/build/smart_agent_gazebo/models/aws_robomaker_residential_PortraitD_01/meshes/aws_PortraitD_01_collision.DAE -> /home/test/wf3/gazebo/agentsd_ws/install/smart_agent_gazebo/share/smart_agent_gazebo/models/aws_robomaker_residential_PortraitD_01/meshes\n'}
[1.214355] (smart_agent_gazebo) StdoutLine: {'line': b'creating /home/test/wf3/gazebo/agentsd_ws/install/smart_agent_gazebo/share/smart_agent_gazebo/models/aws_robomaker_residential_TVCabinet_01\n'}
[1.214507] (smart_agent_gazebo) StdoutLine: {'line': b'symbolically linking /home/test/wf3/gazebo/agentsd_ws/build/smart_agent_gazebo/models/aws_robomaker_residential_TVCabinet_01/model.config -> /home/test/wf3/gazebo/agentsd_ws/install/smart_agent_gazebo/share/smart_agent_gazebo/models/aws_robomaker_residential_TVCabinet_01\n'}
[1.214649] (smart_agent_gazebo) StdoutLine: {'line': b'symbolically linking /home/test/wf3/gazebo/agentsd_ws/build/smart_agent_gazebo/models/aws_robomaker_residential_TVCabinet_01/model.sdf -> /home/test/wf3/gazebo/agentsd_ws/install/smart_agent_gazebo/share/smart_agent_gazebo/models/aws_robomaker_residential_TVCabinet_01\n'}
[1.214783] (smart_agent_gazebo) StdoutLine: {'line': b'creating /home/test/wf3/gazebo/agentsd_ws/install/smart_agent_gazebo/share/smart_agent_gazebo/models/aws_robomaker_residential_TVCabinet_01/materials\n'}
[1.214922] (smart_agent_gazebo) StdoutLine: {'line': b'creating /home/test/wf3/gazebo/agentsd_ws/install/smart_agent_gazebo/share/smart_agent_gazebo/models/aws_robomaker_residential_TVCabinet_01/materials/textures\n'}
[1.215058] (smart_agent_gazebo) StdoutLine: {'line': b'symbolically linking /home/test/wf3/gazebo/agentsd_ws/build/smart_agent_gazebo/models/aws_robomaker_residential_TVCabinet_01/materials/textures/aws_TVCabinet_01.png -> /home/test/wf3/gazebo/agentsd_ws/install/smart_agent_gazebo/share/smart_agent_gazebo/models/aws_robomaker_residential_TVCabinet_01/materials/textures\n'}
[1.215193] (smart_agent_gazebo) StdoutLine: {'line': b'creating /home/test/wf3/gazebo/agentsd_ws/install/smart_agent_gazebo/share/smart_agent_gazebo/models/aws_robomaker_residential_TVCabinet_01/meshes\n'}
[1.215324] (smart_agent_gazebo) StdoutLine: {'line': b'symbolically linking /home/test/wf3/gazebo/agentsd_ws/build/smart_agent_gazebo/models/aws_robomaker_residential_TVCabinet_01/meshes/aws_TVCabinet_01_collision.DAE -> /home/test/wf3/gazebo/agentsd_ws/install/smart_agent_gazebo/share/smart_agent_gazebo/models/aws_robomaker_residential_TVCabinet_01/meshes\n'}
[1.215648] (smart_agent_gazebo) StdoutLine: {'line': b'symbolically linking /home/test/wf3/gazebo/agentsd_ws/build/smart_agent_gazebo/models/aws_robomaker_residential_TVCabinet_01/meshes/aws_TVCabinet_01_visual.DAE -> /home/test/wf3/gazebo/agentsd_ws/install/smart_agent_gazebo/share/smart_agent_gazebo/models/aws_robomaker_residential_TVCabinet_01/meshes\n'}
[1.216015] (smart_agent_gazebo) StdoutLine: {'line': b'creating /home/test/wf3/gazebo/agentsd_ws/install/smart_agent_gazebo/share/smart_agent_gazebo/models/InstrumentCart2\n'}
[1.216178] (smart_agent_gazebo) StdoutLine: {'line': b'symbolically linking /home/test/wf3/gazebo/agentsd_ws/build/smart_agent_gazebo/models/InstrumentCart2/model.config -> /home/test/wf3/gazebo/agentsd_ws/install/smart_agent_gazebo/share/smart_agent_gazebo/models/InstrumentCart2\n'}
[1.216331] (smart_agent_gazebo) StdoutLine: {'line': b'symbolically linking /home/test/wf3/gazebo/agentsd_ws/build/smart_agent_gazebo/models/InstrumentCart2/model.sdf -> /home/test/wf3/gazebo/agentsd_ws/install/smart_agent_gazebo/share/smart_agent_gazebo/models/InstrumentCart2\n'}
[1.216478] (smart_agent_gazebo) StdoutLine: {'line': b'creating /home/test/wf3/gazebo/agentsd_ws/install/smart_agent_gazebo/share/smart_agent_gazebo/models/InstrumentCart2/thumbnails\n'}
[1.216629] (smart_agent_gazebo) StdoutLine: {'line': b'symbolically linking /home/test/wf3/gazebo/agentsd_ws/build/smart_agent_gazebo/models/InstrumentCart2/thumbnails/2.png -> /home/test/wf3/gazebo/agentsd_ws/install/smart_agent_gazebo/share/smart_agent_gazebo/models/InstrumentCart2/thumbnails\n'}
[1.216776] (smart_agent_gazebo) StdoutLine: {'line': b'symbolically linking /home/test/wf3/gazebo/agentsd_ws/build/smart_agent_gazebo/models/InstrumentCart2/thumbnails/1.png -> /home/test/wf3/gazebo/agentsd_ws/install/smart_agent_gazebo/share/smart_agent_gazebo/models/InstrumentCart2/thumbnails\n'}
[1.216918] (smart_agent_gazebo) StdoutLine: {'line': b'symbolically linking /home/test/wf3/gazebo/agentsd_ws/build/smart_agent_gazebo/models/InstrumentCart2/thumbnails/4.png -> /home/test/wf3/gazebo/agentsd_ws/install/smart_agent_gazebo/share/smart_agent_gazebo/models/InstrumentCart2/thumbnails\n'}
[1.217047] (smart_agent_gazebo) StdoutLine: {'line': b'symbolically linking /home/test/wf3/gazebo/agentsd_ws/build/smart_agent_gazebo/models/InstrumentCart2/thumbnails/3.png -> /home/test/wf3/gazebo/agentsd_ws/install/smart_agent_gazebo/share/smart_agent_gazebo/models/InstrumentCart2/thumbnails\n'}
[1.217171] (smart_agent_gazebo) StdoutLine: {'line': b'symbolically linking /home/test/wf3/gazebo/agentsd_ws/build/smart_agent_gazebo/models/InstrumentCart2/thumbnails/5.png -> /home/test/wf3/gazebo/agentsd_ws/install/smart_agent_gazebo/share/smart_agent_gazebo/models/InstrumentCart2/thumbnails\n'}
[1.217295] (smart_agent_gazebo) StdoutLine: {'line': b'creating /home/test/wf3/gazebo/agentsd_ws/install/smart_agent_gazebo/share/smart_agent_gazebo/models/InstrumentCart2/meshes\n'}
[1.217419] (smart_agent_gazebo) StdoutLine: {'line': b'symbolically linking /home/test/wf3/gazebo/agentsd_ws/build/smart_agent_gazebo/models/InstrumentCart2/meshes/InstrumentCart2.obj -> /home/test/wf3/gazebo/agentsd_ws/install/smart_agent_gazebo/share/smart_agent_gazebo/models/InstrumentCart2/meshes\n'}
[1.217544] (smart_agent_gazebo) StdoutLine: {'line': b'symbolically linking /home/test/wf3/gazebo/agentsd_ws/build/smart_agent_gazebo/models/InstrumentCart2/meshes/texture.png -> /home/test/wf3/gazebo/agentsd_ws/install/smart_agent_gazebo/share/smart_agent_gazebo/models/InstrumentCart2/meshes\n'}
[1.217670] (smart_agent_gazebo) StdoutLine: {'line': b'symbolically linking /home/test/wf3/gazebo/agentsd_ws/build/smart_agent_gazebo/models/InstrumentCart2/meshes/InstrumentCart2.mtl -> /home/test/wf3/gazebo/agentsd_ws/install/smart_agent_gazebo/share/smart_agent_gazebo/models/InstrumentCart2/meshes\n'}
[1.217795] (smart_agent_gazebo) StdoutLine: {'line': b'creating /home/test/wf3/gazebo/agentsd_ws/install/smart_agent_gazebo/share/smart_agent_gazebo/models/aws_robomaker_residential_DeskPortraitB_02\n'}
[1.217920] (smart_agent_gazebo) StdoutLine: {'line': b'symbolically linking /home/test/wf3/gazebo/agentsd_ws/build/smart_agent_gazebo/models/aws_robomaker_residential_DeskPortraitB_02/model.config -> /home/test/wf3/gazebo/agentsd_ws/install/smart_agent_gazebo/share/smart_agent_gazebo/models/aws_robomaker_residential_DeskPortraitB_02\n'}
[1.218293] (smart_agent_gazebo) StdoutLine: {'line': b'symbolically linking /home/test/wf3/gazebo/agentsd_ws/build/smart_agent_gazebo/models/aws_robomaker_residential_DeskPortraitB_02/model.sdf -> /home/test/wf3/gazebo/agentsd_ws/install/smart_agent_gazebo/share/smart_agent_gazebo/models/aws_robomaker_residential_DeskPortraitB_02\n'}
[1.218435] (smart_agent_gazebo) StdoutLine: {'line': b'creating /home/test/wf3/gazebo/agentsd_ws/install/smart_agent_gazebo/share/smart_agent_gazebo/models/aws_robomaker_residential_DeskPortraitB_02/materials\n'}
[1.218572] (smart_agent_gazebo) StdoutLine: {'line': b'creating /home/test/wf3/gazebo/agentsd_ws/install/smart_agent_gazebo/share/smart_agent_gazebo/models/aws_robomaker_residential_DeskPortraitB_02/materials/textures\n'}
[1.219411] (smart_agent_gazebo) StdoutLine: {'line': b'symbolically linking /home/test/wf3/gazebo/agentsd_ws/build/smart_agent_gazebo/models/aws_robomaker_residential_DeskPortraitB_02/materials/textures/aws_DeskPortraitB_02.png -> /home/test/wf3/gazebo/agentsd_ws/install/smart_agent_gazebo/share/smart_agent_gazebo/models/aws_robomaker_residential_DeskPortraitB_02/materials/textures\n'}
[1.220294] (smart_agent_gazebo) StdoutLine: {'line': b'symbolically linking /home/test/wf3/gazebo/agentsd_ws/build/smart_agent_gazebo/models/aws_robomaker_residential_DeskPortraitB_02/materials/textures/aws_DeskPortraitB_01.png -> /home/test/wf3/gazebo/agentsd_ws/install/smart_agent_gazebo/share/smart_agent_gazebo/models/aws_robomaker_residential_DeskPortraitB_02/materials/textures\n'}
[1.220460] (smart_agent_gazebo) StdoutLine: {'line': b'creating /home/test/wf3/gazebo/agentsd_ws/install/smart_agent_gazebo/share/smart_agent_gazebo/models/aws_robomaker_residential_DeskPortraitB_02/meshes\n'}
[1.220599] (smart_agent_gazebo) StdoutLine: {'line': b'symbolically linking /home/test/wf3/gazebo/agentsd_ws/build/smart_agent_gazebo/models/aws_robomaker_residential_DeskPortraitB_02/meshes/aws_DeskPortraitB_01_visual.DAE -> /home/test/wf3/gazebo/agentsd_ws/install/smart_agent_gazebo/share/smart_agent_gazebo/models/aws_robomaker_residential_DeskPortraitB_02/meshes\n'}
[1.220729] (smart_agent_gazebo) StdoutLine: {'line': b'symbolically linking /home/test/wf3/gazebo/agentsd_ws/build/smart_agent_gazebo/models/aws_robomaker_residential_DeskPortraitB_02/meshes/aws_DeskPortraitB_01_collision.DAE -> /home/test/wf3/gazebo/agentsd_ws/install/smart_agent_gazebo/share/smart_agent_gazebo/models/aws_robomaker_residential_DeskPortraitB_02/meshes\n'}
[1.220866] (smart_agent_gazebo) StdoutLine: {'line': b'creating /home/test/wf3/gazebo/agentsd_ws/install/smart_agent_gazebo/share/smart_agent_gazebo/models/IVStand\n'}
[1.220999] (smart_agent_gazebo) StdoutLine: {'line': b'symbolically linking /home/test/wf3/gazebo/agentsd_ws/build/smart_agent_gazebo/models/IVStand/model.config -> /home/test/wf3/gazebo/agentsd_ws/install/smart_agent_gazebo/share/smart_agent_gazebo/models/IVStand\n'}
[1.221137] (smart_agent_gazebo) StdoutLine: {'line': b'symbolically linking /home/test/wf3/gazebo/agentsd_ws/build/smart_agent_gazebo/models/IVStand/model.sdf -> /home/test/wf3/gazebo/agentsd_ws/install/smart_agent_gazebo/share/smart_agent_gazebo/models/IVStand\n'}
[1.221270] (smart_agent_gazebo) StdoutLine: {'line': b'creating /home/test/wf3/gazebo/agentsd_ws/install/smart_agent_gazebo/share/smart_agent_gazebo/models/IVStand/thumbnails\n'}
[1.221402] (smart_agent_gazebo) StdoutLine: {'line': b'symbolically linking /home/test/wf3/gazebo/agentsd_ws/build/smart_agent_gazebo/models/IVStand/thumbnails/2.png -> /home/test/wf3/gazebo/agentsd_ws/install/smart_agent_gazebo/share/smart_agent_gazebo/models/IVStand/thumbnails\n'}
[1.221535] (smart_agent_gazebo) StdoutLine: {'line': b'symbolically linking /home/test/wf3/gazebo/agentsd_ws/build/smart_agent_gazebo/models/IVStand/thumbnails/1.png -> /home/test/wf3/gazebo/agentsd_ws/install/smart_agent_gazebo/share/smart_agent_gazebo/models/IVStand/thumbnails\n'}
[1.221886] (smart_agent_gazebo) StdoutLine: {'line': b'symbolically linking /home/test/wf3/gazebo/agentsd_ws/build/smart_agent_gazebo/models/IVStand/thumbnails/4.png -> /home/test/wf3/gazebo/agentsd_ws/install/smart_agent_gazebo/share/smart_agent_gazebo/models/IVStand/thumbnails\n'}
[1.222028] (smart_agent_gazebo) StdoutLine: {'line': b'symbolically linking /home/test/wf3/gazebo/agentsd_ws/build/smart_agent_gazebo/models/IVStand/thumbnails/3.png -> /home/test/wf3/gazebo/agentsd_ws/install/smart_agent_gazebo/share/smart_agent_gazebo/models/IVStand/thumbnails\n'}
[1.222165] (smart_agent_gazebo) StdoutLine: {'line': b'symbolically linking /home/test/wf3/gazebo/agentsd_ws/build/smart_agent_gazebo/models/IVStand/thumbnails/5.png -> /home/test/wf3/gazebo/agentsd_ws/install/smart_agent_gazebo/share/smart_agent_gazebo/models/IVStand/thumbnails\n'}
[1.222299] (smart_agent_gazebo) StdoutLine: {'line': b'creating /home/test/wf3/gazebo/agentsd_ws/install/smart_agent_gazebo/share/smart_agent_gazebo/models/IVStand/meshes\n'}
[1.222434] (smart_agent_gazebo) StdoutLine: {'line': b'symbolically linking /home/test/wf3/gazebo/agentsd_ws/build/smart_agent_gazebo/models/IVStand/meshes/IVStand_Diffuse.png -> /home/test/wf3/gazebo/agentsd_ws/install/smart_agent_gazebo/share/smart_agent_gazebo/models/IVStand/meshes\n'}
[1.222566] (smart_agent_gazebo) StdoutLine: {'line': b'symbolically linking /home/test/wf3/gazebo/agentsd_ws/build/smart_agent_gazebo/models/IVStand/meshes/Carts_Wheels_Diffuse.png -> /home/test/wf3/gazebo/agentsd_ws/install/smart_agent_gazebo/share/smart_agent_gazebo/models/IVStand/meshes\n'}
[1.222698] (smart_agent_gazebo) StdoutLine: {'line': b'symbolically linking /home/test/wf3/gazebo/agentsd_ws/build/smart_agent_gazebo/models/IVStand/meshes/IVStand.obj -> /home/test/wf3/gazebo/agentsd_ws/install/smart_agent_gazebo/share/smart_agent_gazebo/models/IVStand/meshes\n'}
[1.222911] (smart_agent_gazebo) StdoutLine: {'line': b'symbolically linking /home/test/wf3/gazebo/agentsd_ws/build/smart_agent_gazebo/models/IVStand/meshes/IVStand.mtl -> /home/test/wf3/gazebo/agentsd_ws/install/smart_agent_gazebo/share/smart_agent_gazebo/models/IVStand/meshes\n'}
[1.223056] (smart_agent_gazebo) StdoutLine: {'line': b'creating /home/test/wf3/gazebo/agentsd_ws/install/smart_agent_gazebo/share/smart_agent_gazebo/models/PotatoChipChair\n'}
[1.223189] (smart_agent_gazebo) StdoutLine: {'line': b'symbolically linking /home/test/wf3/gazebo/agentsd_ws/build/smart_agent_gazebo/models/PotatoChipChair/model.config -> /home/test/wf3/gazebo/agentsd_ws/install/smart_agent_gazebo/share/smart_agent_gazebo/models/PotatoChipChair\n'}
[1.223323] (smart_agent_gazebo) StdoutLine: {'line': b'symbolically linking /home/test/wf3/gazebo/agentsd_ws/build/smart_agent_gazebo/models/PotatoChipChair/model.sdf -> /home/test/wf3/gazebo/agentsd_ws/install/smart_agent_gazebo/share/smart_agent_gazebo/models/PotatoChipChair\n'}
[1.223451] (smart_agent_gazebo) StdoutLine: {'line': b'creating /home/test/wf3/gazebo/agentsd_ws/install/smart_agent_gazebo/share/smart_agent_gazebo/models/PotatoChipChair/thumbnails\n'}
[1.223591] (smart_agent_gazebo) StdoutLine: {'line': b'symbolically linking /home/test/wf3/gazebo/agentsd_ws/build/smart_agent_gazebo/models/PotatoChipChair/thumbnails/2.png -> /home/test/wf3/gazebo/agentsd_ws/install/smart_agent_gazebo/share/smart_agent_gazebo/models/PotatoChipChair/thumbnails\n'}
[1.223728] (smart_agent_gazebo) StdoutLine: {'line': b'symbolically linking /home/test/wf3/gazebo/agentsd_ws/build/smart_agent_gazebo/models/PotatoChipChair/thumbnails/1.png -> /home/test/wf3/gazebo/agentsd_ws/install/smart_agent_gazebo/share/smart_agent_gazebo/models/PotatoChipChair/thumbnails\n'}
[1.223861] (smart_agent_gazebo) StdoutLine: {'line': b'symbolically linking /home/test/wf3/gazebo/agentsd_ws/build/smart_agent_gazebo/models/PotatoChipChair/thumbnails/4.png -> /home/test/wf3/gazebo/agentsd_ws/install/smart_agent_gazebo/share/smart_agent_gazebo/models/PotatoChipChair/thumbnails\n'}
[1.223994] (smart_agent_gazebo) StdoutLine: {'line': b'symbolically linking /home/test/wf3/gazebo/agentsd_ws/build/smart_agent_gazebo/models/PotatoChipChair/thumbnails/3.png -> /home/test/wf3/gazebo/agentsd_ws/install/smart_agent_gazebo/share/smart_agent_gazebo/models/PotatoChipChair/thumbnails\n'}
[1.224647] (smart_agent_gazebo) StdoutLine: {'line': b'symbolically linking /home/test/wf3/gazebo/agentsd_ws/build/smart_agent_gazebo/models/PotatoChipChair/thumbnails/5.png -> /home/test/wf3/gazebo/agentsd_ws/install/smart_agent_gazebo/share/smart_agent_gazebo/models/PotatoChipChair/thumbnails\n'}
[1.224789] (smart_agent_gazebo) StdoutLine: {'line': b'creating /home/test/wf3/gazebo/agentsd_ws/install/smart_agent_gazebo/share/smart_agent_gazebo/models/PotatoChipChair/meshes\n'}
[1.224926] (smart_agent_gazebo) StdoutLine: {'line': b'symbolically linking /home/test/wf3/gazebo/agentsd_ws/build/smart_agent_gazebo/models/PotatoChipChair/meshes/PotatoChipChairDiffuse.png -> /home/test/wf3/gazebo/agentsd_ws/install/smart_agent_gazebo/share/smart_agent_gazebo/models/PotatoChipChair/meshes\n'}
[1.225061] (smart_agent_gazebo) StdoutLine: {'line': b'symbolically linking /home/test/wf3/gazebo/agentsd_ws/build/smart_agent_gazebo/models/PotatoChipChair/meshes/PotatoChipChair.mtl -> /home/test/wf3/gazebo/agentsd_ws/install/smart_agent_gazebo/share/smart_agent_gazebo/models/PotatoChipChair/meshes\n'}
[1.225201] (smart_agent_gazebo) StdoutLine: {'line': b'symbolically linking /home/test/wf3/gazebo/agentsd_ws/build/smart_agent_gazebo/models/PotatoChipChair/meshes/PotatoChipChair_Col.obj -> /home/test/wf3/gazebo/agentsd_ws/install/smart_agent_gazebo/share/smart_agent_gazebo/models/PotatoChipChair/meshes\n'}
[1.225337] (smart_agent_gazebo) StdoutLine: {'line': b'symbolically linking /home/test/wf3/gazebo/agentsd_ws/build/smart_agent_gazebo/models/PotatoChipChair/meshes/PotatoChipChair.obj -> /home/test/wf3/gazebo/agentsd_ws/install/smart_agent_gazebo/share/smart_agent_gazebo/models/PotatoChipChair/meshes\n'}
[1.225475] (smart_agent_gazebo) StdoutLine: {'line': b'symbolically linking /home/test/wf3/gazebo/agentsd_ws/build/smart_agent_gazebo/models/PotatoChipChair/meshes/PotatoChipChair_Col.mtl -> /home/test/wf3/gazebo/agentsd_ws/install/smart_agent_gazebo/share/smart_agent_gazebo/models/PotatoChipChair/meshes\n'}
[1.225609] (smart_agent_gazebo) StdoutLine: {'line': b'creating /home/test/wf3/gazebo/agentsd_ws/install/smart_agent_gazebo/share/smart_agent_gazebo/models/aws_robomaker_residential_DeskPortraitD_01\n'}
[1.225744] (smart_agent_gazebo) StdoutLine: {'line': b'symbolically linking /home/test/wf3/gazebo/agentsd_ws/build/smart_agent_gazebo/models/aws_robomaker_residential_DeskPortraitD_01/model.config -> /home/test/wf3/gazebo/agentsd_ws/install/smart_agent_gazebo/share/smart_agent_gazebo/models/aws_robomaker_residential_DeskPortraitD_01\n'}
[1.225882] (smart_agent_gazebo) StdoutLine: {'line': b'symbolically linking /home/test/wf3/gazebo/agentsd_ws/build/smart_agent_gazebo/models/aws_robomaker_residential_DeskPortraitD_01/model.sdf -> /home/test/wf3/gazebo/agentsd_ws/install/smart_agent_gazebo/share/smart_agent_gazebo/models/aws_robomaker_residential_DeskPortraitD_01\n'}
[1.226107] (smart_agent_gazebo) StdoutLine: {'line': b'creating /home/test/wf3/gazebo/agentsd_ws/install/smart_agent_gazebo/share/smart_agent_gazebo/models/aws_robomaker_residential_DeskPortraitD_01/materials\n'}
[1.226244] (smart_agent_gazebo) StdoutLine: {'line': b'creating /home/test/wf3/gazebo/agentsd_ws/install/smart_agent_gazebo/share/smart_agent_gazebo/models/aws_robomaker_residential_DeskPortraitD_01/materials/textures\n'}
[1.226386] (smart_agent_gazebo) StdoutLine: {'line': b'symbolically linking /home/test/wf3/gazebo/agentsd_ws/build/smart_agent_gazebo/models/aws_robomaker_residential_DeskPortraitD_01/materials/textures/aws_DeskPortraitD_02.png -> /home/test/wf3/gazebo/agentsd_ws/install/smart_agent_gazebo/share/smart_agent_gazebo/models/aws_robomaker_residential_DeskPortraitD_01/materials/textures\n'}
[1.226537] (smart_agent_gazebo) StdoutLine: {'line': b'symbolically linking /home/test/wf3/gazebo/agentsd_ws/build/smart_agent_gazebo/models/aws_robomaker_residential_DeskPortraitD_01/materials/textures/aws_DeskPortraitD_01.png -> /home/test/wf3/gazebo/agentsd_ws/install/smart_agent_gazebo/share/smart_agent_gazebo/models/aws_robomaker_residential_DeskPortraitD_01/materials/textures\n'}
[1.226713] (smart_agent_gazebo) StdoutLine: {'line': b'creating /home/test/wf3/gazebo/agentsd_ws/install/smart_agent_gazebo/share/smart_agent_gazebo/models/aws_robomaker_residential_DeskPortraitD_01/meshes\n'}
[1.226867] (smart_agent_gazebo) StdoutLine: {'line': b'symbolically linking /home/test/wf3/gazebo/agentsd_ws/build/smart_agent_gazebo/models/aws_robomaker_residential_DeskPortraitD_01/meshes/aws_DeskPortraitD_01_visual.DAE -> /home/test/wf3/gazebo/agentsd_ws/install/smart_agent_gazebo/share/smart_agent_gazebo/models/aws_robomaker_residential_DeskPortraitD_01/meshes\n'}
[1.227022] (smart_agent_gazebo) StdoutLine: {'line': b'symbolically linking /home/test/wf3/gazebo/agentsd_ws/build/smart_agent_gazebo/models/aws_robomaker_residential_DeskPortraitD_01/meshes/aws_DeskPortraitD_01_collision.DAE -> /home/test/wf3/gazebo/agentsd_ws/install/smart_agent_gazebo/share/smart_agent_gazebo/models/aws_robomaker_residential_DeskPortraitD_01/meshes\n'}
[1.227178] (smart_agent_gazebo) StdoutLine: {'line': b'creating /home/test/wf3/gazebo/agentsd_ws/install/smart_agent_gazebo/share/smart_agent_gazebo/models/aws_robomaker_residential_Trash_01\n'}
[1.227326] (smart_agent_gazebo) StdoutLine: {'line': b'symbolically linking /home/test/wf3/gazebo/agentsd_ws/build/smart_agent_gazebo/models/aws_robomaker_residential_Trash_01/model.config -> /home/test/wf3/gazebo/agentsd_ws/install/smart_agent_gazebo/share/smart_agent_gazebo/models/aws_robomaker_residential_Trash_01\n'}
[1.227477] (smart_agent_gazebo) StdoutLine: {'line': b'symbolically linking /home/test/wf3/gazebo/agentsd_ws/build/smart_agent_gazebo/models/aws_robomaker_residential_Trash_01/model.sdf -> /home/test/wf3/gazebo/agentsd_ws/install/smart_agent_gazebo/share/smart_agent_gazebo/models/aws_robomaker_residential_Trash_01\n'}
[1.227638] (smart_agent_gazebo) StdoutLine: {'line': b'creating /home/test/wf3/gazebo/agentsd_ws/install/smart_agent_gazebo/share/smart_agent_gazebo/models/aws_robomaker_residential_Trash_01/materials\n'}
[1.227811] (smart_agent_gazebo) StdoutLine: {'line': b'creating /home/test/wf3/gazebo/agentsd_ws/install/smart_agent_gazebo/share/smart_agent_gazebo/models/aws_robomaker_residential_Trash_01/materials/textures\n'}
[1.227962] (smart_agent_gazebo) StdoutLine: {'line': b'symbolically linking /home/test/wf3/gazebo/agentsd_ws/build/smart_agent_gazebo/models/aws_robomaker_residential_Trash_01/materials/textures/aws_Trash_01.png -> /home/test/wf3/gazebo/agentsd_ws/install/smart_agent_gazebo/share/smart_agent_gazebo/models/aws_robomaker_residential_Trash_01/materials/textures\n'}
[1.228111] (smart_agent_gazebo) StdoutLine: {'line': b'creating /home/test/wf3/gazebo/agentsd_ws/install/smart_agent_gazebo/share/smart_agent_gazebo/models/aws_robomaker_residential_Trash_01/meshes\n'}
[1.228257] (smart_agent_gazebo) StdoutLine: {'line': b'symbolically linking /home/test/wf3/gazebo/agentsd_ws/build/smart_agent_gazebo/models/aws_robomaker_residential_Trash_01/meshes/aws_Trash_01_visual.DAE -> /home/test/wf3/gazebo/agentsd_ws/install/smart_agent_gazebo/share/smart_agent_gazebo/models/aws_robomaker_residential_Trash_01/meshes\n'}
[1.228409] (smart_agent_gazebo) StdoutLine: {'line': b'symbolically linking /home/test/wf3/gazebo/agentsd_ws/build/smart_agent_gazebo/models/aws_robomaker_residential_Trash_01/meshes/aws_Trash_01_collision.DAE -> /home/test/wf3/gazebo/agentsd_ws/install/smart_agent_gazebo/share/smart_agent_gazebo/models/aws_robomaker_residential_Trash_01/meshes\n'}
[1.228559] (smart_agent_gazebo) StdoutLine: {'line': b'creating /home/test/wf3/gazebo/agentsd_ws/install/smart_agent_gazebo/share/smart_agent_gazebo/models/AdjTable\n'}
[1.228735] (smart_agent_gazebo) StdoutLine: {'line': b'symbolically linking /home/test/wf3/gazebo/agentsd_ws/build/smart_agent_gazebo/models/AdjTable/model.config -> /home/test/wf3/gazebo/agentsd_ws/install/smart_agent_gazebo/share/smart_agent_gazebo/models/AdjTable\n'}
[1.228938] (smart_agent_gazebo) StdoutLine: {'line': b'symbolically linking /home/test/wf3/gazebo/agentsd_ws/build/smart_agent_gazebo/models/AdjTable/model.sdf -> /home/test/wf3/gazebo/agentsd_ws/install/smart_agent_gazebo/share/smart_agent_gazebo/models/AdjTable\n'}
[1.229092] (smart_agent_gazebo) StdoutLine: {'line': b'creating /home/test/wf3/gazebo/agentsd_ws/install/smart_agent_gazebo/share/smart_agent_gazebo/models/AdjTable/thumbnails\n'}
[1.229242] (smart_agent_gazebo) StdoutLine: {'line': b'symbolically linking /home/test/wf3/gazebo/agentsd_ws/build/smart_agent_gazebo/models/AdjTable/thumbnails/2.png -> /home/test/wf3/gazebo/agentsd_ws/install/smart_agent_gazebo/share/smart_agent_gazebo/models/AdjTable/thumbnails\n'}
[1.229393] (smart_agent_gazebo) StdoutLine: {'line': b'symbolically linking /home/test/wf3/gazebo/agentsd_ws/build/smart_agent_gazebo/models/AdjTable/thumbnails/1.png -> /home/test/wf3/gazebo/agentsd_ws/install/smart_agent_gazebo/share/smart_agent_gazebo/models/AdjTable/thumbnails\n'}
[1.229541] (smart_agent_gazebo) StdoutLine: {'line': b'symbolically linking /home/test/wf3/gazebo/agentsd_ws/build/smart_agent_gazebo/models/AdjTable/thumbnails/4.png -> /home/test/wf3/gazebo/agentsd_ws/install/smart_agent_gazebo/share/smart_agent_gazebo/models/AdjTable/thumbnails\n'}
[1.229688] (smart_agent_gazebo) StdoutLine: {'line': b'symbolically linking /home/test/wf3/gazebo/agentsd_ws/build/smart_agent_gazebo/models/AdjTable/thumbnails/3.png -> /home/test/wf3/gazebo/agentsd_ws/install/smart_agent_gazebo/share/smart_agent_gazebo/models/AdjTable/thumbnails\n'}
[1.229837] (smart_agent_gazebo) StdoutLine: {'line': b'symbolically linking /home/test/wf3/gazebo/agentsd_ws/build/smart_agent_gazebo/models/AdjTable/thumbnails/5.png -> /home/test/wf3/gazebo/agentsd_ws/install/smart_agent_gazebo/share/smart_agent_gazebo/models/AdjTable/thumbnails\n'}
[1.229988] (smart_agent_gazebo) StdoutLine: {'line': b'creating /home/test/wf3/gazebo/agentsd_ws/install/smart_agent_gazebo/share/smart_agent_gazebo/models/AdjTable/meshes\n'}
[1.230133] (smart_agent_gazebo) StdoutLine: {'line': b'symbolically linking /home/test/wf3/gazebo/agentsd_ws/build/smart_agent_gazebo/models/AdjTable/meshes/AdjTable.mtl -> /home/test/wf3/gazebo/agentsd_ws/install/smart_agent_gazebo/share/smart_agent_gazebo/models/AdjTable/meshes\n'}
[1.230282] (smart_agent_gazebo) StdoutLine: {'line': b'symbolically linking /home/test/wf3/gazebo/agentsd_ws/build/smart_agent_gazebo/models/AdjTable/meshes/AdjTable_Col.obj -> /home/test/wf3/gazebo/agentsd_ws/install/smart_agent_gazebo/share/smart_agent_gazebo/models/AdjTable/meshes\n'}
[1.230431] (smart_agent_gazebo) StdoutLine: {'line': b'symbolically linking /home/test/wf3/gazebo/agentsd_ws/build/smart_agent_gazebo/models/AdjTable/meshes/AdjTable_Col.mtl -> /home/test/wf3/gazebo/agentsd_ws/install/smart_agent_gazebo/share/smart_agent_gazebo/models/AdjTable/meshes\n'}
[1.230574] (smart_agent_gazebo) StdoutLine: {'line': b'symbolically linking /home/test/wf3/gazebo/agentsd_ws/build/smart_agent_gazebo/models/AdjTable/meshes/AdjTable.obj -> /home/test/wf3/gazebo/agentsd_ws/install/smart_agent_gazebo/share/smart_agent_gazebo/models/AdjTable/meshes\n'}
[1.230720] (smart_agent_gazebo) StdoutLine: {'line': b'symbolically linking /home/test/wf3/gazebo/agentsd_ws/build/smart_agent_gazebo/models/AdjTable/meshes/AdjTable_Diffuse.png -> /home/test/wf3/gazebo/agentsd_ws/install/smart_agent_gazebo/share/smart_agent_gazebo/models/AdjTable/meshes\n'}
[1.230868] (smart_agent_gazebo) StdoutLine: {'line': b'creating /home/test/wf3/gazebo/agentsd_ws/install/smart_agent_gazebo/share/smart_agent_gazebo/models/smart_agent\n'}
[1.231014] (smart_agent_gazebo) StdoutLine: {'line': b'symbolically linking /home/test/wf3/gazebo/agentsd_ws/build/smart_agent_gazebo/models/smart_agent/model.config -> /home/test/wf3/gazebo/agentsd_ws/install/smart_agent_gazebo/share/smart_agent_gazebo/models/smart_agent\n'}
[1.231159] (smart_agent_gazebo) StdoutLine: {'line': b'symbolically linking /home/test/wf3/gazebo/agentsd_ws/build/smart_agent_gazebo/models/smart_agent/model.sdf -> /home/test/wf3/gazebo/agentsd_ws/install/smart_agent_gazebo/share/smart_agent_gazebo/models/smart_agent\n'}
[1.231333] (smart_agent_gazebo) StdoutLine: {'line': b'creating /home/test/wf3/gazebo/agentsd_ws/install/smart_agent_gazebo/share/smart_agent_gazebo/models/aws_robomaker_residential_RoomWindow_01\n'}
[1.231486] (smart_agent_gazebo) StdoutLine: {'line': b'symbolically linking /home/test/wf3/gazebo/agentsd_ws/build/smart_agent_gazebo/models/aws_robomaker_residential_RoomWindow_01/model.config -> /home/test/wf3/gazebo/agentsd_ws/install/smart_agent_gazebo/share/smart_agent_gazebo/models/aws_robomaker_residential_RoomWindow_01\n'}
[1.231704] (smart_agent_gazebo) StdoutLine: {'line': b'symbolically linking /home/test/wf3/gazebo/agentsd_ws/build/smart_agent_gazebo/models/aws_robomaker_residential_RoomWindow_01/model.sdf -> /home/test/wf3/gazebo/agentsd_ws/install/smart_agent_gazebo/share/smart_agent_gazebo/models/aws_robomaker_residential_RoomWindow_01\n'}
[1.232076] (smart_agent_gazebo) StdoutLine: {'line': b'creating /home/test/wf3/gazebo/agentsd_ws/install/smart_agent_gazebo/share/smart_agent_gazebo/models/aws_robomaker_residential_RoomWindow_01/materials\n'}
[1.232424] (smart_agent_gazebo) StdoutLine: {'line': b'creating /home/test/wf3/gazebo/agentsd_ws/install/smart_agent_gazebo/share/smart_agent_gazebo/models/aws_robomaker_residential_RoomWindow_01/materials/textures\n'}
[1.232581] (smart_agent_gazebo) StdoutLine: {'line': b'symbolically linking /home/test/wf3/gazebo/agentsd_ws/build/smart_agent_gazebo/models/aws_robomaker_residential_RoomWindow_01/materials/textures/aws_RoomWindow_01.png -> /home/test/wf3/gazebo/agentsd_ws/install/smart_agent_gazebo/share/smart_agent_gazebo/models/aws_robomaker_residential_RoomWindow_01/materials/textures\n'}
[1.232740] (smart_agent_gazebo) StdoutLine: {'line': b'creating /home/test/wf3/gazebo/agentsd_ws/install/smart_agent_gazebo/share/smart_agent_gazebo/models/aws_robomaker_residential_RoomWindow_01/meshes\n'}
[1.232893] (smart_agent_gazebo) StdoutLine: {'line': b'symbolically linking /home/test/wf3/gazebo/agentsd_ws/build/smart_agent_gazebo/models/aws_robomaker_residential_RoomWindow_01/meshes/aws_RoomWindow_01_collision.DAE -> /home/test/wf3/gazebo/agentsd_ws/install/smart_agent_gazebo/share/smart_agent_gazebo/models/aws_robomaker_residential_RoomWindow_01/meshes\n'}
[1.233046] (smart_agent_gazebo) StdoutLine: {'line': b'symbolically linking /home/test/wf3/gazebo/agentsd_ws/build/smart_agent_gazebo/models/aws_robomaker_residential_RoomWindow_01/meshes/aws_RoomWindow_01_visual.DAE -> /home/test/wf3/gazebo/agentsd_ws/install/smart_agent_gazebo/share/smart_agent_gazebo/models/aws_robomaker_residential_RoomWindow_01/meshes\n'}
[1.233195] (smart_agent_gazebo) StdoutLine: {'line': b'creating /home/test/wf3/gazebo/agentsd_ws/install/smart_agent_gazebo/share/smart_agent_gazebo/models/OfficeChairBlack\n'}
[1.233345] (smart_agent_gazebo) StdoutLine: {'line': b'symbolically linking /home/test/wf3/gazebo/agentsd_ws/build/smart_agent_gazebo/models/OfficeChairBlack/model.config -> /home/test/wf3/gazebo/agentsd_ws/install/smart_agent_gazebo/share/smart_agent_gazebo/models/OfficeChairBlack\n'}
[1.233491] (smart_agent_gazebo) StdoutLine: {'line': b'symbolically linking /home/test/wf3/gazebo/agentsd_ws/build/smart_agent_gazebo/models/OfficeChairBlack/model.sdf -> /home/test/wf3/gazebo/agentsd_ws/install/smart_agent_gazebo/share/smart_agent_gazebo/models/OfficeChairBlack\n'}
[1.233637] (smart_agent_gazebo) StdoutLine: {'line': b'creating /home/test/wf3/gazebo/agentsd_ws/install/smart_agent_gazebo/share/smart_agent_gazebo/models/OfficeChairBlack/thumbnails\n'}
[1.233784] (smart_agent_gazebo) StdoutLine: {'line': b'symbolically linking /home/test/wf3/gazebo/agentsd_ws/build/smart_agent_gazebo/models/OfficeChairBlack/thumbnails/2.png -> /home/test/wf3/gazebo/agentsd_ws/install/smart_agent_gazebo/share/smart_agent_gazebo/models/OfficeChairBlack/thumbnails\n'}
[1.233939] (smart_agent_gazebo) StdoutLine: {'line': b'symbolically linking /home/test/wf3/gazebo/agentsd_ws/build/smart_agent_gazebo/models/OfficeChairBlack/thumbnails/1.png -> /home/test/wf3/gazebo/agentsd_ws/install/smart_agent_gazebo/share/smart_agent_gazebo/models/OfficeChairBlack/thumbnails\n'}
[1.234085] (smart_agent_gazebo) StdoutLine: {'line': b'symbolically linking /home/test/wf3/gazebo/agentsd_ws/build/smart_agent_gazebo/models/OfficeChairBlack/thumbnails/4.png -> /home/test/wf3/gazebo/agentsd_ws/install/smart_agent_gazebo/share/smart_agent_gazebo/models/OfficeChairBlack/thumbnails\n'}
[1.234235] (smart_agent_gazebo) StdoutLine: {'line': b'symbolically linking /home/test/wf3/gazebo/agentsd_ws/build/smart_agent_gazebo/models/OfficeChairBlack/thumbnails/3.png -> /home/test/wf3/gazebo/agentsd_ws/install/smart_agent_gazebo/share/smart_agent_gazebo/models/OfficeChairBlack/thumbnails\n'}
[1.234377] (smart_agent_gazebo) StdoutLine: {'line': b'symbolically linking /home/test/wf3/gazebo/agentsd_ws/build/smart_agent_gazebo/models/OfficeChairBlack/thumbnails/5.png -> /home/test/wf3/gazebo/agentsd_ws/install/smart_agent_gazebo/share/smart_agent_gazebo/models/OfficeChairBlack/thumbnails\n'}
[1.234522] (smart_agent_gazebo) StdoutLine: {'line': b'creating /home/test/wf3/gazebo/agentsd_ws/install/smart_agent_gazebo/share/smart_agent_gazebo/models/OfficeChairBlack/thumbnails/meta\n'}
[1.234669] (smart_agent_gazebo) StdoutLine: {'line': b'symbolically linking /home/test/wf3/gazebo/agentsd_ws/build/smart_agent_gazebo/models/OfficeChairBlack/thumbnails/meta/2.png -> /home/test/wf3/gazebo/agentsd_ws/install/smart_agent_gazebo/share/smart_agent_gazebo/models/OfficeChairBlack/thumbnails/meta\n'}
[1.234865] (smart_agent_gazebo) StdoutLine: {'line': b'symbolically linking /home/test/wf3/gazebo/agentsd_ws/build/smart_agent_gazebo/models/OfficeChairBlack/thumbnails/meta/1.png -> /home/test/wf3/gazebo/agentsd_ws/install/smart_agent_gazebo/share/smart_agent_gazebo/models/OfficeChairBlack/thumbnails/meta\n'}
[1.235024] (smart_agent_gazebo) StdoutLine: {'line': b'symbolically linking /home/test/wf3/gazebo/agentsd_ws/build/smart_agent_gazebo/models/OfficeChairBlack/thumbnails/meta/4.png -> /home/test/wf3/gazebo/agentsd_ws/install/smart_agent_gazebo/share/smart_agent_gazebo/models/OfficeChairBlack/thumbnails/meta\n'}
[1.235566] (smart_agent_gazebo) StdoutLine: {'line': b'symbolically linking /home/test/wf3/gazebo/agentsd_ws/build/smart_agent_gazebo/models/OfficeChairBlack/thumbnails/meta/3.png -> /home/test/wf3/gazebo/agentsd_ws/install/smart_agent_gazebo/share/smart_agent_gazebo/models/OfficeChairBlack/thumbnails/meta\n'}
[1.235737] (smart_agent_gazebo) StdoutLine: {'line': b'symbolically linking /home/test/wf3/gazebo/agentsd_ws/build/smart_agent_gazebo/models/OfficeChairBlack/thumbnails/meta/5.png -> /home/test/wf3/gazebo/agentsd_ws/install/smart_agent_gazebo/share/smart_agent_gazebo/models/OfficeChairBlack/thumbnails/meta\n'}
[1.235888] (smart_agent_gazebo) StdoutLine: {'line': b'creating /home/test/wf3/gazebo/agentsd_ws/install/smart_agent_gazebo/share/smart_agent_gazebo/models/OfficeChairBlack/meshes\n'}
[1.236038] (smart_agent_gazebo) StdoutLine: {'line': b'symbolically linking /home/test/wf3/gazebo/agentsd_ws/build/smart_agent_gazebo/models/OfficeChairBlack/meshes/OfficeChairBlack_Col.mtl -> /home/test/wf3/gazebo/agentsd_ws/install/smart_agent_gazebo/share/smart_agent_gazebo/models/OfficeChairBlack/meshes\n'}
[1.236188] (smart_agent_gazebo) StdoutLine: {'line': b'symbolically linking /home/test/wf3/gazebo/agentsd_ws/build/smart_agent_gazebo/models/OfficeChairBlack/meshes/OfficeChairBlack.obj -> /home/test/wf3/gazebo/agentsd_ws/install/smart_agent_gazebo/share/smart_agent_gazebo/models/OfficeChairBlack/meshes\n'}
[1.236337] (smart_agent_gazebo) StdoutLine: {'line': b'symbolically linking /home/test/wf3/gazebo/agentsd_ws/build/smart_agent_gazebo/models/OfficeChairBlack/meshes/OfficeChairBlack.mtl -> /home/test/wf3/gazebo/agentsd_ws/install/smart_agent_gazebo/share/smart_agent_gazebo/models/OfficeChairBlack/meshes\n'}
[1.236488] (smart_agent_gazebo) StdoutLine: {'line': b'symbolically linking /home/test/wf3/gazebo/agentsd_ws/build/smart_agent_gazebo/models/OfficeChairBlack/meshes/OfficeChairBlack_Col.obj -> /home/test/wf3/gazebo/agentsd_ws/install/smart_agent_gazebo/share/smart_agent_gazebo/models/OfficeChairBlack/meshes\n'}
[1.236670] (smart_agent_gazebo) StdoutLine: {'line': b'symbolically linking /home/test/wf3/gazebo/agentsd_ws/build/smart_agent_gazebo/models/OfficeChairBlack/meshes/OfficeChairBlack.png -> /home/test/wf3/gazebo/agentsd_ws/install/smart_agent_gazebo/share/smart_agent_gazebo/models/OfficeChairBlack/meshes\n'}
[1.236823] (smart_agent_gazebo) StdoutLine: {'line': b'creating /home/test/wf3/gazebo/agentsd_ws/install/smart_agent_gazebo/share/smart_agent_gazebo/models/aws_robomaker_retail_Computer_01\n'}
[1.236976] (smart_agent_gazebo) StdoutLine: {'line': b'symbolically linking /home/test/wf3/gazebo/agentsd_ws/build/smart_agent_gazebo/models/aws_robomaker_retail_Computer_01/model.config -> /home/test/wf3/gazebo/agentsd_ws/install/smart_agent_gazebo/share/smart_agent_gazebo/models/aws_robomaker_retail_Computer_01\n'}
[1.237131] (smart_agent_gazebo) StdoutLine: {'line': b'symbolically linking /home/test/wf3/gazebo/agentsd_ws/build/smart_agent_gazebo/models/aws_robomaker_retail_Computer_01/model.sdf -> /home/test/wf3/gazebo/agentsd_ws/install/smart_agent_gazebo/share/smart_agent_gazebo/models/aws_robomaker_retail_Computer_01\n'}
[1.237281] (smart_agent_gazebo) StdoutLine: {'line': b'creating /home/test/wf3/gazebo/agentsd_ws/install/smart_agent_gazebo/share/smart_agent_gazebo/models/aws_robomaker_retail_Computer_01/materials\n'}
[1.237432] (smart_agent_gazebo) StdoutLine: {'line': b'creating /home/test/wf3/gazebo/agentsd_ws/install/smart_agent_gazebo/share/smart_agent_gazebo/models/aws_robomaker_retail_Computer_01/materials/textures\n'}
[1.237574] (smart_agent_gazebo) StdoutLine: {'line': b'symbolically linking /home/test/wf3/gazebo/agentsd_ws/build/smart_agent_gazebo/models/aws_robomaker_retail_Computer_01/materials/textures/aws_Computer_01.png -> /home/test/wf3/gazebo/agentsd_ws/install/smart_agent_gazebo/share/smart_agent_gazebo/models/aws_robomaker_retail_Computer_01/materials/textures\n'}
[1.237724] (smart_agent_gazebo) StdoutLine: {'line': b'creating /home/test/wf3/gazebo/agentsd_ws/install/smart_agent_gazebo/share/smart_agent_gazebo/models/aws_robomaker_retail_Computer_01/meshes\n'}
[1.237868] (smart_agent_gazebo) StdoutLine: {'line': b'symbolically linking /home/test/wf3/gazebo/agentsd_ws/build/smart_agent_gazebo/models/aws_robomaker_retail_Computer_01/meshes/aws_Computer_01_collision.DAE -> /home/test/wf3/gazebo/agentsd_ws/install/smart_agent_gazebo/share/smart_agent_gazebo/models/aws_robomaker_retail_Computer_01/meshes\n'}
[1.238058] (smart_agent_gazebo) StdoutLine: {'line': b'symbolically linking /home/test/wf3/gazebo/agentsd_ws/build/smart_agent_gazebo/models/aws_robomaker_retail_Computer_01/meshes/aws_Computer_01_visual.DAE -> /home/test/wf3/gazebo/agentsd_ws/install/smart_agent_gazebo/share/smart_agent_gazebo/models/aws_robomaker_retail_Computer_01/meshes\n'}
[1.238220] (smart_agent_gazebo) StdoutLine: {'line': b'creating /home/test/wf3/gazebo/agentsd_ws/install/smart_agent_gazebo/share/smart_agent_gazebo/models/aws_robomaker_residential_Handle_01\n'}
[1.238375] (smart_agent_gazebo) StdoutLine: {'line': b'symbolically linking /home/test/wf3/gazebo/agentsd_ws/build/smart_agent_gazebo/models/aws_robomaker_residential_Handle_01/model.config -> /home/test/wf3/gazebo/agentsd_ws/install/smart_agent_gazebo/share/smart_agent_gazebo/models/aws_robomaker_residential_Handle_01\n'}
[1.238878] (smart_agent_gazebo) StdoutLine: {'line': b'symbolically linking /home/test/wf3/gazebo/agentsd_ws/build/smart_agent_gazebo/models/aws_robomaker_residential_Handle_01/model.sdf -> /home/test/wf3/gazebo/agentsd_ws/install/smart_agent_gazebo/share/smart_agent_gazebo/models/aws_robomaker_residential_Handle_01\n'}
[1.239035] (smart_agent_gazebo) StdoutLine: {'line': b'creating /home/test/wf3/gazebo/agentsd_ws/install/smart_agent_gazebo/share/smart_agent_gazebo/models/aws_robomaker_residential_Handle_01/materials\n'}
[1.239208] (smart_agent_gazebo) StdoutLine: {'line': b'creating /home/test/wf3/gazebo/agentsd_ws/install/smart_agent_gazebo/share/smart_agent_gazebo/models/aws_robomaker_residential_Handle_01/materials/textures\n'}
[1.239362] (smart_agent_gazebo) StdoutLine: {'line': b'symbolically linking /home/test/wf3/gazebo/agentsd_ws/build/smart_agent_gazebo/models/aws_robomaker_residential_Handle_01/materials/textures/aws_Handle_01.png -> /home/test/wf3/gazebo/agentsd_ws/install/smart_agent_gazebo/share/smart_agent_gazebo/models/aws_robomaker_residential_Handle_01/materials/textures\n'}
[1.239512] (smart_agent_gazebo) StdoutLine: {'line': b'creating /home/test/wf3/gazebo/agentsd_ws/install/smart_agent_gazebo/share/smart_agent_gazebo/models/aws_robomaker_residential_Handle_01/meshes\n'}
[1.239707] (smart_agent_gazebo) StdoutLine: {'line': b'symbolically linking /home/test/wf3/gazebo/agentsd_ws/build/smart_agent_gazebo/models/aws_robomaker_residential_Handle_01/meshes/aws_ handle_01_collision.DAE -> /home/test/wf3/gazebo/agentsd_ws/install/smart_agent_gazebo/share/smart_agent_gazebo/models/aws_robomaker_residential_Handle_01/meshes\n'}
[1.239865] (smart_agent_gazebo) StdoutLine: {'line': b'symbolically linking /home/test/wf3/gazebo/agentsd_ws/build/smart_agent_gazebo/models/aws_robomaker_residential_Handle_01/meshes/aws_Handle_01_visual.DAE -> /home/test/wf3/gazebo/agentsd_ws/install/smart_agent_gazebo/share/smart_agent_gazebo/models/aws_robomaker_residential_Handle_01/meshes\n'}
[1.240015] (smart_agent_gazebo) StdoutLine: {'line': b'symbolically linking /home/test/wf3/gazebo/agentsd_ws/build/smart_agent_gazebo/models/aws_robomaker_residential_Handle_01/meshes/aws_Handle_01_collision.DAE -> /home/test/wf3/gazebo/agentsd_ws/install/smart_agent_gazebo/share/smart_agent_gazebo/models/aws_robomaker_residential_Handle_01/meshes\n'}
[1.240161] (smart_agent_gazebo) StdoutLine: {'line': b'creating /home/test/wf3/gazebo/agentsd_ws/install/smart_agent_gazebo/share/smart_agent_gazebo/models/aws_robomaker_residential_TV_02\n'}
[1.240314] (smart_agent_gazebo) StdoutLine: {'line': b'symbolically linking /home/test/wf3/gazebo/agentsd_ws/build/smart_agent_gazebo/models/aws_robomaker_residential_TV_02/model.config -> /home/test/wf3/gazebo/agentsd_ws/install/smart_agent_gazebo/share/smart_agent_gazebo/models/aws_robomaker_residential_TV_02\n'}
[1.240466] (smart_agent_gazebo) StdoutLine: {'line': b'symbolically linking /home/test/wf3/gazebo/agentsd_ws/build/smart_agent_gazebo/models/aws_robomaker_residential_TV_02/model.sdf -> /home/test/wf3/gazebo/agentsd_ws/install/smart_agent_gazebo/share/smart_agent_gazebo/models/aws_robomaker_residential_TV_02\n'}
[1.240613] (smart_agent_gazebo) StdoutLine: {'line': b'creating /home/test/wf3/gazebo/agentsd_ws/install/smart_agent_gazebo/share/smart_agent_gazebo/models/aws_robomaker_residential_TV_02/materials\n'}
[1.240762] (smart_agent_gazebo) StdoutLine: {'line': b'creating /home/test/wf3/gazebo/agentsd_ws/install/smart_agent_gazebo/share/smart_agent_gazebo/models/aws_robomaker_residential_TV_02/materials/textures\n'}
[1.240909] (smart_agent_gazebo) StdoutLine: {'line': b'symbolically linking /home/test/wf3/gazebo/agentsd_ws/build/smart_agent_gazebo/models/aws_robomaker_residential_TV_02/materials/textures/aws_TV_01.png -> /home/test/wf3/gazebo/agentsd_ws/install/smart_agent_gazebo/share/smart_agent_gazebo/models/aws_robomaker_residential_TV_02/materials/textures\n'}
[1.241574] (smart_agent_gazebo) StdoutLine: {'line': b'creating /home/test/wf3/gazebo/agentsd_ws/install/smart_agent_gazebo/share/smart_agent_gazebo/models/aws_robomaker_residential_TV_02/meshes\n'}
[1.241740] (smart_agent_gazebo) StdoutLine: {'line': b'symbolically linking /home/test/wf3/gazebo/agentsd_ws/build/smart_agent_gazebo/models/aws_robomaker_residential_TV_02/meshes/aws_TV_01_collision.DAE -> /home/test/wf3/gazebo/agentsd_ws/install/smart_agent_gazebo/share/smart_agent_gazebo/models/aws_robomaker_residential_TV_02/meshes\n'}
[1.241904] (smart_agent_gazebo) StdoutLine: {'line': b'symbolically linking /home/test/wf3/gazebo/agentsd_ws/build/smart_agent_gazebo/models/aws_robomaker_residential_TV_02/meshes/aws_TV_01_visual.DAE -> /home/test/wf3/gazebo/agentsd_ws/install/smart_agent_gazebo/share/smart_agent_gazebo/models/aws_robomaker_residential_TV_02/meshes\n'}
[1.242102] (smart_agent_gazebo) StdoutLine: {'line': b'creating /home/test/wf3/gazebo/agentsd_ws/install/smart_agent_gazebo/share/smart_agent_gazebo/models/aws_robomaker_residential_PortraitE_01\n'}
[1.242327] (smart_agent_gazebo) StdoutLine: {'line': b'symbolically linking /home/test/wf3/gazebo/agentsd_ws/build/smart_agent_gazebo/models/aws_robomaker_residential_PortraitE_01/model.config -> /home/test/wf3/gazebo/agentsd_ws/install/smart_agent_gazebo/share/smart_agent_gazebo/models/aws_robomaker_residential_PortraitE_01\n'}
[1.242480] (smart_agent_gazebo) StdoutLine: {'line': b'symbolically linking /home/test/wf3/gazebo/agentsd_ws/build/smart_agent_gazebo/models/aws_robomaker_residential_PortraitE_01/model.sdf -> /home/test/wf3/gazebo/agentsd_ws/install/smart_agent_gazebo/share/smart_agent_gazebo/models/aws_robomaker_residential_PortraitE_01\n'}
[1.242633] (smart_agent_gazebo) StdoutLine: {'line': b'creating /home/test/wf3/gazebo/agentsd_ws/install/smart_agent_gazebo/share/smart_agent_gazebo/models/aws_robomaker_residential_PortraitE_01/materials\n'}
[1.242783] (smart_agent_gazebo) StdoutLine: {'line': b'creating /home/test/wf3/gazebo/agentsd_ws/install/smart_agent_gazebo/share/smart_agent_gazebo/models/aws_robomaker_residential_PortraitE_01/materials/textures\n'}
[1.242933] (smart_agent_gazebo) StdoutLine: {'line': b'symbolically linking /home/test/wf3/gazebo/agentsd_ws/build/smart_agent_gazebo/models/aws_robomaker_residential_PortraitE_01/materials/textures/aws_PortraitE_01.png -> /home/test/wf3/gazebo/agentsd_ws/install/smart_agent_gazebo/share/smart_agent_gazebo/models/aws_robomaker_residential_PortraitE_01/materials/textures\n'}
[1.243089] (smart_agent_gazebo) StdoutLine: {'line': b'symbolically linking /home/test/wf3/gazebo/agentsd_ws/build/smart_agent_gazebo/models/aws_robomaker_residential_PortraitE_01/materials/textures/aws_PortraitE_02.png -> /home/test/wf3/gazebo/agentsd_ws/install/smart_agent_gazebo/share/smart_agent_gazebo/models/aws_robomaker_residential_PortraitE_01/materials/textures\n'}
[1.243237] (smart_agent_gazebo) StdoutLine: {'line': b'creating /home/test/wf3/gazebo/agentsd_ws/install/smart_agent_gazebo/share/smart_agent_gazebo/models/aws_robomaker_residential_PortraitE_01/meshes\n'}
[1.243387] (smart_agent_gazebo) StdoutLine: {'line': b'symbolically linking /home/test/wf3/gazebo/agentsd_ws/build/smart_agent_gazebo/models/aws_robomaker_residential_PortraitE_01/meshes/aws_PortraitE_01_collision.DAE -> /home/test/wf3/gazebo/agentsd_ws/install/smart_agent_gazebo/share/smart_agent_gazebo/models/aws_robomaker_residential_PortraitE_01/meshes\n'}
[1.243535] (smart_agent_gazebo) StdoutLine: {'line': b'symbolically linking /home/test/wf3/gazebo/agentsd_ws/build/smart_agent_gazebo/models/aws_robomaker_residential_PortraitE_01/meshes/aws_PortraitE_01_visual.DAE -> /home/test/wf3/gazebo/agentsd_ws/install/smart_agent_gazebo/share/smart_agent_gazebo/models/aws_robomaker_residential_PortraitE_01/meshes\n'}
[1.244462] (smart_agent_gazebo) StdoutLine: {'line': b'creating /home/test/wf3/gazebo/agentsd_ws/install/smart_agent_gazebo/share/smart_agent_gazebo/models/aws_robomaker_residential_PortraitA_02\n'}
[1.244629] (smart_agent_gazebo) StdoutLine: {'line': b'symbolically linking /home/test/wf3/gazebo/agentsd_ws/build/smart_agent_gazebo/models/aws_robomaker_residential_PortraitA_02/model.config -> /home/test/wf3/gazebo/agentsd_ws/install/smart_agent_gazebo/share/smart_agent_gazebo/models/aws_robomaker_residential_PortraitA_02\n'}
[1.244787] (smart_agent_gazebo) StdoutLine: {'line': b'symbolically linking /home/test/wf3/gazebo/agentsd_ws/build/smart_agent_gazebo/models/aws_robomaker_residential_PortraitA_02/model.sdf -> /home/test/wf3/gazebo/agentsd_ws/install/smart_agent_gazebo/share/smart_agent_gazebo/models/aws_robomaker_residential_PortraitA_02\n'}
[1.244977] (smart_agent_gazebo) StdoutLine: {'line': b'creating /home/test/wf3/gazebo/agentsd_ws/install/smart_agent_gazebo/share/smart_agent_gazebo/models/aws_robomaker_residential_PortraitA_02/materials\n'}
[1.245330] (smart_agent_gazebo) StdoutLine: {'line': b'creating /home/test/wf3/gazebo/agentsd_ws/install/smart_agent_gazebo/share/smart_agent_gazebo/models/aws_robomaker_residential_PortraitA_02/materials/textures\n'}
[1.245490] (smart_agent_gazebo) StdoutLine: {'line': b'symbolically linking /home/test/wf3/gazebo/agentsd_ws/build/smart_agent_gazebo/models/aws_robomaker_residential_PortraitA_02/materials/textures/aws_PortraitA_02.png -> /home/test/wf3/gazebo/agentsd_ws/install/smart_agent_gazebo/share/smart_agent_gazebo/models/aws_robomaker_residential_PortraitA_02/materials/textures\n'}
[1.245644] (smart_agent_gazebo) StdoutLine: {'line': b'symbolically linking /home/test/wf3/gazebo/agentsd_ws/build/smart_agent_gazebo/models/aws_robomaker_residential_PortraitA_02/materials/textures/aws_PortraitA_01.png -> /home/test/wf3/gazebo/agentsd_ws/install/smart_agent_gazebo/share/smart_agent_gazebo/models/aws_robomaker_residential_PortraitA_02/materials/textures\n'}
[1.245792] (smart_agent_gazebo) StdoutLine: {'line': b'creating /home/test/wf3/gazebo/agentsd_ws/install/smart_agent_gazebo/share/smart_agent_gazebo/models/aws_robomaker_residential_PortraitA_02/meshes\n'}
[1.245964] (smart_agent_gazebo) StdoutLine: {'line': b'symbolically linking /home/test/wf3/gazebo/agentsd_ws/build/smart_agent_gazebo/models/aws_robomaker_residential_PortraitA_02/meshes/aws_PortraitA_01_collision.DAE -> /home/test/wf3/gazebo/agentsd_ws/install/smart_agent_gazebo/share/smart_agent_gazebo/models/aws_robomaker_residential_PortraitA_02/meshes\n'}
[1.246121] (smart_agent_gazebo) StdoutLine: {'line': b'symbolically linking /home/test/wf3/gazebo/agentsd_ws/build/smart_agent_gazebo/models/aws_robomaker_residential_PortraitA_02/meshes/aws_PortraitA_01_visual.DAE -> /home/test/wf3/gazebo/agentsd_ws/install/smart_agent_gazebo/share/smart_agent_gazebo/models/aws_robomaker_residential_PortraitA_02/meshes\n'}
[1.246273] (smart_agent_gazebo) StdoutLine: {'line': b'creating /home/test/wf3/gazebo/agentsd_ws/install/smart_agent_gazebo/share/smart_agent_gazebo/models/aws_robomaker_residential_FloorB_01\n'}
[1.246425] (smart_agent_gazebo) StdoutLine: {'line': b'symbolically linking /home/test/wf3/gazebo/agentsd_ws/build/smart_agent_gazebo/models/aws_robomaker_residential_FloorB_01/model.config -> /home/test/wf3/gazebo/agentsd_ws/install/smart_agent_gazebo/share/smart_agent_gazebo/models/aws_robomaker_residential_FloorB_01\n'}
[1.246573] (smart_agent_gazebo) StdoutLine: {'line': b'symbolically linking /home/test/wf3/gazebo/agentsd_ws/build/smart_agent_gazebo/models/aws_robomaker_residential_FloorB_01/model.sdf -> /home/test/wf3/gazebo/agentsd_ws/install/smart_agent_gazebo/share/smart_agent_gazebo/models/aws_robomaker_residential_FloorB_01\n'}
[1.246718] (smart_agent_gazebo) StdoutLine: {'line': b'creating /home/test/wf3/gazebo/agentsd_ws/install/smart_agent_gazebo/share/smart_agent_gazebo/models/aws_robomaker_residential_FloorB_01/materials\n'}
[1.246860] (smart_agent_gazebo) StdoutLine: {'line': b'creating /home/test/wf3/gazebo/agentsd_ws/install/smart_agent_gazebo/share/smart_agent_gazebo/models/aws_robomaker_residential_FloorB_01/materials/textures\n'}
[1.247004] (smart_agent_gazebo) StdoutLine: {'line': b'symbolically linking /home/test/wf3/gazebo/agentsd_ws/build/smart_agent_gazebo/models/aws_robomaker_residential_FloorB_01/materials/textures/aws_FloorB_01.png -> /home/test/wf3/gazebo/agentsd_ws/install/smart_agent_gazebo/share/smart_agent_gazebo/models/aws_robomaker_residential_FloorB_01/materials/textures\n'}
[1.247148] (smart_agent_gazebo) StdoutLine: {'line': b'creating /home/test/wf3/gazebo/agentsd_ws/install/smart_agent_gazebo/share/smart_agent_gazebo/models/aws_robomaker_residential_FloorB_01/meshes\n'}
[1.247289] (smart_agent_gazebo) StdoutLine: {'line': b'symbolically linking /home/test/wf3/gazebo/agentsd_ws/build/smart_agent_gazebo/models/aws_robomaker_residential_FloorB_01/meshes/aws_FloorB_01_visual.DAE -> /home/test/wf3/gazebo/agentsd_ws/install/smart_agent_gazebo/share/smart_agent_gazebo/models/aws_robomaker_residential_FloorB_01/meshes\n'}
[1.247665] (smart_agent_gazebo) StdoutLine: {'line': b'symbolically linking /home/test/wf3/gazebo/agentsd_ws/build/smart_agent_gazebo/models/aws_robomaker_residential_FloorB_01/meshes/aws_FloorB_01_collision.DAE -> /home/test/wf3/gazebo/agentsd_ws/install/smart_agent_gazebo/share/smart_agent_gazebo/models/aws_robomaker_residential_FloorB_01/meshes\n'}
[1.247841] (smart_agent_gazebo) StdoutLine: {'line': b'creating /home/test/wf3/gazebo/agentsd_ws/install/smart_agent_gazebo/share/smart_agent_gazebo/models/aws_robomaker_residential_ShoeRack_01\n'}
[1.247992] (smart_agent_gazebo) StdoutLine: {'line': b'symbolically linking /home/test/wf3/gazebo/agentsd_ws/build/smart_agent_gazebo/models/aws_robomaker_residential_ShoeRack_01/model.config -> /home/test/wf3/gazebo/agentsd_ws/install/smart_agent_gazebo/share/smart_agent_gazebo/models/aws_robomaker_residential_ShoeRack_01\n'}
[1.248157] (smart_agent_gazebo) StdoutLine: {'line': b'symbolically linking /home/test/wf3/gazebo/agentsd_ws/build/smart_agent_gazebo/models/aws_robomaker_residential_ShoeRack_01/model.sdf -> /home/test/wf3/gazebo/agentsd_ws/install/smart_agent_gazebo/share/smart_agent_gazebo/models/aws_robomaker_residential_ShoeRack_01\n'}
[1.248311] (smart_agent_gazebo) StdoutLine: {'line': b'creating /home/test/wf3/gazebo/agentsd_ws/install/smart_agent_gazebo/share/smart_agent_gazebo/models/aws_robomaker_residential_ShoeRack_01/materials\n'}
[1.248461] (smart_agent_gazebo) StdoutLine: {'line': b'creating /home/test/wf3/gazebo/agentsd_ws/install/smart_agent_gazebo/share/smart_agent_gazebo/models/aws_robomaker_residential_ShoeRack_01/materials/textures\n'}
[1.248607] (smart_agent_gazebo) StdoutLine: {'line': b'symbolically linking /home/test/wf3/gazebo/agentsd_ws/build/smart_agent_gazebo/models/aws_robomaker_residential_ShoeRack_01/materials/textures/aws_ShoeRack_01.png -> /home/test/wf3/gazebo/agentsd_ws/install/smart_agent_gazebo/share/smart_agent_gazebo/models/aws_robomaker_residential_ShoeRack_01/materials/textures\n'}
[1.248755] (smart_agent_gazebo) StdoutLine: {'line': b'creating /home/test/wf3/gazebo/agentsd_ws/install/smart_agent_gazebo/share/smart_agent_gazebo/models/aws_robomaker_residential_ShoeRack_01/meshes\n'}
[1.248906] (smart_agent_gazebo) StdoutLine: {'line': b'symbolically linking /home/test/wf3/gazebo/agentsd_ws/build/smart_agent_gazebo/models/aws_robomaker_residential_ShoeRack_01/meshes/aws_ShoeRack_01_collision.DAE -> /home/test/wf3/gazebo/agentsd_ws/install/smart_agent_gazebo/share/smart_agent_gazebo/models/aws_robomaker_residential_ShoeRack_01/meshes\n'}
[1.249246] (smart_agent_gazebo) StdoutLine: {'line': b'symbolically linking /home/test/wf3/gazebo/agentsd_ws/build/smart_agent_gazebo/models/aws_robomaker_residential_ShoeRack_01/meshes/aws_ShoeRack_01_visual.DAE -> /home/test/wf3/gazebo/agentsd_ws/install/smart_agent_gazebo/share/smart_agent_gazebo/models/aws_robomaker_residential_ShoeRack_01/meshes\n'}
[1.249401] (smart_agent_gazebo) StdoutLine: {'line': b'creating /home/test/wf3/gazebo/agentsd_ws/install/smart_agent_gazebo/share/smart_agent_gazebo/models/aws_robomaker_residential_Tableware_01\n'}
[1.249555] (smart_agent_gazebo) StdoutLine: {'line': b'symbolically linking /home/test/wf3/gazebo/agentsd_ws/build/smart_agent_gazebo/models/aws_robomaker_residential_Tableware_01/model.config -> /home/test/wf3/gazebo/agentsd_ws/install/smart_agent_gazebo/share/smart_agent_gazebo/models/aws_robomaker_residential_Tableware_01\n'}
[1.249703] (smart_agent_gazebo) StdoutLine: {'line': b'symbolically linking /home/test/wf3/gazebo/agentsd_ws/build/smart_agent_gazebo/models/aws_robomaker_residential_Tableware_01/model.sdf -> /home/test/wf3/gazebo/agentsd_ws/install/smart_agent_gazebo/share/smart_agent_gazebo/models/aws_robomaker_residential_Tableware_01\n'}
[1.249853] (smart_agent_gazebo) StdoutLine: {'line': b'creating /home/test/wf3/gazebo/agentsd_ws/install/smart_agent_gazebo/share/smart_agent_gazebo/models/aws_robomaker_residential_Tableware_01/materials\n'}
[1.250018] (smart_agent_gazebo) StdoutLine: {'line': b'creating /home/test/wf3/gazebo/agentsd_ws/install/smart_agent_gazebo/share/smart_agent_gazebo/models/aws_robomaker_residential_Tableware_01/materials/textures\n'}
[1.250175] (smart_agent_gazebo) StdoutLine: {'line': b'symbolically linking /home/test/wf3/gazebo/agentsd_ws/build/smart_agent_gazebo/models/aws_robomaker_residential_Tableware_01/materials/textures/aws_Tableware_01.png -> /home/test/wf3/gazebo/agentsd_ws/install/smart_agent_gazebo/share/smart_agent_gazebo/models/aws_robomaker_residential_Tableware_01/materials/textures\n'}
[1.250334] (smart_agent_gazebo) StdoutLine: {'line': b'creating /home/test/wf3/gazebo/agentsd_ws/install/smart_agent_gazebo/share/smart_agent_gazebo/models/aws_robomaker_residential_Tableware_01/meshes\n'}
[1.250489] (smart_agent_gazebo) StdoutLine: {'line': b'symbolically linking /home/test/wf3/gazebo/agentsd_ws/build/smart_agent_gazebo/models/aws_robomaker_residential_Tableware_01/meshes/aws_Tableware_01_collision.DAE -> /home/test/wf3/gazebo/agentsd_ws/install/smart_agent_gazebo/share/smart_agent_gazebo/models/aws_robomaker_residential_Tableware_01/meshes\n'}
[1.250643] (smart_agent_gazebo) StdoutLine: {'line': b'symbolically linking /home/test/wf3/gazebo/agentsd_ws/build/smart_agent_gazebo/models/aws_robomaker_residential_Tableware_01/meshes/aws_Tableware_01_visual.DAE -> /home/test/wf3/gazebo/agentsd_ws/install/smart_agent_gazebo/share/smart_agent_gazebo/models/aws_robomaker_residential_Tableware_01/meshes\n'}
[1.250795] (smart_agent_gazebo) StdoutLine: {'line': b'creating /home/test/wf3/gazebo/agentsd_ws/install/smart_agent_gazebo/share/smart_agent_gazebo/models/aws_robomaker_residential_DeskPortraitC_02\n'}
[1.250943] (smart_agent_gazebo) StdoutLine: {'line': b'symbolically linking /home/test/wf3/gazebo/agentsd_ws/build/smart_agent_gazebo/models/aws_robomaker_residential_DeskPortraitC_02/model.config -> /home/test/wf3/gazebo/agentsd_ws/install/smart_agent_gazebo/share/smart_agent_gazebo/models/aws_robomaker_residential_DeskPortraitC_02\n'}
[1.251102] (smart_agent_gazebo) StdoutLine: {'line': b'symbolically linking /home/test/wf3/gazebo/agentsd_ws/build/smart_agent_gazebo/models/aws_robomaker_residential_DeskPortraitC_02/model.sdf -> /home/test/wf3/gazebo/agentsd_ws/install/smart_agent_gazebo/share/smart_agent_gazebo/models/aws_robomaker_residential_DeskPortraitC_02\n'}
[1.251249] (smart_agent_gazebo) StdoutLine: {'line': b'creating /home/test/wf3/gazebo/agentsd_ws/install/smart_agent_gazebo/share/smart_agent_gazebo/models/aws_robomaker_residential_DeskPortraitC_02/materials\n'}
[1.251395] (smart_agent_gazebo) StdoutLine: {'line': b'creating /home/test/wf3/gazebo/agentsd_ws/install/smart_agent_gazebo/share/smart_agent_gazebo/models/aws_robomaker_residential_DeskPortraitC_02/materials/textures\n'}
[1.251536] (smart_agent_gazebo) StdoutLine: {'line': b'symbolically linking /home/test/wf3/gazebo/agentsd_ws/build/smart_agent_gazebo/models/aws_robomaker_residential_DeskPortraitC_02/materials/textures/aws_DeskPortraitC_01.png -> /home/test/wf3/gazebo/agentsd_ws/install/smart_agent_gazebo/share/smart_agent_gazebo/models/aws_robomaker_residential_DeskPortraitC_02/materials/textures\n'}
[1.251700] (smart_agent_gazebo) StdoutLine: {'line': b'symbolically linking /home/test/wf3/gazebo/agentsd_ws/build/smart_agent_gazebo/models/aws_robomaker_residential_DeskPortraitC_02/materials/textures/aws_DeskPortraitC_02.png -> /home/test/wf3/gazebo/agentsd_ws/install/smart_agent_gazebo/share/smart_agent_gazebo/models/aws_robomaker_residential_DeskPortraitC_02/materials/textures\n'}
[1.252025] (smart_agent_gazebo) StdoutLine: {'line': b'creating /home/test/wf3/gazebo/agentsd_ws/install/smart_agent_gazebo/share/smart_agent_gazebo/models/aws_robomaker_residential_DeskPortraitC_02/meshes\n'}
[1.252185] (smart_agent_gazebo) StdoutLine: {'line': b'symbolically linking /home/test/wf3/gazebo/agentsd_ws/build/smart_agent_gazebo/models/aws_robomaker_residential_DeskPortraitC_02/meshes/aws_DeskPortraitC_01_visual.DAE -> /home/test/wf3/gazebo/agentsd_ws/install/smart_agent_gazebo/share/smart_agent_gazebo/models/aws_robomaker_residential_DeskPortraitC_02/meshes\n'}
[1.252353] (smart_agent_gazebo) StdoutLine: {'line': b'symbolically linking /home/test/wf3/gazebo/agentsd_ws/build/smart_agent_gazebo/models/aws_robomaker_residential_DeskPortraitC_02/meshes/aws_DeskPortraitC_01_collision.DAE -> /home/test/wf3/gazebo/agentsd_ws/install/smart_agent_gazebo/share/smart_agent_gazebo/models/aws_robomaker_residential_DeskPortraitC_02/meshes\n'}
[1.252507] (smart_agent_gazebo) StdoutLine: {'line': b'creating /home/test/wf3/gazebo/agentsd_ws/install/smart_agent_gazebo/share/smart_agent_gazebo/models/aws_robomaker_hospital_floor_02_ceiling\n'}
[1.252662] (smart_agent_gazebo) StdoutLine: {'line': b'symbolically linking /home/test/wf3/gazebo/agentsd_ws/build/smart_agent_gazebo/models/aws_robomaker_hospital_floor_02_ceiling/model.config -> /home/test/wf3/gazebo/agentsd_ws/install/smart_agent_gazebo/share/smart_agent_gazebo/models/aws_robomaker_hospital_floor_02_ceiling\n'}
[1.252816] (smart_agent_gazebo) StdoutLine: {'line': b'symbolically linking /home/test/wf3/gazebo/agentsd_ws/build/smart_agent_gazebo/models/aws_robomaker_hospital_floor_02_ceiling/model.sdf -> /home/test/wf3/gazebo/agentsd_ws/install/smart_agent_gazebo/share/smart_agent_gazebo/models/aws_robomaker_hospital_floor_02_ceiling\n'}
[1.252968] (smart_agent_gazebo) StdoutLine: {'line': b'creating /home/test/wf3/gazebo/agentsd_ws/install/smart_agent_gazebo/share/smart_agent_gazebo/models/aws_robomaker_hospital_floor_02_ceiling/materials\n'}
[1.253120] (smart_agent_gazebo) StdoutLine: {'line': b'symbolically linking /home/test/wf3/gazebo/agentsd_ws/build/smart_agent_gazebo/models/aws_robomaker_hospital_floor_02_ceiling/materials/model.sdf -> /home/test/wf3/gazebo/agentsd_ws/install/smart_agent_gazebo/share/smart_agent_gazebo/models/aws_robomaker_hospital_floor_02_ceiling/materials\n'}
[1.253272] (smart_agent_gazebo) StdoutLine: {'line': b'creating /home/test/wf3/gazebo/agentsd_ws/install/smart_agent_gazebo/share/smart_agent_gazebo/models/aws_robomaker_hospital_floor_02_ceiling/meshes\n'}
[1.253422] (smart_agent_gazebo) StdoutLine: {'line': b'symbolically linking /home/test/wf3/gazebo/agentsd_ws/build/smart_agent_gazebo/models/aws_robomaker_hospital_floor_02_ceiling/meshes/aws_robomaker_hospital_floor_02_ceiling.png -> /home/test/wf3/gazebo/agentsd_ws/install/smart_agent_gazebo/share/smart_agent_gazebo/models/aws_robomaker_hospital_floor_02_ceiling/meshes\n'}
[1.253576] (smart_agent_gazebo) StdoutLine: {'line': b'symbolically linking /home/test/wf3/gazebo/agentsd_ws/build/smart_agent_gazebo/models/aws_robomaker_hospital_floor_02_ceiling/meshes/aws_robomaker_hospital_floor_02_ceiling_visual.dae -> /home/test/wf3/gazebo/agentsd_ws/install/smart_agent_gazebo/share/smart_agent_gazebo/models/aws_robomaker_hospital_floor_02_ceiling/meshes\n'}
[1.254082] (smart_agent_gazebo) StdoutLine: {'line': b'symbolically linking /home/test/wf3/gazebo/agentsd_ws/build/smart_agent_gazebo/models/aws_robomaker_hospital_floor_02_ceiling/meshes/aws_robomaker_hospital_floor_02_ceiling_collision.dae -> /home/test/wf3/gazebo/agentsd_ws/install/smart_agent_gazebo/share/smart_agent_gazebo/models/aws_robomaker_hospital_floor_02_ceiling/meshes\n'}
[1.254247] (smart_agent_gazebo) StdoutLine: {'line': b'symbolically linking /home/test/wf3/gazebo/agentsd_ws/build/smart_agent_gazebo/models/aws_robomaker_hospital_floor_02_ceiling/meshes/aws_robomaker_hospital_floor_02_ceiling_normal.png -> /home/test/wf3/gazebo/agentsd_ws/install/smart_agent_gazebo/share/smart_agent_gazebo/models/aws_robomaker_hospital_floor_02_ceiling/meshes\n'}
[1.254399] (smart_agent_gazebo) StdoutLine: {'line': b'creating /home/test/wf3/gazebo/agentsd_ws/install/smart_agent_gazebo/share/smart_agent_gazebo/models/aws_robomaker_hospital_curtain_half_open_01\n'}
[1.254545] (smart_agent_gazebo) StdoutLine: {'line': b'symbolically linking /home/test/wf3/gazebo/agentsd_ws/build/smart_agent_gazebo/models/aws_robomaker_hospital_curtain_half_open_01/model.config -> /home/test/wf3/gazebo/agentsd_ws/install/smart_agent_gazebo/share/smart_agent_gazebo/models/aws_robomaker_hospital_curtain_half_open_01\n'}
[1.254703] (smart_agent_gazebo) StdoutLine: {'line': b'symbolically linking /home/test/wf3/gazebo/agentsd_ws/build/smart_agent_gazebo/models/aws_robomaker_hospital_curtain_half_open_01/model.sdf -> /home/test/wf3/gazebo/agentsd_ws/install/smart_agent_gazebo/share/smart_agent_gazebo/models/aws_robomaker_hospital_curtain_half_open_01\n'}
[1.254864] (smart_agent_gazebo) StdoutLine: {'line': b'creating /home/test/wf3/gazebo/agentsd_ws/install/smart_agent_gazebo/share/smart_agent_gazebo/models/aws_robomaker_hospital_curtain_half_open_01/meshes\n'}
[1.255009] (smart_agent_gazebo) StdoutLine: {'line': b'symbolically linking /home/test/wf3/gazebo/agentsd_ws/build/smart_agent_gazebo/models/aws_robomaker_hospital_curtain_half_open_01/meshes/aws_robomaker_hospital_curtain_half_open_01_visual.png -> /home/test/wf3/gazebo/agentsd_ws/install/smart_agent_gazebo/share/smart_agent_gazebo/models/aws_robomaker_hospital_curtain_half_open_01/meshes\n'}
[1.255152] (smart_agent_gazebo) StdoutLine: {'line': b'symbolically linking /home/test/wf3/gazebo/agentsd_ws/build/smart_agent_gazebo/models/aws_robomaker_hospital_curtain_half_open_01/meshes/aws_robomaker_hospital_curtain_half_open_01_visual_normal.png -> /home/test/wf3/gazebo/agentsd_ws/install/smart_agent_gazebo/share/smart_agent_gazebo/models/aws_robomaker_hospital_curtain_half_open_01/meshes\n'}
[1.255295] (smart_agent_gazebo) StdoutLine: {'line': b'symbolically linking /home/test/wf3/gazebo/agentsd_ws/build/smart_agent_gazebo/models/aws_robomaker_hospital_curtain_half_open_01/meshes/aws_robomaker_hospital_curtain_half_open_01_low.png -> /home/test/wf3/gazebo/agentsd_ws/install/smart_agent_gazebo/share/smart_agent_gazebo/models/aws_robomaker_hospital_curtain_half_open_01/meshes\n'}
[1.255437] (smart_agent_gazebo) StdoutLine: {'line': b'symbolically linking /home/test/wf3/gazebo/agentsd_ws/build/smart_agent_gazebo/models/aws_robomaker_hospital_curtain_half_open_01/meshes/aws_robomaker_hospital_curtain_half_open_01_low_normal.png -> /home/test/wf3/gazebo/agentsd_ws/install/smart_agent_gazebo/share/smart_agent_gazebo/models/aws_robomaker_hospital_curtain_half_open_01/meshes\n'}
[1.255594] (smart_agent_gazebo) StdoutLine: {'line': b'symbolically linking /home/test/wf3/gazebo/agentsd_ws/build/smart_agent_gazebo/models/aws_robomaker_hospital_curtain_half_open_01/meshes/aws_robomaker_hospital_curtain_half_open_01_visual.dae -> /home/test/wf3/gazebo/agentsd_ws/install/smart_agent_gazebo/share/smart_agent_gazebo/models/aws_robomaker_hospital_curtain_half_open_01/meshes\n'}
[1.255747] (smart_agent_gazebo) StdoutLine: {'line': b'symbolically linking /home/test/wf3/gazebo/agentsd_ws/build/smart_agent_gazebo/models/aws_robomaker_hospital_curtain_half_open_01/meshes/aws_robomaker_hospital_curtainrail_01_low_normal.png -> /home/test/wf3/gazebo/agentsd_ws/install/smart_agent_gazebo/share/smart_agent_gazebo/models/aws_robomaker_hospital_curtain_half_open_01/meshes\n'}
[1.255893] (smart_agent_gazebo) StdoutLine: {'line': b'symbolically linking /home/test/wf3/gazebo/agentsd_ws/build/smart_agent_gazebo/models/aws_robomaker_hospital_curtain_half_open_01/meshes/aws_robomaker_hospital_curtainrail_01_visual.png -> /home/test/wf3/gazebo/agentsd_ws/install/smart_agent_gazebo/share/smart_agent_gazebo/models/aws_robomaker_hospital_curtain_half_open_01/meshes\n'}
[1.256189] (smart_agent_gazebo) StdoutLine: {'line': b'symbolically linking /home/test/wf3/gazebo/agentsd_ws/build/smart_agent_gazebo/models/aws_robomaker_hospital_curtain_half_open_01/meshes/aws_robomaker_hospital_curtain_half_open_01_collision.dae -> /home/test/wf3/gazebo/agentsd_ws/install/smart_agent_gazebo/share/smart_agent_gazebo/models/aws_robomaker_hospital_curtain_half_open_01/meshes\n'}
[1.256339] (smart_agent_gazebo) StdoutLine: {'line': b'symbolically linking /home/test/wf3/gazebo/agentsd_ws/build/smart_agent_gazebo/models/aws_robomaker_hospital_curtain_half_open_01/meshes/aws_robomaker_hospital_curtainrail_01_visual_normal.png -> /home/test/wf3/gazebo/agentsd_ws/install/smart_agent_gazebo/share/smart_agent_gazebo/models/aws_robomaker_hospital_curtain_half_open_01/meshes\n'}
[1.256532] (smart_agent_gazebo) StdoutLine: {'line': b'symbolically linking /home/test/wf3/gazebo/agentsd_ws/build/smart_agent_gazebo/models/aws_robomaker_hospital_curtain_half_open_01/meshes/aws_robomaker_hospital_curtainrail_01_low.png -> /home/test/wf3/gazebo/agentsd_ws/install/smart_agent_gazebo/share/smart_agent_gazebo/models/aws_robomaker_hospital_curtain_half_open_01/meshes\n'}
[1.256685] (smart_agent_gazebo) StdoutLine: {'line': b'creating /home/test/wf3/gazebo/agentsd_ws/install/smart_agent_gazebo/share/smart_agent_gazebo/models/aws_robomaker_residential_CookingBench_01\n'}
[1.256835] (smart_agent_gazebo) StdoutLine: {'line': b'symbolically linking /home/test/wf3/gazebo/agentsd_ws/build/smart_agent_gazebo/models/aws_robomaker_residential_CookingBench_01/model.config -> /home/test/wf3/gazebo/agentsd_ws/install/smart_agent_gazebo/share/smart_agent_gazebo/models/aws_robomaker_residential_CookingBench_01\n'}
[1.257453] (smart_agent_gazebo) StdoutLine: {'line': b'symbolically linking /home/test/wf3/gazebo/agentsd_ws/build/smart_agent_gazebo/models/aws_robomaker_residential_CookingBench_01/model.sdf -> /home/test/wf3/gazebo/agentsd_ws/install/smart_agent_gazebo/share/smart_agent_gazebo/models/aws_robomaker_residential_CookingBench_01\n'}
[1.257614] (smart_agent_gazebo) StdoutLine: {'line': b'creating /home/test/wf3/gazebo/agentsd_ws/install/smart_agent_gazebo/share/smart_agent_gazebo/models/aws_robomaker_residential_CookingBench_01/materials\n'}
[1.257767] (smart_agent_gazebo) StdoutLine: {'line': b'creating /home/test/wf3/gazebo/agentsd_ws/install/smart_agent_gazebo/share/smart_agent_gazebo/models/aws_robomaker_residential_CookingBench_01/materials/textures\n'}
[1.257917] (smart_agent_gazebo) StdoutLine: {'line': b'symbolically linking /home/test/wf3/gazebo/agentsd_ws/build/smart_agent_gazebo/models/aws_robomaker_residential_CookingBench_01/materials/textures/aws_CookingBench_01.png -> /home/test/wf3/gazebo/agentsd_ws/install/smart_agent_gazebo/share/smart_agent_gazebo/models/aws_robomaker_residential_CookingBench_01/materials/textures\n'}
[1.258071] (smart_agent_gazebo) StdoutLine: {'line': b'creating /home/test/wf3/gazebo/agentsd_ws/install/smart_agent_gazebo/share/smart_agent_gazebo/models/aws_robomaker_residential_CookingBench_01/meshes\n'}
[1.258215] (smart_agent_gazebo) StdoutLine: {'line': b'symbolically linking /home/test/wf3/gazebo/agentsd_ws/build/smart_agent_gazebo/models/aws_robomaker_residential_CookingBench_01/meshes/aws_CookingBench_01_visual.DAE -> /home/test/wf3/gazebo/agentsd_ws/install/smart_agent_gazebo/share/smart_agent_gazebo/models/aws_robomaker_residential_CookingBench_01/meshes\n'}
[1.258363] (smart_agent_gazebo) StdoutLine: {'line': b'symbolically linking /home/test/wf3/gazebo/agentsd_ws/build/smart_agent_gazebo/models/aws_robomaker_residential_CookingBench_01/meshes/aws_CookingBench_01_collision.DAE -> /home/test/wf3/gazebo/agentsd_ws/install/smart_agent_gazebo/share/smart_agent_gazebo/models/aws_robomaker_residential_CookingBench_01/meshes\n'}
[1.258507] (smart_agent_gazebo) StdoutLine: {'line': b'symbolically linking /home/test/wf3/gazebo/agentsd_ws/build/smart_agent_gazebo/models/aws_robomaker_residential_CookingBench_01/meshes/aws_CookingBench_01.DAE -> /home/test/wf3/gazebo/agentsd_ws/install/smart_agent_gazebo/share/smart_agent_gazebo/models/aws_robomaker_residential_CookingBench_01/meshes\n'}
[1.258656] (smart_agent_gazebo) StdoutLine: {'line': b'creating /home/test/wf3/gazebo/agentsd_ws/install/smart_agent_gazebo/share/smart_agent_gazebo/models/aws_robomaker_residential_Tablet_01\n'}
[1.258802] (smart_agent_gazebo) StdoutLine: {'line': b'symbolically linking /home/test/wf3/gazebo/agentsd_ws/build/smart_agent_gazebo/models/aws_robomaker_residential_Tablet_01/model.config -> /home/test/wf3/gazebo/agentsd_ws/install/smart_agent_gazebo/share/smart_agent_gazebo/models/aws_robomaker_residential_Tablet_01\n'}
[1.259337] (smart_agent_gazebo) StdoutLine: {'line': b'symbolically linking /home/test/wf3/gazebo/agentsd_ws/build/smart_agent_gazebo/models/aws_robomaker_residential_Tablet_01/model.sdf -> /home/test/wf3/gazebo/agentsd_ws/install/smart_agent_gazebo/share/smart_agent_gazebo/models/aws_robomaker_residential_Tablet_01\n'}
[1.259496] (smart_agent_gazebo) StdoutLine: {'line': b'creating /home/test/wf3/gazebo/agentsd_ws/install/smart_agent_gazebo/share/smart_agent_gazebo/models/aws_robomaker_residential_Tablet_01/materials\n'}
[1.259655] (smart_agent_gazebo) StdoutLine: {'line': b'creating /home/test/wf3/gazebo/agentsd_ws/install/smart_agent_gazebo/share/smart_agent_gazebo/models/aws_robomaker_residential_Tablet_01/materials/textures\n'}
[1.259806] (smart_agent_gazebo) StdoutLine: {'line': b'symbolically linking /home/test/wf3/gazebo/agentsd_ws/build/smart_agent_gazebo/models/aws_robomaker_residential_Tablet_01/materials/textures/aws_Tablet_01_nologo.png -> /home/test/wf3/gazebo/agentsd_ws/install/smart_agent_gazebo/share/smart_agent_gazebo/models/aws_robomaker_residential_Tablet_01/materials/textures\n'}
[1.259961] (smart_agent_gazebo) StdoutLine: {'line': b'creating /home/test/wf3/gazebo/agentsd_ws/install/smart_agent_gazebo/share/smart_agent_gazebo/models/aws_robomaker_residential_Tablet_01/meshes\n'}
[1.260108] (smart_agent_gazebo) StdoutLine: {'line': b'symbolically linking /home/test/wf3/gazebo/agentsd_ws/build/smart_agent_gazebo/models/aws_robomaker_residential_Tablet_01/meshes/aws_Tablet_01_visual.DAE -> /home/test/wf3/gazebo/agentsd_ws/install/smart_agent_gazebo/share/smart_agent_gazebo/models/aws_robomaker_residential_Tablet_01/meshes\n'}
[1.260259] (smart_agent_gazebo) StdoutLine: {'line': b'symbolically linking /home/test/wf3/gazebo/agentsd_ws/build/smart_agent_gazebo/models/aws_robomaker_residential_Tablet_01/meshes/aws_Tablet_01_collision.DAE -> /home/test/wf3/gazebo/agentsd_ws/install/smart_agent_gazebo/share/smart_agent_gazebo/models/aws_robomaker_residential_Tablet_01/meshes\n'}
[1.260407] (smart_agent_gazebo) StdoutLine: {'line': b'creating /home/test/wf3/gazebo/agentsd_ws/install/smart_agent_gazebo/share/smart_agent_gazebo/models/ParkingTrolleyMax\n'}
[1.260692] (smart_agent_gazebo) StdoutLine: {'line': b'symbolically linking /home/test/wf3/gazebo/agentsd_ws/build/smart_agent_gazebo/models/ParkingTrolleyMax/model.config -> /home/test/wf3/gazebo/agentsd_ws/install/smart_agent_gazebo/share/smart_agent_gazebo/models/ParkingTrolleyMax\n'}
[1.260851] (smart_agent_gazebo) StdoutLine: {'line': b'symbolically linking /home/test/wf3/gazebo/agentsd_ws/build/smart_agent_gazebo/models/ParkingTrolleyMax/model.sdf -> /home/test/wf3/gazebo/agentsd_ws/install/smart_agent_gazebo/share/smart_agent_gazebo/models/ParkingTrolleyMax\n'}
[1.260998] (smart_agent_gazebo) StdoutLine: {'line': b'creating /home/test/wf3/gazebo/agentsd_ws/install/smart_agent_gazebo/share/smart_agent_gazebo/models/ParkingTrolleyMax/thumbnails\n'}
[1.261143] (smart_agent_gazebo) StdoutLine: {'line': b'symbolically linking /home/test/wf3/gazebo/agentsd_ws/build/smart_agent_gazebo/models/ParkingTrolleyMax/thumbnails/2.png -> /home/test/wf3/gazebo/agentsd_ws/install/smart_agent_gazebo/share/smart_agent_gazebo/models/ParkingTrolleyMax/thumbnails\n'}
[1.261290] (smart_agent_gazebo) StdoutLine: {'line': b'symbolically linking /home/test/wf3/gazebo/agentsd_ws/build/smart_agent_gazebo/models/ParkingTrolleyMax/thumbnails/1.png -> /home/test/wf3/gazebo/agentsd_ws/install/smart_agent_gazebo/share/smart_agent_gazebo/models/ParkingTrolleyMax/thumbnails\n'}
[1.261435] (smart_agent_gazebo) StdoutLine: {'line': b'symbolically linking /home/test/wf3/gazebo/agentsd_ws/build/smart_agent_gazebo/models/ParkingTrolleyMax/thumbnails/4.png -> /home/test/wf3/gazebo/agentsd_ws/install/smart_agent_gazebo/share/smart_agent_gazebo/models/ParkingTrolleyMax/thumbnails\n'}
[1.261581] (smart_agent_gazebo) StdoutLine: {'line': b'symbolically linking /home/test/wf3/gazebo/agentsd_ws/build/smart_agent_gazebo/models/ParkingTrolleyMax/thumbnails/3.png -> /home/test/wf3/gazebo/agentsd_ws/install/smart_agent_gazebo/share/smart_agent_gazebo/models/ParkingTrolleyMax/thumbnails\n'}
[1.261740] (smart_agent_gazebo) StdoutLine: {'line': b'symbolically linking /home/test/wf3/gazebo/agentsd_ws/build/smart_agent_gazebo/models/ParkingTrolleyMax/thumbnails/5.png -> /home/test/wf3/gazebo/agentsd_ws/install/smart_agent_gazebo/share/smart_agent_gazebo/models/ParkingTrolleyMax/thumbnails\n'}
[1.261886] (smart_agent_gazebo) StdoutLine: {'line': b'creating /home/test/wf3/gazebo/agentsd_ws/install/smart_agent_gazebo/share/smart_agent_gazebo/models/ParkingTrolleyMax/meshes\n'}
[1.262029] (smart_agent_gazebo) StdoutLine: {'line': b'symbolically linking /home/test/wf3/gazebo/agentsd_ws/build/smart_agent_gazebo/models/ParkingTrolleyMax/meshes/ParkingTrolleyMax.mtl -> /home/test/wf3/gazebo/agentsd_ws/install/smart_agent_gazebo/share/smart_agent_gazebo/models/ParkingTrolleyMax/meshes\n'}
[1.262173] (smart_agent_gazebo) StdoutLine: {'line': b'symbolically linking /home/test/wf3/gazebo/agentsd_ws/build/smart_agent_gazebo/models/ParkingTrolleyMax/meshes/ParkingTrolleyMax.obj -> /home/test/wf3/gazebo/agentsd_ws/install/smart_agent_gazebo/share/smart_agent_gazebo/models/ParkingTrolleyMax/meshes\n'}
[1.262340] (smart_agent_gazebo) StdoutLine: {'line': b'symbolically linking /home/test/wf3/gazebo/agentsd_ws/build/smart_agent_gazebo/models/ParkingTrolleyMax/meshes/ParkingTrolleyMax_Diffuse.png -> /home/test/wf3/gazebo/agentsd_ws/install/smart_agent_gazebo/share/smart_agent_gazebo/models/ParkingTrolleyMax/meshes\n'}
[1.262495] (smart_agent_gazebo) StdoutLine: {'line': b'creating /home/test/wf3/gazebo/agentsd_ws/install/smart_agent_gazebo/share/smart_agent_gazebo/models/aws_robomaker_residential_Ball_01\n'}
[1.262648] (smart_agent_gazebo) StdoutLine: {'line': b'symbolically linking /home/test/wf3/gazebo/agentsd_ws/build/smart_agent_gazebo/models/aws_robomaker_residential_Ball_01/model.config -> /home/test/wf3/gazebo/agentsd_ws/install/smart_agent_gazebo/share/smart_agent_gazebo/models/aws_robomaker_residential_Ball_01\n'}
[1.262801] (smart_agent_gazebo) StdoutLine: {'line': b'symbolically linking /home/test/wf3/gazebo/agentsd_ws/build/smart_agent_gazebo/models/aws_robomaker_residential_Ball_01/model.sdf -> /home/test/wf3/gazebo/agentsd_ws/install/smart_agent_gazebo/share/smart_agent_gazebo/models/aws_robomaker_residential_Ball_01\n'}
[1.262953] (smart_agent_gazebo) StdoutLine: {'line': b'creating /home/test/wf3/gazebo/agentsd_ws/install/smart_agent_gazebo/share/smart_agent_gazebo/models/aws_robomaker_residential_Ball_01/materials\n'}
[1.263100] (smart_agent_gazebo) StdoutLine: {'line': b'creating /home/test/wf3/gazebo/agentsd_ws/install/smart_agent_gazebo/share/smart_agent_gazebo/models/aws_robomaker_residential_Ball_01/materials/textures\n'}
[1.263243] (smart_agent_gazebo) StdoutLine: {'line': b'symbolically linking /home/test/wf3/gazebo/agentsd_ws/build/smart_agent_gazebo/models/aws_robomaker_residential_Ball_01/materials/textures/aws_Ball_01.png -> /home/test/wf3/gazebo/agentsd_ws/install/smart_agent_gazebo/share/smart_agent_gazebo/models/aws_robomaker_residential_Ball_01/materials/textures\n'}
[1.263390] (smart_agent_gazebo) StdoutLine: {'line': b'creating /home/test/wf3/gazebo/agentsd_ws/install/smart_agent_gazebo/share/smart_agent_gazebo/models/aws_robomaker_residential_Ball_01/meshes\n'}
[1.263725] (smart_agent_gazebo) StdoutLine: {'line': b'symbolically linking /home/test/wf3/gazebo/agentsd_ws/build/smart_agent_gazebo/models/aws_robomaker_residential_Ball_01/meshes/aws_Ball_01_collision.DAE -> /home/test/wf3/gazebo/agentsd_ws/install/smart_agent_gazebo/share/smart_agent_gazebo/models/aws_robomaker_residential_Ball_01/meshes\n'}
[1.263880] (smart_agent_gazebo) StdoutLine: {'line': b'symbolically linking /home/test/wf3/gazebo/agentsd_ws/build/smart_agent_gazebo/models/aws_robomaker_residential_Ball_01/meshes/aws_Ball_01_visual.DAE -> /home/test/wf3/gazebo/agentsd_ws/install/smart_agent_gazebo/share/smart_agent_gazebo/models/aws_robomaker_residential_Ball_01/meshes\n'}
[1.264025] (smart_agent_gazebo) StdoutLine: {'line': b'creating /home/test/wf3/gazebo/agentsd_ws/install/smart_agent_gazebo/share/smart_agent_gazebo/models/aws_robomaker_residential_PortraitC_01\n'}
[1.264172] (smart_agent_gazebo) StdoutLine: {'line': b'symbolically linking /home/test/wf3/gazebo/agentsd_ws/build/smart_agent_gazebo/models/aws_robomaker_residential_PortraitC_01/model.config -> /home/test/wf3/gazebo/agentsd_ws/install/smart_agent_gazebo/share/smart_agent_gazebo/models/aws_robomaker_residential_PortraitC_01\n'}
[1.264314] (smart_agent_gazebo) StdoutLine: {'line': b'symbolically linking /home/test/wf3/gazebo/agentsd_ws/build/smart_agent_gazebo/models/aws_robomaker_residential_PortraitC_01/model.sdf -> /home/test/wf3/gazebo/agentsd_ws/install/smart_agent_gazebo/share/smart_agent_gazebo/models/aws_robomaker_residential_PortraitC_01\n'}
[1.264455] (smart_agent_gazebo) StdoutLine: {'line': b'creating /home/test/wf3/gazebo/agentsd_ws/install/smart_agent_gazebo/share/smart_agent_gazebo/models/aws_robomaker_residential_PortraitC_01/materials\n'}
[1.264597] (smart_agent_gazebo) StdoutLine: {'line': b'creating /home/test/wf3/gazebo/agentsd_ws/install/smart_agent_gazebo/share/smart_agent_gazebo/models/aws_robomaker_residential_PortraitC_01/materials/textures\n'}
[1.264734] (smart_agent_gazebo) StdoutLine: {'line': b'symbolically linking /home/test/wf3/gazebo/agentsd_ws/build/smart_agent_gazebo/models/aws_robomaker_residential_PortraitC_01/materials/textures/aws_PortraitC_02.png -> /home/test/wf3/gazebo/agentsd_ws/install/smart_agent_gazebo/share/smart_agent_gazebo/models/aws_robomaker_residential_PortraitC_01/materials/textures\n'}
[1.264876] (smart_agent_gazebo) StdoutLine: {'line': b'symbolically linking /home/test/wf3/gazebo/agentsd_ws/build/smart_agent_gazebo/models/aws_robomaker_residential_PortraitC_01/materials/textures/aws_PortraitC_01.png -> /home/test/wf3/gazebo/agentsd_ws/install/smart_agent_gazebo/share/smart_agent_gazebo/models/aws_robomaker_residential_PortraitC_01/materials/textures\n'}
[1.265024] (smart_agent_gazebo) StdoutLine: {'line': b'creating /home/test/wf3/gazebo/agentsd_ws/install/smart_agent_gazebo/share/smart_agent_gazebo/models/aws_robomaker_residential_PortraitC_01/meshes\n'}
[1.265167] (smart_agent_gazebo) StdoutLine: {'line': b'symbolically linking /home/test/wf3/gazebo/agentsd_ws/build/smart_agent_gazebo/models/aws_robomaker_residential_PortraitC_01/meshes/aws_PortraitC_01_collision.DAE -> /home/test/wf3/gazebo/agentsd_ws/install/smart_agent_gazebo/share/smart_agent_gazebo/models/aws_robomaker_residential_PortraitC_01/meshes\n'}
[1.265312] (smart_agent_gazebo) StdoutLine: {'line': b'symbolically linking /home/test/wf3/gazebo/agentsd_ws/build/smart_agent_gazebo/models/aws_robomaker_residential_PortraitC_01/meshes/aws_PortraitC_01_visual.DAE -> /home/test/wf3/gazebo/agentsd_ws/install/smart_agent_gazebo/share/smart_agent_gazebo/models/aws_robomaker_residential_PortraitC_01/meshes\n'}
[1.265452] (smart_agent_gazebo) StdoutLine: {'line': b'creating /home/test/wf3/gazebo/agentsd_ws/install/smart_agent_gazebo/share/smart_agent_gazebo/models/aws_robomaker_residential_DeskPortraitA_02\n'}
[1.265588] (smart_agent_gazebo) StdoutLine: {'line': b'symbolically linking /home/test/wf3/gazebo/agentsd_ws/build/smart_agent_gazebo/models/aws_robomaker_residential_DeskPortraitA_02/model.config -> /home/test/wf3/gazebo/agentsd_ws/install/smart_agent_gazebo/share/smart_agent_gazebo/models/aws_robomaker_residential_DeskPortraitA_02\n'}
[1.265726] (smart_agent_gazebo) StdoutLine: {'line': b'symbolically linking /home/test/wf3/gazebo/agentsd_ws/build/smart_agent_gazebo/models/aws_robomaker_residential_DeskPortraitA_02/model.sdf -> /home/test/wf3/gazebo/agentsd_ws/install/smart_agent_gazebo/share/smart_agent_gazebo/models/aws_robomaker_residential_DeskPortraitA_02\n'}
[1.265863] (smart_agent_gazebo) StdoutLine: {'line': b'creating /home/test/wf3/gazebo/agentsd_ws/install/smart_agent_gazebo/share/smart_agent_gazebo/models/aws_robomaker_residential_DeskPortraitA_02/materials\n'}
[1.266001] (smart_agent_gazebo) StdoutLine: {'line': b'creating /home/test/wf3/gazebo/agentsd_ws/install/smart_agent_gazebo/share/smart_agent_gazebo/models/aws_robomaker_residential_DeskPortraitA_02/materials/textures\n'}
[1.266146] (smart_agent_gazebo) StdoutLine: {'line': b'symbolically linking /home/test/wf3/gazebo/agentsd_ws/build/smart_agent_gazebo/models/aws_robomaker_residential_DeskPortraitA_02/materials/textures/aws_DeskPortraitA_01.png -> /home/test/wf3/gazebo/agentsd_ws/install/smart_agent_gazebo/share/smart_agent_gazebo/models/aws_robomaker_residential_DeskPortraitA_02/materials/textures\n'}
[1.266479] (smart_agent_gazebo) StdoutLine: {'line': b'symbolically linking /home/test/wf3/gazebo/agentsd_ws/build/smart_agent_gazebo/models/aws_robomaker_residential_DeskPortraitA_02/materials/textures/aws_DeskPortraitA_02.png -> /home/test/wf3/gazebo/agentsd_ws/install/smart_agent_gazebo/share/smart_agent_gazebo/models/aws_robomaker_residential_DeskPortraitA_02/materials/textures\n'}
[1.266639] (smart_agent_gazebo) StdoutLine: {'line': b'creating /home/test/wf3/gazebo/agentsd_ws/install/smart_agent_gazebo/share/smart_agent_gazebo/models/aws_robomaker_residential_DeskPortraitA_02/meshes\n'}
[1.266790] (smart_agent_gazebo) StdoutLine: {'line': b'symbolically linking /home/test/wf3/gazebo/agentsd_ws/build/smart_agent_gazebo/models/aws_robomaker_residential_DeskPortraitA_02/meshes/aws_DeskPortraitA_01_collision.DAE -> /home/test/wf3/gazebo/agentsd_ws/install/smart_agent_gazebo/share/smart_agent_gazebo/models/aws_robomaker_residential_DeskPortraitA_02/meshes\n'}
[1.266939] (smart_agent_gazebo) StdoutLine: {'line': b'symbolically linking /home/test/wf3/gazebo/agentsd_ws/build/smart_agent_gazebo/models/aws_robomaker_residential_DeskPortraitA_02/meshes/aws_DeskPortraitA_01_visual.DAE -> /home/test/wf3/gazebo/agentsd_ws/install/smart_agent_gazebo/share/smart_agent_gazebo/models/aws_robomaker_residential_DeskPortraitA_02/meshes\n'}
[1.267083] (smart_agent_gazebo) StdoutLine: {'line': b'creating /home/test/wf3/gazebo/agentsd_ws/install/smart_agent_gazebo/share/smart_agent_gazebo/models/aws_robomaker_residential_Sofa_01\n'}
[1.267223] (smart_agent_gazebo) StdoutLine: {'line': b'symbolically linking /home/test/wf3/gazebo/agentsd_ws/build/smart_agent_gazebo/models/aws_robomaker_residential_Sofa_01/model.config -> /home/test/wf3/gazebo/agentsd_ws/install/smart_agent_gazebo/share/smart_agent_gazebo/models/aws_robomaker_residential_Sofa_01\n'}
[1.267365] (smart_agent_gazebo) StdoutLine: {'line': b'symbolically linking /home/test/wf3/gazebo/agentsd_ws/build/smart_agent_gazebo/models/aws_robomaker_residential_Sofa_01/model.sdf -> /home/test/wf3/gazebo/agentsd_ws/install/smart_agent_gazebo/share/smart_agent_gazebo/models/aws_robomaker_residential_Sofa_01\n'}
[1.267902] (smart_agent_gazebo) StdoutLine: {'line': b'creating /home/test/wf3/gazebo/agentsd_ws/install/smart_agent_gazebo/share/smart_agent_gazebo/models/aws_robomaker_residential_Sofa_01/materials\n'}
[1.268687] (smart_agent_gazebo) StdoutLine: {'line': b'creating /home/test/wf3/gazebo/agentsd_ws/install/smart_agent_gazebo/share/smart_agent_gazebo/models/aws_robomaker_residential_Sofa_01/materials/textures\n'}
[1.268848] (smart_agent_gazebo) StdoutLine: {'line': b'symbolically linking /home/test/wf3/gazebo/agentsd_ws/build/smart_agent_gazebo/models/aws_robomaker_residential_Sofa_01/materials/textures/aws_Sofa_01.png -> /home/test/wf3/gazebo/agentsd_ws/install/smart_agent_gazebo/share/smart_agent_gazebo/models/aws_robomaker_residential_Sofa_01/materials/textures\n'}
[1.268998] (smart_agent_gazebo) StdoutLine: {'line': b'creating /home/test/wf3/gazebo/agentsd_ws/install/smart_agent_gazebo/share/smart_agent_gazebo/models/aws_robomaker_residential_Sofa_01/meshes\n'}
[1.269142] (smart_agent_gazebo) StdoutLine: {'line': b'symbolically linking /home/test/wf3/gazebo/agentsd_ws/build/smart_agent_gazebo/models/aws_robomaker_residential_Sofa_01/meshes/aws_Sofa_01_visual.DAE -> /home/test/wf3/gazebo/agentsd_ws/install/smart_agent_gazebo/share/smart_agent_gazebo/models/aws_robomaker_residential_Sofa_01/meshes\n'}
[1.269289] (smart_agent_gazebo) StdoutLine: {'line': b'symbolically linking /home/test/wf3/gazebo/agentsd_ws/build/smart_agent_gazebo/models/aws_robomaker_residential_Sofa_01/meshes/aws_Sofa_01_collision.DAE -> /home/test/wf3/gazebo/agentsd_ws/install/smart_agent_gazebo/share/smart_agent_gazebo/models/aws_robomaker_residential_Sofa_01/meshes\n'}
[1.269463] (smart_agent_gazebo) StdoutLine: {'line': b'symbolically linking /home/test/wf3/gazebo/agentsd_ws/build/smart_agent_gazebo/models/aws_robomaker_residential_Sofa_01/meshes/aws_Sofa_01.DAE -> /home/test/wf3/gazebo/agentsd_ws/install/smart_agent_gazebo/share/smart_agent_gazebo/models/aws_robomaker_residential_Sofa_01/meshes\n'}
[1.269604] (smart_agent_gazebo) StdoutLine: {'line': b'creating /home/test/wf3/gazebo/agentsd_ws/install/smart_agent_gazebo/share/smart_agent_gazebo/models/aws_robomaker_residential_SofaC_01\n'}
[1.269745] (smart_agent_gazebo) StdoutLine: {'line': b'symbolically linking /home/test/wf3/gazebo/agentsd_ws/build/smart_agent_gazebo/models/aws_robomaker_residential_SofaC_01/model.config -> /home/test/wf3/gazebo/agentsd_ws/install/smart_agent_gazebo/share/smart_agent_gazebo/models/aws_robomaker_residential_SofaC_01\n'}
[1.269894] (smart_agent_gazebo) StdoutLine: {'line': b'symbolically linking /home/test/wf3/gazebo/agentsd_ws/build/smart_agent_gazebo/models/aws_robomaker_residential_SofaC_01/model.sdf -> /home/test/wf3/gazebo/agentsd_ws/install/smart_agent_gazebo/share/smart_agent_gazebo/models/aws_robomaker_residential_SofaC_01\n'}
[1.270199] (smart_agent_gazebo) StdoutLine: {'line': b'creating /home/test/wf3/gazebo/agentsd_ws/install/smart_agent_gazebo/share/smart_agent_gazebo/models/aws_robomaker_residential_SofaC_01/materials\n'}
[1.270355] (smart_agent_gazebo) StdoutLine: {'line': b'creating /home/test/wf3/gazebo/agentsd_ws/install/smart_agent_gazebo/share/smart_agent_gazebo/models/aws_robomaker_residential_SofaC_01/materials/textures\n'}
[1.270506] (smart_agent_gazebo) StdoutLine: {'line': b'symbolically linking /home/test/wf3/gazebo/agentsd_ws/build/smart_agent_gazebo/models/aws_robomaker_residential_SofaC_01/materials/textures/aws_SofaC_01.png -> /home/test/wf3/gazebo/agentsd_ws/install/smart_agent_gazebo/share/smart_agent_gazebo/models/aws_robomaker_residential_SofaC_01/materials/textures\n'}
[1.270655] (smart_agent_gazebo) StdoutLine: {'line': b'creating /home/test/wf3/gazebo/agentsd_ws/install/smart_agent_gazebo/share/smart_agent_gazebo/models/aws_robomaker_residential_SofaC_01/meshes\n'}
[1.270796] (smart_agent_gazebo) StdoutLine: {'line': b'symbolically linking /home/test/wf3/gazebo/agentsd_ws/build/smart_agent_gazebo/models/aws_robomaker_residential_SofaC_01/meshes/aws_SofaC_01_collision.DAE -> /home/test/wf3/gazebo/agentsd_ws/install/smart_agent_gazebo/share/smart_agent_gazebo/models/aws_robomaker_residential_SofaC_01/meshes\n'}
[1.270942] (smart_agent_gazebo) StdoutLine: {'line': b'symbolically linking /home/test/wf3/gazebo/agentsd_ws/build/smart_agent_gazebo/models/aws_robomaker_residential_SofaC_01/meshes/aws_SofaC_01_visual.DAE -> /home/test/wf3/gazebo/agentsd_ws/install/smart_agent_gazebo/share/smart_agent_gazebo/models/aws_robomaker_residential_SofaC_01/meshes\n'}
[1.271087] (smart_agent_gazebo) StdoutLine: {'line': b'creating /home/test/wf3/gazebo/agentsd_ws/install/smart_agent_gazebo/share/smart_agent_gazebo/models/InstrumentCart1\n'}
[1.271231] (smart_agent_gazebo) StdoutLine: {'line': b'symbolically linking /home/test/wf3/gazebo/agentsd_ws/build/smart_agent_gazebo/models/InstrumentCart1/model.config -> /home/test/wf3/gazebo/agentsd_ws/install/smart_agent_gazebo/share/smart_agent_gazebo/models/InstrumentCart1\n'}
[1.271389] (smart_agent_gazebo) StdoutLine: {'line': b'symbolically linking /home/test/wf3/gazebo/agentsd_ws/build/smart_agent_gazebo/models/InstrumentCart1/model.sdf -> /home/test/wf3/gazebo/agentsd_ws/install/smart_agent_gazebo/share/smart_agent_gazebo/models/InstrumentCart1\n'}
[1.271531] (smart_agent_gazebo) StdoutLine: {'line': b'creating /home/test/wf3/gazebo/agentsd_ws/install/smart_agent_gazebo/share/smart_agent_gazebo/models/InstrumentCart1/thumbnails\n'}
[1.271856] (smart_agent_gazebo) StdoutLine: {'line': b'symbolically linking /home/test/wf3/gazebo/agentsd_ws/build/smart_agent_gazebo/models/InstrumentCart1/thumbnails/2.png -> /home/test/wf3/gazebo/agentsd_ws/install/smart_agent_gazebo/share/smart_agent_gazebo/models/InstrumentCart1/thumbnails\n'}
[1.272009] (smart_agent_gazebo) StdoutLine: {'line': b'symbolically linking /home/test/wf3/gazebo/agentsd_ws/build/smart_agent_gazebo/models/InstrumentCart1/thumbnails/1.png -> /home/test/wf3/gazebo/agentsd_ws/install/smart_agent_gazebo/share/smart_agent_gazebo/models/InstrumentCart1/thumbnails\n'}
[1.272152] (smart_agent_gazebo) StdoutLine: {'line': b'symbolically linking /home/test/wf3/gazebo/agentsd_ws/build/smart_agent_gazebo/models/InstrumentCart1/thumbnails/4.png -> /home/test/wf3/gazebo/agentsd_ws/install/smart_agent_gazebo/share/smart_agent_gazebo/models/InstrumentCart1/thumbnails\n'}
[1.272295] (smart_agent_gazebo) StdoutLine: {'line': b'symbolically linking /home/test/wf3/gazebo/agentsd_ws/build/smart_agent_gazebo/models/InstrumentCart1/thumbnails/3.png -> /home/test/wf3/gazebo/agentsd_ws/install/smart_agent_gazebo/share/smart_agent_gazebo/models/InstrumentCart1/thumbnails\n'}
[1.272441] (smart_agent_gazebo) StdoutLine: {'line': b'symbolically linking /home/test/wf3/gazebo/agentsd_ws/build/smart_agent_gazebo/models/InstrumentCart1/thumbnails/5.png -> /home/test/wf3/gazebo/agentsd_ws/install/smart_agent_gazebo/share/smart_agent_gazebo/models/InstrumentCart1/thumbnails\n'}
[1.272584] (smart_agent_gazebo) StdoutLine: {'line': b'creating /home/test/wf3/gazebo/agentsd_ws/install/smart_agent_gazebo/share/smart_agent_gazebo/models/InstrumentCart1/meshes\n'}
[1.272728] (smart_agent_gazebo) StdoutLine: {'line': b'symbolically linking /home/test/wf3/gazebo/agentsd_ws/build/smart_agent_gazebo/models/InstrumentCart1/meshes/texture.png -> /home/test/wf3/gazebo/agentsd_ws/install/smart_agent_gazebo/share/smart_agent_gazebo/models/InstrumentCart1/meshes\n'}
[1.272875] (smart_agent_gazebo) StdoutLine: {'line': b'symbolically linking /home/test/wf3/gazebo/agentsd_ws/build/smart_agent_gazebo/models/InstrumentCart1/meshes/InstrumentCart1.mtl -> /home/test/wf3/gazebo/agentsd_ws/install/smart_agent_gazebo/share/smart_agent_gazebo/models/InstrumentCart1/meshes\n'}
[1.273015] (smart_agent_gazebo) StdoutLine: {'line': b'symbolically linking /home/test/wf3/gazebo/agentsd_ws/build/smart_agent_gazebo/models/InstrumentCart1/meshes/InstrumentCart1.obj -> /home/test/wf3/gazebo/agentsd_ws/install/smart_agent_gazebo/share/smart_agent_gazebo/models/InstrumentCart1/meshes\n'}
[1.273190] (smart_agent_gazebo) StdoutLine: {'line': b'creating /home/test/wf3/gazebo/agentsd_ws/install/smart_agent_gazebo/share/smart_agent_gazebo/models/aws_robomaker_residential_KitchenCabinet_01\n'}
[1.273332] (smart_agent_gazebo) StdoutLine: {'line': b'symbolically linking /home/test/wf3/gazebo/agentsd_ws/build/smart_agent_gazebo/models/aws_robomaker_residential_KitchenCabinet_01/model.config -> /home/test/wf3/gazebo/agentsd_ws/install/smart_agent_gazebo/share/smart_agent_gazebo/models/aws_robomaker_residential_KitchenCabinet_01\n'}
[1.273481] (smart_agent_gazebo) StdoutLine: {'line': b'symbolically linking /home/test/wf3/gazebo/agentsd_ws/build/smart_agent_gazebo/models/aws_robomaker_residential_KitchenCabinet_01/model.sdf -> /home/test/wf3/gazebo/agentsd_ws/install/smart_agent_gazebo/share/smart_agent_gazebo/models/aws_robomaker_residential_KitchenCabinet_01\n'}
[1.273627] (smart_agent_gazebo) StdoutLine: {'line': b'creating /home/test/wf3/gazebo/agentsd_ws/install/smart_agent_gazebo/share/smart_agent_gazebo/models/aws_robomaker_residential_KitchenCabinet_01/materials\n'}
[1.273769] (smart_agent_gazebo) StdoutLine: {'line': b'creating /home/test/wf3/gazebo/agentsd_ws/install/smart_agent_gazebo/share/smart_agent_gazebo/models/aws_robomaker_residential_KitchenCabinet_01/materials/textures\n'}
[1.273907] (smart_agent_gazebo) StdoutLine: {'line': b'symbolically linking /home/test/wf3/gazebo/agentsd_ws/build/smart_agent_gazebo/models/aws_robomaker_residential_KitchenCabinet_01/materials/textures/aws_KitchenCabinet_01.png -> /home/test/wf3/gazebo/agentsd_ws/install/smart_agent_gazebo/share/smart_agent_gazebo/models/aws_robomaker_residential_KitchenCabinet_01/materials/textures\n'}
[1.274205] (smart_agent_gazebo) StdoutLine: {'line': b'creating /home/test/wf3/gazebo/agentsd_ws/install/smart_agent_gazebo/share/smart_agent_gazebo/models/aws_robomaker_residential_KitchenCabinet_01/meshes\n'}
[1.274359] (smart_agent_gazebo) StdoutLine: {'line': b'symbolically linking /home/test/wf3/gazebo/agentsd_ws/build/smart_agent_gazebo/models/aws_robomaker_residential_KitchenCabinet_01/meshes/aws_KitchenCabinet_01_visual.DAE -> /home/test/wf3/gazebo/agentsd_ws/install/smart_agent_gazebo/share/smart_agent_gazebo/models/aws_robomaker_residential_KitchenCabinet_01/meshes\n'}
[1.274506] (smart_agent_gazebo) StdoutLine: {'line': b'symbolically linking /home/test/wf3/gazebo/agentsd_ws/build/smart_agent_gazebo/models/aws_robomaker_residential_KitchenCabinet_01/meshes/aws_KitchenCabinet_01_collision.DAE -> /home/test/wf3/gazebo/agentsd_ws/install/smart_agent_gazebo/share/smart_agent_gazebo/models/aws_robomaker_residential_KitchenCabinet_01/meshes\n'}
[1.274654] (smart_agent_gazebo) StdoutLine: {'line': b'creating /home/test/wf3/gazebo/agentsd_ws/install/smart_agent_gazebo/share/smart_agent_gazebo/models/aws_robomaker_residential_FoldingDoor_02\n'}
[1.274797] (smart_agent_gazebo) StdoutLine: {'line': b'symbolically linking /home/test/wf3/gazebo/agentsd_ws/build/smart_agent_gazebo/models/aws_robomaker_residential_FoldingDoor_02/model.config -> /home/test/wf3/gazebo/agentsd_ws/install/smart_agent_gazebo/share/smart_agent_gazebo/models/aws_robomaker_residential_FoldingDoor_02\n'}
[1.274942] (smart_agent_gazebo) StdoutLine: {'line': b'symbolically linking /home/test/wf3/gazebo/agentsd_ws/build/smart_agent_gazebo/models/aws_robomaker_residential_FoldingDoor_02/model.sdf -> /home/test/wf3/gazebo/agentsd_ws/install/smart_agent_gazebo/share/smart_agent_gazebo/models/aws_robomaker_residential_FoldingDoor_02\n'}
[1.275084] (smart_agent_gazebo) StdoutLine: {'line': b'creating /home/test/wf3/gazebo/agentsd_ws/install/smart_agent_gazebo/share/smart_agent_gazebo/models/aws_robomaker_residential_FoldingDoor_02/materials\n'}
[1.275227] (smart_agent_gazebo) StdoutLine: {'line': b'creating /home/test/wf3/gazebo/agentsd_ws/install/smart_agent_gazebo/share/smart_agent_gazebo/models/aws_robomaker_residential_FoldingDoor_02/materials/textures\n'}
[1.275371] (smart_agent_gazebo) StdoutLine: {'line': b'symbolically linking /home/test/wf3/gazebo/agentsd_ws/build/smart_agent_gazebo/models/aws_robomaker_residential_FoldingDoor_02/materials/textures/aws_FoldingDoor_02.png -> /home/test/wf3/gazebo/agentsd_ws/install/smart_agent_gazebo/share/smart_agent_gazebo/models/aws_robomaker_residential_FoldingDoor_02/materials/textures\n'}
[1.275519] (smart_agent_gazebo) StdoutLine: {'line': b'creating /home/test/wf3/gazebo/agentsd_ws/install/smart_agent_gazebo/share/smart_agent_gazebo/models/aws_robomaker_residential_FoldingDoor_02/meshes\n'}
[1.275674] (smart_agent_gazebo) StdoutLine: {'line': b'symbolically linking /home/test/wf3/gazebo/agentsd_ws/build/smart_agent_gazebo/models/aws_robomaker_residential_FoldingDoor_02/meshes/aws_FoldingDoor_02_collision.DAE -> /home/test/wf3/gazebo/agentsd_ws/install/smart_agent_gazebo/share/smart_agent_gazebo/models/aws_robomaker_residential_FoldingDoor_02/meshes\n'}
[1.275833] (smart_agent_gazebo) StdoutLine: {'line': b'symbolically linking /home/test/wf3/gazebo/agentsd_ws/build/smart_agent_gazebo/models/aws_robomaker_residential_FoldingDoor_02/meshes/aws_FoldingDoor_02_visual.DAE -> /home/test/wf3/gazebo/agentsd_ws/install/smart_agent_gazebo/share/smart_agent_gazebo/models/aws_robomaker_residential_FoldingDoor_02/meshes\n'}
[1.275978] (smart_agent_gazebo) StdoutLine: {'line': b'creating /home/test/wf3/gazebo/agentsd_ws/install/smart_agent_gazebo/share/smart_agent_gazebo/models/aws_robomaker_residential_KitchenUtensils_01\n'}
[1.276123] (smart_agent_gazebo) StdoutLine: {'line': b'symbolically linking /home/test/wf3/gazebo/agentsd_ws/build/smart_agent_gazebo/models/aws_robomaker_residential_KitchenUtensils_01/model.config -> /home/test/wf3/gazebo/agentsd_ws/install/smart_agent_gazebo/share/smart_agent_gazebo/models/aws_robomaker_residential_KitchenUtensils_01\n'}
[1.276404] (smart_agent_gazebo) StdoutLine: {'line': b'symbolically linking /home/test/wf3/gazebo/agentsd_ws/build/smart_agent_gazebo/models/aws_robomaker_residential_KitchenUtensils_01/model.sdf -> /home/test/wf3/gazebo/agentsd_ws/install/smart_agent_gazebo/share/smart_agent_gazebo/models/aws_robomaker_residential_KitchenUtensils_01\n'}
[1.276544] (smart_agent_gazebo) StdoutLine: {'line': b'creating /home/test/wf3/gazebo/agentsd_ws/install/smart_agent_gazebo/share/smart_agent_gazebo/models/aws_robomaker_residential_KitchenUtensils_01/materials\n'}
[1.276690] (smart_agent_gazebo) StdoutLine: {'line': b'creating /home/test/wf3/gazebo/agentsd_ws/install/smart_agent_gazebo/share/smart_agent_gazebo/models/aws_robomaker_residential_KitchenUtensils_01/materials/textures\n'}
[1.276832] (smart_agent_gazebo) StdoutLine: {'line': b'symbolically linking /home/test/wf3/gazebo/agentsd_ws/build/smart_agent_gazebo/models/aws_robomaker_residential_KitchenUtensils_01/materials/textures/aws_KitchenUtensils_01.png -> /home/test/wf3/gazebo/agentsd_ws/install/smart_agent_gazebo/share/smart_agent_gazebo/models/aws_robomaker_residential_KitchenUtensils_01/materials/textures\n'}
[1.277008] (smart_agent_gazebo) StdoutLine: {'line': b'creating /home/test/wf3/gazebo/agentsd_ws/install/smart_agent_gazebo/share/smart_agent_gazebo/models/aws_robomaker_residential_KitchenUtensils_01/meshes\n'}
[1.277154] (smart_agent_gazebo) StdoutLine: {'line': b'symbolically linking /home/test/wf3/gazebo/agentsd_ws/build/smart_agent_gazebo/models/aws_robomaker_residential_KitchenUtensils_01/meshes/aws_KitchenUtensils_01_visual.DAE -> /home/test/wf3/gazebo/agentsd_ws/install/smart_agent_gazebo/share/smart_agent_gazebo/models/aws_robomaker_residential_KitchenUtensils_01/meshes\n'}
[1.277298] (smart_agent_gazebo) StdoutLine: {'line': b'symbolically linking /home/test/wf3/gazebo/agentsd_ws/build/smart_agent_gazebo/models/aws_robomaker_residential_KitchenUtensils_01/meshes/aws_KitchenUtensils_01_collision.DAE -> /home/test/wf3/gazebo/agentsd_ws/install/smart_agent_gazebo/share/smart_agent_gazebo/models/aws_robomaker_residential_KitchenUtensils_01/meshes\n'}
[1.277436] (smart_agent_gazebo) StdoutLine: {'line': b'creating /home/test/wf3/gazebo/agentsd_ws/install/smart_agent_gazebo/share/smart_agent_gazebo/models/aws_robomaker_hospital_floor_01_ceiling\n'}
[1.277578] (smart_agent_gazebo) StdoutLine: {'line': b'symbolically linking /home/test/wf3/gazebo/agentsd_ws/build/smart_agent_gazebo/models/aws_robomaker_hospital_floor_01_ceiling/model.config -> /home/test/wf3/gazebo/agentsd_ws/install/smart_agent_gazebo/share/smart_agent_gazebo/models/aws_robomaker_hospital_floor_01_ceiling\n'}
[1.277721] (smart_agent_gazebo) StdoutLine: {'line': b'symbolically linking /home/test/wf3/gazebo/agentsd_ws/build/smart_agent_gazebo/models/aws_robomaker_hospital_floor_01_ceiling/aws_robomaker_hospital_floor_01_ceiling.png -> /home/test/wf3/gazebo/agentsd_ws/install/smart_agent_gazebo/share/smart_agent_gazebo/models/aws_robomaker_hospital_floor_01_ceiling\n'}
[1.277860] (smart_agent_gazebo) StdoutLine: {'line': b'symbolically linking /home/test/wf3/gazebo/agentsd_ws/build/smart_agent_gazebo/models/aws_robomaker_hospital_floor_01_ceiling/aws_robomaker_hospital_floor_01_ceiling_normal.png -> /home/test/wf3/gazebo/agentsd_ws/install/smart_agent_gazebo/share/smart_agent_gazebo/models/aws_robomaker_hospital_floor_01_ceiling\n'}
[1.277999] (smart_agent_gazebo) StdoutLine: {'line': b'symbolically linking /home/test/wf3/gazebo/agentsd_ws/build/smart_agent_gazebo/models/aws_robomaker_hospital_floor_01_ceiling/model.sdf -> /home/test/wf3/gazebo/agentsd_ws/install/smart_agent_gazebo/share/smart_agent_gazebo/models/aws_robomaker_hospital_floor_01_ceiling\n'}
[1.278136] (smart_agent_gazebo) StdoutLine: {'line': b'creating /home/test/wf3/gazebo/agentsd_ws/install/smart_agent_gazebo/share/smart_agent_gazebo/models/aws_robomaker_hospital_floor_01_ceiling/meshes\n'}
[1.279258] (smart_agent_gazebo) StdoutLine: {'line': b'symbolically linking /home/test/wf3/gazebo/agentsd_ws/build/smart_agent_gazebo/models/aws_robomaker_hospital_floor_01_ceiling/meshes/aws_robomaker_hospital_floor_01_ceiling_collision.dae -> /home/test/wf3/gazebo/agentsd_ws/install/smart_agent_gazebo/share/smart_agent_gazebo/models/aws_robomaker_hospital_floor_01_ceiling/meshes\n'}
[1.279899] (smart_agent_gazebo) StdoutLine: {'line': b'symbolically linking /home/test/wf3/gazebo/agentsd_ws/build/smart_agent_gazebo/models/aws_robomaker_hospital_floor_01_ceiling/meshes/aws_robomaker_hospital_floor_01_ceiling_visual.dae -> /home/test/wf3/gazebo/agentsd_ws/install/smart_agent_gazebo/share/smart_agent_gazebo/models/aws_robomaker_hospital_floor_01_ceiling/meshes\n'}
[1.280059] (smart_agent_gazebo) StdoutLine: {'line': b'symbolically linking /home/test/wf3/gazebo/agentsd_ws/build/smart_agent_gazebo/models/aws_robomaker_hospital_floor_01_ceiling/meshes/aws_robomaker_hospital_floor_01_ceiling.png -> /home/test/wf3/gazebo/agentsd_ws/install/smart_agent_gazebo/share/smart_agent_gazebo/models/aws_robomaker_hospital_floor_01_ceiling/meshes\n'}
[1.280208] (smart_agent_gazebo) StdoutLine: {'line': b'symbolically linking /home/test/wf3/gazebo/agentsd_ws/build/smart_agent_gazebo/models/aws_robomaker_hospital_floor_01_ceiling/meshes/aws_robomaker_hospital_floor_01_ceiling_normal.png -> /home/test/wf3/gazebo/agentsd_ws/install/smart_agent_gazebo/share/smart_agent_gazebo/models/aws_robomaker_hospital_floor_01_ceiling/meshes\n'}
[1.280353] (smart_agent_gazebo) StdoutLine: {'line': b'creating /home/test/wf3/gazebo/agentsd_ws/install/smart_agent_gazebo/share/smart_agent_gazebo/models/aws_robomaker_residential_AirconditionerA_01\n'}
[1.280496] (smart_agent_gazebo) StdoutLine: {'line': b'symbolically linking /home/test/wf3/gazebo/agentsd_ws/build/smart_agent_gazebo/models/aws_robomaker_residential_AirconditionerA_01/model.config -> /home/test/wf3/gazebo/agentsd_ws/install/smart_agent_gazebo/share/smart_agent_gazebo/models/aws_robomaker_residential_AirconditionerA_01\n'}
[1.280693] (smart_agent_gazebo) StdoutLine: {'line': b'symbolically linking /home/test/wf3/gazebo/agentsd_ws/build/smart_agent_gazebo/models/aws_robomaker_residential_AirconditionerA_01/model.sdf -> /home/test/wf3/gazebo/agentsd_ws/install/smart_agent_gazebo/share/smart_agent_gazebo/models/aws_robomaker_residential_AirconditionerA_01\n'}
[1.280840] (smart_agent_gazebo) StdoutLine: {'line': b'creating /home/test/wf3/gazebo/agentsd_ws/install/smart_agent_gazebo/share/smart_agent_gazebo/models/aws_robomaker_residential_AirconditionerA_01/materials\n'}
[1.280988] (smart_agent_gazebo) StdoutLine: {'line': b'creating /home/test/wf3/gazebo/agentsd_ws/install/smart_agent_gazebo/share/smart_agent_gazebo/models/aws_robomaker_residential_AirconditionerA_01/materials/textures\n'}
[1.281127] (smart_agent_gazebo) StdoutLine: {'line': b'symbolically linking /home/test/wf3/gazebo/agentsd_ws/build/smart_agent_gazebo/models/aws_robomaker_residential_AirconditionerA_01/materials/textures/aws_AirconditionerA_01.png -> /home/test/wf3/gazebo/agentsd_ws/install/smart_agent_gazebo/share/smart_agent_gazebo/models/aws_robomaker_residential_AirconditionerA_01/materials/textures\n'}
[1.281274] (smart_agent_gazebo) StdoutLine: {'line': b'creating /home/test/wf3/gazebo/agentsd_ws/install/smart_agent_gazebo/share/smart_agent_gazebo/models/aws_robomaker_residential_AirconditionerA_01/meshes\n'}
[1.281415] (smart_agent_gazebo) StdoutLine: {'line': b'symbolically linking /home/test/wf3/gazebo/agentsd_ws/build/smart_agent_gazebo/models/aws_robomaker_residential_AirconditionerA_01/meshes/aws_AirconditionerA_01_visual.DAE -> /home/test/wf3/gazebo/agentsd_ws/install/smart_agent_gazebo/share/smart_agent_gazebo/models/aws_robomaker_residential_AirconditionerA_01/meshes\n'}
[1.281560] (smart_agent_gazebo) StdoutLine: {'line': b'symbolically linking /home/test/wf3/gazebo/agentsd_ws/build/smart_agent_gazebo/models/aws_robomaker_residential_AirconditionerA_01/meshes/aws__Air conditioner_01.DAE -> /home/test/wf3/gazebo/agentsd_ws/install/smart_agent_gazebo/share/smart_agent_gazebo/models/aws_robomaker_residential_AirconditionerA_01/meshes\n'}
[1.281740] (smart_agent_gazebo) StdoutLine: {'line': b'symbolically linking /home/test/wf3/gazebo/agentsd_ws/build/smart_agent_gazebo/models/aws_robomaker_residential_AirconditionerA_01/meshes/aws_AirconditionerA_01_collision.DAE -> /home/test/wf3/gazebo/agentsd_ws/install/smart_agent_gazebo/share/smart_agent_gazebo/models/aws_robomaker_residential_AirconditionerA_01/meshes\n'}
[1.281886] (smart_agent_gazebo) StdoutLine: {'line': b'creating /home/test/wf3/gazebo/agentsd_ws/install/smart_agent_gazebo/share/smart_agent_gazebo/models/Shower\n'}
[1.282034] (smart_agent_gazebo) StdoutLine: {'line': b'symbolically linking /home/test/wf3/gazebo/agentsd_ws/build/smart_agent_gazebo/models/Shower/model.config -> /home/test/wf3/gazebo/agentsd_ws/install/smart_agent_gazebo/share/smart_agent_gazebo/models/Shower\n'}
[1.282178] (smart_agent_gazebo) StdoutLine: {'line': b'symbolically linking /home/test/wf3/gazebo/agentsd_ws/build/smart_agent_gazebo/models/Shower/model.sdf -> /home/test/wf3/gazebo/agentsd_ws/install/smart_agent_gazebo/share/smart_agent_gazebo/models/Shower\n'}
[1.282430] (smart_agent_gazebo) StdoutLine: {'line': b'creating /home/test/wf3/gazebo/agentsd_ws/install/smart_agent_gazebo/share/smart_agent_gazebo/models/Shower/thumbnails\n'}
[1.282574] (smart_agent_gazebo) StdoutLine: {'line': b'symbolically linking /home/test/wf3/gazebo/agentsd_ws/build/smart_agent_gazebo/models/Shower/thumbnails/2.png -> /home/test/wf3/gazebo/agentsd_ws/install/smart_agent_gazebo/share/smart_agent_gazebo/models/Shower/thumbnails\n'}
[1.282720] (smart_agent_gazebo) StdoutLine: {'line': b'symbolically linking /home/test/wf3/gazebo/agentsd_ws/build/smart_agent_gazebo/models/Shower/thumbnails/1.png -> /home/test/wf3/gazebo/agentsd_ws/install/smart_agent_gazebo/share/smart_agent_gazebo/models/Shower/thumbnails\n'}
[1.282862] (smart_agent_gazebo) StdoutLine: {'line': b'symbolically linking /home/test/wf3/gazebo/agentsd_ws/build/smart_agent_gazebo/models/Shower/thumbnails/4.png -> /home/test/wf3/gazebo/agentsd_ws/install/smart_agent_gazebo/share/smart_agent_gazebo/models/Shower/thumbnails\n'}
[1.283002] (smart_agent_gazebo) StdoutLine: {'line': b'symbolically linking /home/test/wf3/gazebo/agentsd_ws/build/smart_agent_gazebo/models/Shower/thumbnails/3.png -> /home/test/wf3/gazebo/agentsd_ws/install/smart_agent_gazebo/share/smart_agent_gazebo/models/Shower/thumbnails\n'}
[1.283142] (smart_agent_gazebo) StdoutLine: {'line': b'symbolically linking /home/test/wf3/gazebo/agentsd_ws/build/smart_agent_gazebo/models/Shower/thumbnails/5.png -> /home/test/wf3/gazebo/agentsd_ws/install/smart_agent_gazebo/share/smart_agent_gazebo/models/Shower/thumbnails\n'}
[1.283290] (smart_agent_gazebo) StdoutLine: {'line': b'creating /home/test/wf3/gazebo/agentsd_ws/install/smart_agent_gazebo/share/smart_agent_gazebo/models/Shower/meshes\n'}
[1.283436] (smart_agent_gazebo) StdoutLine: {'line': b'symbolically linking /home/test/wf3/gazebo/agentsd_ws/build/smart_agent_gazebo/models/Shower/meshes/Shower.obj -> /home/test/wf3/gazebo/agentsd_ws/install/smart_agent_gazebo/share/smart_agent_gazebo/models/Shower/meshes\n'}
[1.283588] (smart_agent_gazebo) StdoutLine: {'line': b'symbolically linking /home/test/wf3/gazebo/agentsd_ws/build/smart_agent_gazebo/models/Shower/meshes/Shower.mtl -> /home/test/wf3/gazebo/agentsd_ws/install/smart_agent_gazebo/share/smart_agent_gazebo/models/Shower/meshes\n'}
[1.283878] (smart_agent_gazebo) StdoutLine: {'line': b'symbolically linking /home/test/wf3/gazebo/agentsd_ws/build/smart_agent_gazebo/models/Shower/meshes/ShowerDiffuse.png -> /home/test/wf3/gazebo/agentsd_ws/install/smart_agent_gazebo/share/smart_agent_gazebo/models/Shower/meshes\n'}
[1.284023] (smart_agent_gazebo) StdoutLine: {'line': b'creating /home/test/wf3/gazebo/agentsd_ws/install/smart_agent_gazebo/share/smart_agent_gazebo/models/aws_robomaker_hospital_hospitalsign_01\n'}
[1.284175] (smart_agent_gazebo) StdoutLine: {'line': b'symbolically linking /home/test/wf3/gazebo/agentsd_ws/build/smart_agent_gazebo/models/aws_robomaker_hospital_hospitalsign_01/model.config -> /home/test/wf3/gazebo/agentsd_ws/install/smart_agent_gazebo/share/smart_agent_gazebo/models/aws_robomaker_hospital_hospitalsign_01\n'}
[1.284319] (smart_agent_gazebo) StdoutLine: {'line': b'symbolically linking /home/test/wf3/gazebo/agentsd_ws/build/smart_agent_gazebo/models/aws_robomaker_hospital_hospitalsign_01/model.sdf -> /home/test/wf3/gazebo/agentsd_ws/install/smart_agent_gazebo/share/smart_agent_gazebo/models/aws_robomaker_hospital_hospitalsign_01\n'}
[1.284463] (smart_agent_gazebo) StdoutLine: {'line': b'creating /home/test/wf3/gazebo/agentsd_ws/install/smart_agent_gazebo/share/smart_agent_gazebo/models/aws_robomaker_hospital_hospitalsign_01/meshes\n'}
[1.284605] (smart_agent_gazebo) StdoutLine: {'line': b'symbolically linking /home/test/wf3/gazebo/agentsd_ws/build/smart_agent_gazebo/models/aws_robomaker_hospital_hospitalsign_01/meshes/aws_robomaker_hospital_hospitalsign_01_normal.png -> /home/test/wf3/gazebo/agentsd_ws/install/smart_agent_gazebo/share/smart_agent_gazebo/models/aws_robomaker_hospital_hospitalsign_01/meshes\n'}
[1.284747] (smart_agent_gazebo) StdoutLine: {'line': b'symbolically linking /home/test/wf3/gazebo/agentsd_ws/build/smart_agent_gazebo/models/aws_robomaker_hospital_hospitalsign_01/meshes/aws_robomaker_hospital_hospitalsign_01.png -> /home/test/wf3/gazebo/agentsd_ws/install/smart_agent_gazebo/share/smart_agent_gazebo/models/aws_robomaker_hospital_hospitalsign_01/meshes\n'}
[1.284892] (smart_agent_gazebo) StdoutLine: {'line': b'symbolically linking /home/test/wf3/gazebo/agentsd_ws/build/smart_agent_gazebo/models/aws_robomaker_hospital_hospitalsign_01/meshes/aws_robomaker_hospital_hospitalsign_01_visual.dae -> /home/test/wf3/gazebo/agentsd_ws/install/smart_agent_gazebo/share/smart_agent_gazebo/models/aws_robomaker_hospital_hospitalsign_01/meshes\n'}
[1.285038] (smart_agent_gazebo) StdoutLine: {'line': b'symbolically linking /home/test/wf3/gazebo/agentsd_ws/build/smart_agent_gazebo/models/aws_robomaker_hospital_hospitalsign_01/meshes/aws_robomaker_hospital_hospitalsign_01_collision.dae -> /home/test/wf3/gazebo/agentsd_ws/install/smart_agent_gazebo/share/smart_agent_gazebo/models/aws_robomaker_hospital_hospitalsign_01/meshes\n'}
[1.285199] (smart_agent_gazebo) StdoutLine: {'line': b'creating /home/test/wf3/gazebo/agentsd_ws/install/smart_agent_gazebo/share/smart_agent_gazebo/models/StorageRackCoverOpen\n'}
[1.285340] (smart_agent_gazebo) StdoutLine: {'line': b'symbolically linking /home/test/wf3/gazebo/agentsd_ws/build/smart_agent_gazebo/models/StorageRackCoverOpen/model.config -> /home/test/wf3/gazebo/agentsd_ws/install/smart_agent_gazebo/share/smart_agent_gazebo/models/StorageRackCoverOpen\n'}
[1.285483] (smart_agent_gazebo) StdoutLine: {'line': b'symbolically linking /home/test/wf3/gazebo/agentsd_ws/build/smart_agent_gazebo/models/StorageRackCoverOpen/model.sdf -> /home/test/wf3/gazebo/agentsd_ws/install/smart_agent_gazebo/share/smart_agent_gazebo/models/StorageRackCoverOpen\n'}
[1.285626] (smart_agent_gazebo) StdoutLine: {'line': b'creating /home/test/wf3/gazebo/agentsd_ws/install/smart_agent_gazebo/share/smart_agent_gazebo/models/StorageRackCoverOpen/thumbnails\n'}
[1.285766] (smart_agent_gazebo) StdoutLine: {'line': b'symbolically linking /home/test/wf3/gazebo/agentsd_ws/build/smart_agent_gazebo/models/StorageRackCoverOpen/thumbnails/2.png -> /home/test/wf3/gazebo/agentsd_ws/install/smart_agent_gazebo/share/smart_agent_gazebo/models/StorageRackCoverOpen/thumbnails\n'}
[1.285917] (smart_agent_gazebo) StdoutLine: {'line': b'symbolically linking /home/test/wf3/gazebo/agentsd_ws/build/smart_agent_gazebo/models/StorageRackCoverOpen/thumbnails/1.png -> /home/test/wf3/gazebo/agentsd_ws/install/smart_agent_gazebo/share/smart_agent_gazebo/models/StorageRackCoverOpen/thumbnails\n'}
[1.286060] (smart_agent_gazebo) StdoutLine: {'line': b'symbolically linking /home/test/wf3/gazebo/agentsd_ws/build/smart_agent_gazebo/models/StorageRackCoverOpen/thumbnails/4.png -> /home/test/wf3/gazebo/agentsd_ws/install/smart_agent_gazebo/share/smart_agent_gazebo/models/StorageRackCoverOpen/thumbnails\n'}
[1.286338] (smart_agent_gazebo) StdoutLine: {'line': b'symbolically linking /home/test/wf3/gazebo/agentsd_ws/build/smart_agent_gazebo/models/StorageRackCoverOpen/thumbnails/3.png -> /home/test/wf3/gazebo/agentsd_ws/install/smart_agent_gazebo/share/smart_agent_gazebo/models/StorageRackCoverOpen/thumbnails\n'}
[1.286484] (smart_agent_gazebo) StdoutLine: {'line': b'symbolically linking /home/test/wf3/gazebo/agentsd_ws/build/smart_agent_gazebo/models/StorageRackCoverOpen/thumbnails/5.png -> /home/test/wf3/gazebo/agentsd_ws/install/smart_agent_gazebo/share/smart_agent_gazebo/models/StorageRackCoverOpen/thumbnails\n'}
[1.286630] (smart_agent_gazebo) StdoutLine: {'line': b'creating /home/test/wf3/gazebo/agentsd_ws/install/smart_agent_gazebo/share/smart_agent_gazebo/models/StorageRackCoverOpen/meshes\n'}
[1.286777] (smart_agent_gazebo) StdoutLine: {'line': b'symbolically linking /home/test/wf3/gazebo/agentsd_ws/build/smart_agent_gazebo/models/StorageRackCoverOpen/meshes/StorageRackCoverOpen.mtl -> /home/test/wf3/gazebo/agentsd_ws/install/smart_agent_gazebo/share/smart_agent_gazebo/models/StorageRackCoverOpen/meshes\n'}
[1.286926] (smart_agent_gazebo) StdoutLine: {'line': b'symbolically linking /home/test/wf3/gazebo/agentsd_ws/build/smart_agent_gazebo/models/StorageRackCoverOpen/meshes/StorageRackCoverOpen.png -> /home/test/wf3/gazebo/agentsd_ws/install/smart_agent_gazebo/share/smart_agent_gazebo/models/StorageRackCoverOpen/meshes\n'}
[1.287069] (smart_agent_gazebo) StdoutLine: {'line': b'symbolically linking /home/test/wf3/gazebo/agentsd_ws/build/smart_agent_gazebo/models/StorageRackCoverOpen/meshes/StorageRackCoverOpen.obj -> /home/test/wf3/gazebo/agentsd_ws/install/smart_agent_gazebo/share/smart_agent_gazebo/models/StorageRackCoverOpen/meshes\n'}
[1.287208] (smart_agent_gazebo) StdoutLine: {'line': b'creating /home/test/wf3/gazebo/agentsd_ws/install/smart_agent_gazebo/share/smart_agent_gazebo/models/aws_robomaker_residential_KitchenTable_01\n'}
[1.287343] (smart_agent_gazebo) StdoutLine: {'line': b'symbolically linking /home/test/wf3/gazebo/agentsd_ws/build/smart_agent_gazebo/models/aws_robomaker_residential_KitchenTable_01/model.config -> /home/test/wf3/gazebo/agentsd_ws/install/smart_agent_gazebo/share/smart_agent_gazebo/models/aws_robomaker_residential_KitchenTable_01\n'}
[1.287486] (smart_agent_gazebo) StdoutLine: {'line': b'symbolically linking /home/test/wf3/gazebo/agentsd_ws/build/smart_agent_gazebo/models/aws_robomaker_residential_KitchenTable_01/model.sdf -> /home/test/wf3/gazebo/agentsd_ws/install/smart_agent_gazebo/share/smart_agent_gazebo/models/aws_robomaker_residential_KitchenTable_01\n'}
[1.287639] (smart_agent_gazebo) StdoutLine: {'line': b'creating /home/test/wf3/gazebo/agentsd_ws/install/smart_agent_gazebo/share/smart_agent_gazebo/models/aws_robomaker_residential_KitchenTable_01/materials\n'}
[1.287880] (smart_agent_gazebo) StdoutLine: {'line': b'creating /home/test/wf3/gazebo/agentsd_ws/install/smart_agent_gazebo/share/smart_agent_gazebo/models/aws_robomaker_residential_KitchenTable_01/materials/textures\n'}
[1.288027] (smart_agent_gazebo) StdoutLine: {'line': b'symbolically linking /home/test/wf3/gazebo/agentsd_ws/build/smart_agent_gazebo/models/aws_robomaker_residential_KitchenTable_01/materials/textures/aws_KitchenTable_01.png -> /home/test/wf3/gazebo/agentsd_ws/install/smart_agent_gazebo/share/smart_agent_gazebo/models/aws_robomaker_residential_KitchenTable_01/materials/textures\n'}
[1.288453] (smart_agent_gazebo) StdoutLine: {'line': b'creating /home/test/wf3/gazebo/agentsd_ws/install/smart_agent_gazebo/share/smart_agent_gazebo/models/aws_robomaker_residential_KitchenTable_01/meshes\n'}
[1.288613] (smart_agent_gazebo) StdoutLine: {'line': b'symbolically linking /home/test/wf3/gazebo/agentsd_ws/build/smart_agent_gazebo/models/aws_robomaker_residential_KitchenTable_01/meshes/aws_KitchenTable_01_visual.DAE -> /home/test/wf3/gazebo/agentsd_ws/install/smart_agent_gazebo/share/smart_agent_gazebo/models/aws_robomaker_residential_KitchenTable_01/meshes\n'}
[1.288814] (smart_agent_gazebo) StdoutLine: {'line': b'symbolically linking /home/test/wf3/gazebo/agentsd_ws/build/smart_agent_gazebo/models/aws_robomaker_residential_KitchenTable_01/meshes/aws_KitchenTable_01_collision.DAE -> /home/test/wf3/gazebo/agentsd_ws/install/smart_agent_gazebo/share/smart_agent_gazebo/models/aws_robomaker_residential_KitchenTable_01/meshes\n'}
[1.288975] (smart_agent_gazebo) StdoutLine: {'line': b'creating /home/test/wf3/gazebo/agentsd_ws/install/smart_agent_gazebo/share/smart_agent_gazebo/models/aws_robomaker_residential_AirconditionerB_01\n'}
[1.289120] (smart_agent_gazebo) StdoutLine: {'line': b'symbolically linking /home/test/wf3/gazebo/agentsd_ws/build/smart_agent_gazebo/models/aws_robomaker_residential_AirconditionerB_01/model.config -> /home/test/wf3/gazebo/agentsd_ws/install/smart_agent_gazebo/share/smart_agent_gazebo/models/aws_robomaker_residential_AirconditionerB_01\n'}
[1.289263] (smart_agent_gazebo) StdoutLine: {'line': b'symbolically linking /home/test/wf3/gazebo/agentsd_ws/build/smart_agent_gazebo/models/aws_robomaker_residential_AirconditionerB_01/model.sdf -> /home/test/wf3/gazebo/agentsd_ws/install/smart_agent_gazebo/share/smart_agent_gazebo/models/aws_robomaker_residential_AirconditionerB_01\n'}
[1.289405] (smart_agent_gazebo) StdoutLine: {'line': b'creating /home/test/wf3/gazebo/agentsd_ws/install/smart_agent_gazebo/share/smart_agent_gazebo/models/aws_robomaker_residential_AirconditionerB_01/materials\n'}
[1.289551] (smart_agent_gazebo) StdoutLine: {'line': b'creating /home/test/wf3/gazebo/agentsd_ws/install/smart_agent_gazebo/share/smart_agent_gazebo/models/aws_robomaker_residential_AirconditionerB_01/materials/textures\n'}
[1.289694] (smart_agent_gazebo) StdoutLine: {'line': b'symbolically linking /home/test/wf3/gazebo/agentsd_ws/build/smart_agent_gazebo/models/aws_robomaker_residential_AirconditionerB_01/materials/textures/aws_AirconditionerB_01.png -> /home/test/wf3/gazebo/agentsd_ws/install/smart_agent_gazebo/share/smart_agent_gazebo/models/aws_robomaker_residential_AirconditionerB_01/materials/textures\n'}
[1.289844] (smart_agent_gazebo) StdoutLine: {'line': b'creating /home/test/wf3/gazebo/agentsd_ws/install/smart_agent_gazebo/share/smart_agent_gazebo/models/aws_robomaker_residential_AirconditionerB_01/meshes\n'}
[1.289991] (smart_agent_gazebo) StdoutLine: {'line': b'symbolically linking /home/test/wf3/gazebo/agentsd_ws/build/smart_agent_gazebo/models/aws_robomaker_residential_AirconditionerB_01/meshes/aws_AirconditionerB_01_visual.DAE -> /home/test/wf3/gazebo/agentsd_ws/install/smart_agent_gazebo/share/smart_agent_gazebo/models/aws_robomaker_residential_AirconditionerB_01/meshes\n'}
[1.290139] (smart_agent_gazebo) StdoutLine: {'line': b'symbolically linking /home/test/wf3/gazebo/agentsd_ws/build/smart_agent_gazebo/models/aws_robomaker_residential_AirconditionerB_01/meshes/aws_AirconditionerB_01_collision.DAE -> /home/test/wf3/gazebo/agentsd_ws/install/smart_agent_gazebo/share/smart_agent_gazebo/models/aws_robomaker_residential_AirconditionerB_01/meshes\n'}
[1.290288] (smart_agent_gazebo) StdoutLine: {'line': b'creating /home/test/wf3/gazebo/agentsd_ws/install/smart_agent_gazebo/share/smart_agent_gazebo/models/aws_robomaker_residential_PortraitB_01\n'}
[1.290430] (smart_agent_gazebo) StdoutLine: {'line': b'symbolically linking /home/test/wf3/gazebo/agentsd_ws/build/smart_agent_gazebo/models/aws_robomaker_residential_PortraitB_01/model.config -> /home/test/wf3/gazebo/agentsd_ws/install/smart_agent_gazebo/share/smart_agent_gazebo/models/aws_robomaker_residential_PortraitB_01\n'}
[1.290577] (smart_agent_gazebo) StdoutLine: {'line': b'symbolically linking /home/test/wf3/gazebo/agentsd_ws/build/smart_agent_gazebo/models/aws_robomaker_residential_PortraitB_01/model.sdf -> /home/test/wf3/gazebo/agentsd_ws/install/smart_agent_gazebo/share/smart_agent_gazebo/models/aws_robomaker_residential_PortraitB_01\n'}
[1.290719] (smart_agent_gazebo) StdoutLine: {'line': b'creating /home/test/wf3/gazebo/agentsd_ws/install/smart_agent_gazebo/share/smart_agent_gazebo/models/aws_robomaker_residential_PortraitB_01/materials\n'}
[1.290899] (smart_agent_gazebo) StdoutLine: {'line': b'creating /home/test/wf3/gazebo/agentsd_ws/install/smart_agent_gazebo/share/smart_agent_gazebo/models/aws_robomaker_residential_PortraitB_01/materials/textures\n'}
[1.291110] (smart_agent_gazebo) StdoutLine: {'line': b'symbolically linking /home/test/wf3/gazebo/agentsd_ws/build/smart_agent_gazebo/models/aws_robomaker_residential_PortraitB_01/materials/textures/aws_PortraitB_02.png -> /home/test/wf3/gazebo/agentsd_ws/install/smart_agent_gazebo/share/smart_agent_gazebo/models/aws_robomaker_residential_PortraitB_01/materials/textures\n'}
[1.291261] (smart_agent_gazebo) StdoutLine: {'line': b'symbolically linking /home/test/wf3/gazebo/agentsd_ws/build/smart_agent_gazebo/models/aws_robomaker_residential_PortraitB_01/materials/textures/aws_PortraitB_01.png -> /home/test/wf3/gazebo/agentsd_ws/install/smart_agent_gazebo/share/smart_agent_gazebo/models/aws_robomaker_residential_PortraitB_01/materials/textures\n'}
[1.291408] (smart_agent_gazebo) StdoutLine: {'line': b'creating /home/test/wf3/gazebo/agentsd_ws/install/smart_agent_gazebo/share/smart_agent_gazebo/models/aws_robomaker_residential_PortraitB_01/meshes\n'}
[1.291566] (smart_agent_gazebo) StdoutLine: {'line': b'symbolically linking /home/test/wf3/gazebo/agentsd_ws/build/smart_agent_gazebo/models/aws_robomaker_residential_PortraitB_01/meshes/aws_PortraitB_01_collision.DAE -> /home/test/wf3/gazebo/agentsd_ws/install/smart_agent_gazebo/share/smart_agent_gazebo/models/aws_robomaker_residential_PortraitB_01/meshes\n'}
[1.291749] (smart_agent_gazebo) StdoutLine: {'line': b'symbolically linking /home/test/wf3/gazebo/agentsd_ws/build/smart_agent_gazebo/models/aws_robomaker_residential_PortraitB_01/meshes/aws_PortraitB_01_visual.DAE -> /home/test/wf3/gazebo/agentsd_ws/install/smart_agent_gazebo/share/smart_agent_gazebo/models/aws_robomaker_residential_PortraitB_01/meshes\n'}
[1.291900] (smart_agent_gazebo) StdoutLine: {'line': b'creating /home/test/wf3/gazebo/agentsd_ws/install/smart_agent_gazebo/share/smart_agent_gazebo/models/aws_robomaker_residential_Rangehood_01\n'}
[1.292044] (smart_agent_gazebo) StdoutLine: {'line': b'symbolically linking /home/test/wf3/gazebo/agentsd_ws/build/smart_agent_gazebo/models/aws_robomaker_residential_Rangehood_01/model.config -> /home/test/wf3/gazebo/agentsd_ws/install/smart_agent_gazebo/share/smart_agent_gazebo/models/aws_robomaker_residential_Rangehood_01\n'}
[1.292192] (smart_agent_gazebo) StdoutLine: {'line': b'symbolically linking /home/test/wf3/gazebo/agentsd_ws/build/smart_agent_gazebo/models/aws_robomaker_residential_Rangehood_01/model.sdf -> /home/test/wf3/gazebo/agentsd_ws/install/smart_agent_gazebo/share/smart_agent_gazebo/models/aws_robomaker_residential_Rangehood_01\n'}
[1.292341] (smart_agent_gazebo) StdoutLine: {'line': b'creating /home/test/wf3/gazebo/agentsd_ws/install/smart_agent_gazebo/share/smart_agent_gazebo/models/aws_robomaker_residential_Rangehood_01/materials\n'}
[1.292483] (smart_agent_gazebo) StdoutLine: {'line': b'creating /home/test/wf3/gazebo/agentsd_ws/install/smart_agent_gazebo/share/smart_agent_gazebo/models/aws_robomaker_residential_Rangehood_01/materials/textures\n'}
[1.292625] (smart_agent_gazebo) StdoutLine: {'line': b'symbolically linking /home/test/wf3/gazebo/agentsd_ws/build/smart_agent_gazebo/models/aws_robomaker_residential_Rangehood_01/materials/textures/aws_Rangehood_01.png -> /home/test/wf3/gazebo/agentsd_ws/install/smart_agent_gazebo/share/smart_agent_gazebo/models/aws_robomaker_residential_Rangehood_01/materials/textures\n'}
[1.292773] (smart_agent_gazebo) StdoutLine: {'line': b'creating /home/test/wf3/gazebo/agentsd_ws/install/smart_agent_gazebo/share/smart_agent_gazebo/models/aws_robomaker_residential_Rangehood_01/meshes\n'}
[1.292919] (smart_agent_gazebo) StdoutLine: {'line': b'symbolically linking /home/test/wf3/gazebo/agentsd_ws/build/smart_agent_gazebo/models/aws_robomaker_residential_Rangehood_01/meshes/aws_Rangehood_01_collision.DAE -> /home/test/wf3/gazebo/agentsd_ws/install/smart_agent_gazebo/share/smart_agent_gazebo/models/aws_robomaker_residential_Rangehood_01/meshes\n'}
[1.293116] (smart_agent_gazebo) StdoutLine: {'line': b'symbolically linking /home/test/wf3/gazebo/agentsd_ws/build/smart_agent_gazebo/models/aws_robomaker_residential_Rangehood_01/meshes/aws_Rangehood_01_visual.DAE -> /home/test/wf3/gazebo/agentsd_ws/install/smart_agent_gazebo/share/smart_agent_gazebo/models/aws_robomaker_residential_Rangehood_01/meshes\n'}
[1.293263] (smart_agent_gazebo) StdoutLine: {'line': b'creating /home/test/wf3/gazebo/agentsd_ws/install/smart_agent_gazebo/share/smart_agent_gazebo/models/aws_robomaker_residential_Curtain_01\n'}
[1.293406] (smart_agent_gazebo) StdoutLine: {'line': b'symbolically linking /home/test/wf3/gazebo/agentsd_ws/build/smart_agent_gazebo/models/aws_robomaker_residential_Curtain_01/model.config -> /home/test/wf3/gazebo/agentsd_ws/install/smart_agent_gazebo/share/smart_agent_gazebo/models/aws_robomaker_residential_Curtain_01\n'}
[1.293547] (smart_agent_gazebo) StdoutLine: {'line': b'symbolically linking /home/test/wf3/gazebo/agentsd_ws/build/smart_agent_gazebo/models/aws_robomaker_residential_Curtain_01/model.sdf -> /home/test/wf3/gazebo/agentsd_ws/install/smart_agent_gazebo/share/smart_agent_gazebo/models/aws_robomaker_residential_Curtain_01\n'}
[1.293716] (smart_agent_gazebo) StdoutLine: {'line': b'creating /home/test/wf3/gazebo/agentsd_ws/install/smart_agent_gazebo/share/smart_agent_gazebo/models/aws_robomaker_residential_Curtain_01/materials\n'}
[1.293856] (smart_agent_gazebo) StdoutLine: {'line': b'creating /home/test/wf3/gazebo/agentsd_ws/install/smart_agent_gazebo/share/smart_agent_gazebo/models/aws_robomaker_residential_Curtain_01/materials/textures\n'}
[1.293998] (smart_agent_gazebo) StdoutLine: {'line': b'symbolically linking /home/test/wf3/gazebo/agentsd_ws/build/smart_agent_gazebo/models/aws_robomaker_residential_Curtain_01/materials/textures/aws_Curtain_01.png -> /home/test/wf3/gazebo/agentsd_ws/install/smart_agent_gazebo/share/smart_agent_gazebo/models/aws_robomaker_residential_Curtain_01/materials/textures\n'}
[1.294186] (smart_agent_gazebo) StdoutLine: {'line': b'creating /home/test/wf3/gazebo/agentsd_ws/install/smart_agent_gazebo/share/smart_agent_gazebo/models/aws_robomaker_residential_Curtain_01/meshes\n'}
[1.294333] (smart_agent_gazebo) StdoutLine: {'line': b'symbolically linking /home/test/wf3/gazebo/agentsd_ws/build/smart_agent_gazebo/models/aws_robomaker_residential_Curtain_01/meshes/aws_Curtain_01_visual.DAE -> /home/test/wf3/gazebo/agentsd_ws/install/smart_agent_gazebo/share/smart_agent_gazebo/models/aws_robomaker_residential_Curtain_01/meshes\n'}
[1.294479] (smart_agent_gazebo) StdoutLine: {'line': b'symbolically linking /home/test/wf3/gazebo/agentsd_ws/build/smart_agent_gazebo/models/aws_robomaker_residential_Curtain_01/meshes/aws_Curtain_01_collision.DAE -> /home/test/wf3/gazebo/agentsd_ws/install/smart_agent_gazebo/share/smart_agent_gazebo/models/aws_robomaker_residential_Curtain_01/meshes\n'}
[1.294622] (smart_agent_gazebo) StdoutLine: {'line': b'creating /home/test/wf3/gazebo/agentsd_ws/install/smart_agent_gazebo/share/smart_agent_gazebo/models/aws_robomaker_residential_ChairA_01\n'}
[1.294762] (smart_agent_gazebo) StdoutLine: {'line': b'symbolically linking /home/test/wf3/gazebo/agentsd_ws/build/smart_agent_gazebo/models/aws_robomaker_residential_ChairA_01/model.config -> /home/test/wf3/gazebo/agentsd_ws/install/smart_agent_gazebo/share/smart_agent_gazebo/models/aws_robomaker_residential_ChairA_01\n'}
[1.294904] (smart_agent_gazebo) StdoutLine: {'line': b'symbolically linking /home/test/wf3/gazebo/agentsd_ws/build/smart_agent_gazebo/models/aws_robomaker_residential_ChairA_01/model.sdf -> /home/test/wf3/gazebo/agentsd_ws/install/smart_agent_gazebo/share/smart_agent_gazebo/models/aws_robomaker_residential_ChairA_01\n'}
[1.295046] (smart_agent_gazebo) StdoutLine: {'line': b'creating /home/test/wf3/gazebo/agentsd_ws/install/smart_agent_gazebo/share/smart_agent_gazebo/models/aws_robomaker_residential_ChairA_01/materials\n'}
[1.295192] (smart_agent_gazebo) StdoutLine: {'line': b'creating /home/test/wf3/gazebo/agentsd_ws/install/smart_agent_gazebo/share/smart_agent_gazebo/models/aws_robomaker_residential_ChairA_01/materials/textures\n'}
[1.295332] (smart_agent_gazebo) StdoutLine: {'line': b'symbolically linking /home/test/wf3/gazebo/agentsd_ws/build/smart_agent_gazebo/models/aws_robomaker_residential_ChairA_01/materials/textures/aws_ChairA_01.png -> /home/test/wf3/gazebo/agentsd_ws/install/smart_agent_gazebo/share/smart_agent_gazebo/models/aws_robomaker_residential_ChairA_01/materials/textures\n'}
[1.295472] (smart_agent_gazebo) StdoutLine: {'line': b'creating /home/test/wf3/gazebo/agentsd_ws/install/smart_agent_gazebo/share/smart_agent_gazebo/models/aws_robomaker_residential_ChairA_01/meshes\n'}
[1.295619] (smart_agent_gazebo) StdoutLine: {'line': b'symbolically linking /home/test/wf3/gazebo/agentsd_ws/build/smart_agent_gazebo/models/aws_robomaker_residential_ChairA_01/meshes/aws_ChairA_01_collision.DAE -> /home/test/wf3/gazebo/agentsd_ws/install/smart_agent_gazebo/share/smart_agent_gazebo/models/aws_robomaker_residential_ChairA_01/meshes\n'}
[1.295786] (smart_agent_gazebo) StdoutLine: {'line': b'symbolically linking /home/test/wf3/gazebo/agentsd_ws/build/smart_agent_gazebo/models/aws_robomaker_residential_ChairA_01/meshes/aws_ChairA_01_visual.DAE -> /home/test/wf3/gazebo/agentsd_ws/install/smart_agent_gazebo/share/smart_agent_gazebo/models/aws_robomaker_residential_ChairA_01/meshes\n'}
[1.295936] (smart_agent_gazebo) StdoutLine: {'line': b'creating /home/test/wf3/gazebo/agentsd_ws/install/smart_agent_gazebo/share/smart_agent_gazebo/models/KitchenSink\n'}
[1.296079] (smart_agent_gazebo) StdoutLine: {'line': b'symbolically linking /home/test/wf3/gazebo/agentsd_ws/build/smart_agent_gazebo/models/KitchenSink/model.config -> /home/test/wf3/gazebo/agentsd_ws/install/smart_agent_gazebo/share/smart_agent_gazebo/models/KitchenSink\n'}
[1.296226] (smart_agent_gazebo) StdoutLine: {'line': b'symbolically linking /home/test/wf3/gazebo/agentsd_ws/build/smart_agent_gazebo/models/KitchenSink/model.sdf -> /home/test/wf3/gazebo/agentsd_ws/install/smart_agent_gazebo/share/smart_agent_gazebo/models/KitchenSink\n'}
[1.296369] (smart_agent_gazebo) StdoutLine: {'line': b'creating /home/test/wf3/gazebo/agentsd_ws/install/smart_agent_gazebo/share/smart_agent_gazebo/models/KitchenSink/thumbnails\n'}
[1.296560] (smart_agent_gazebo) StdoutLine: {'line': b'symbolically linking /home/test/wf3/gazebo/agentsd_ws/build/smart_agent_gazebo/models/KitchenSink/thumbnails/2.png -> /home/test/wf3/gazebo/agentsd_ws/install/smart_agent_gazebo/share/smart_agent_gazebo/models/KitchenSink/thumbnails\n'}
[1.296704] (smart_agent_gazebo) StdoutLine: {'line': b'symbolically linking /home/test/wf3/gazebo/agentsd_ws/build/smart_agent_gazebo/models/KitchenSink/thumbnails/1.png -> /home/test/wf3/gazebo/agentsd_ws/install/smart_agent_gazebo/share/smart_agent_gazebo/models/KitchenSink/thumbnails\n'}
[1.296905] (smart_agent_gazebo) StdoutLine: {'line': b'symbolically linking /home/test/wf3/gazebo/agentsd_ws/build/smart_agent_gazebo/models/KitchenSink/thumbnails/4.png -> /home/test/wf3/gazebo/agentsd_ws/install/smart_agent_gazebo/share/smart_agent_gazebo/models/KitchenSink/thumbnails\n'}
[1.297067] (smart_agent_gazebo) StdoutLine: {'line': b'symbolically linking /home/test/wf3/gazebo/agentsd_ws/build/smart_agent_gazebo/models/KitchenSink/thumbnails/3.png -> /home/test/wf3/gazebo/agentsd_ws/install/smart_agent_gazebo/share/smart_agent_gazebo/models/KitchenSink/thumbnails\n'}
[1.297219] (smart_agent_gazebo) StdoutLine: {'line': b'symbolically linking /home/test/wf3/gazebo/agentsd_ws/build/smart_agent_gazebo/models/KitchenSink/thumbnails/5.png -> /home/test/wf3/gazebo/agentsd_ws/install/smart_agent_gazebo/share/smart_agent_gazebo/models/KitchenSink/thumbnails\n'}
[1.297365] (smart_agent_gazebo) StdoutLine: {'line': b'creating /home/test/wf3/gazebo/agentsd_ws/install/smart_agent_gazebo/share/smart_agent_gazebo/models/KitchenSink/meshes\n'}
[1.297524] (smart_agent_gazebo) StdoutLine: {'line': b'symbolically linking /home/test/wf3/gazebo/agentsd_ws/build/smart_agent_gazebo/models/KitchenSink/meshes/kitchenSink.obj -> /home/test/wf3/gazebo/agentsd_ws/install/smart_agent_gazebo/share/smart_agent_gazebo/models/KitchenSink/meshes\n'}
[1.297669] (smart_agent_gazebo) StdoutLine: {'line': b'symbolically linking /home/test/wf3/gazebo/agentsd_ws/build/smart_agent_gazebo/models/KitchenSink/meshes/kitchenSink.mtl -> /home/test/wf3/gazebo/agentsd_ws/install/smart_agent_gazebo/share/smart_agent_gazebo/models/KitchenSink/meshes\n'}
[1.297813] (smart_agent_gazebo) StdoutLine: {'line': b'creating /home/test/wf3/gazebo/agentsd_ws/install/smart_agent_gazebo/share/smart_agent_gazebo/models/aws_robomaker_residential_Wardrobe_01\n'}
[1.297957] (smart_agent_gazebo) StdoutLine: {'line': b'symbolically linking /home/test/wf3/gazebo/agentsd_ws/build/smart_agent_gazebo/models/aws_robomaker_residential_Wardrobe_01/model.config -> /home/test/wf3/gazebo/agentsd_ws/install/smart_agent_gazebo/share/smart_agent_gazebo/models/aws_robomaker_residential_Wardrobe_01\n'}
[1.298106] (smart_agent_gazebo) StdoutLine: {'line': b'symbolically linking /home/test/wf3/gazebo/agentsd_ws/build/smart_agent_gazebo/models/aws_robomaker_residential_Wardrobe_01/model.sdf -> /home/test/wf3/gazebo/agentsd_ws/install/smart_agent_gazebo/share/smart_agent_gazebo/models/aws_robomaker_residential_Wardrobe_01\n'}
[1.298247] (smart_agent_gazebo) StdoutLine: {'line': b'creating /home/test/wf3/gazebo/agentsd_ws/install/smart_agent_gazebo/share/smart_agent_gazebo/models/aws_robomaker_residential_Wardrobe_01/materials\n'}
[1.298389] (smart_agent_gazebo) StdoutLine: {'line': b'creating /home/test/wf3/gazebo/agentsd_ws/install/smart_agent_gazebo/share/smart_agent_gazebo/models/aws_robomaker_residential_Wardrobe_01/materials/textures\n'}
[1.298527] (smart_agent_gazebo) StdoutLine: {'line': b'symbolically linking /home/test/wf3/gazebo/agentsd_ws/build/smart_agent_gazebo/models/aws_robomaker_residential_Wardrobe_01/materials/textures/aws_Wardrobe_01.png -> /home/test/wf3/gazebo/agentsd_ws/install/smart_agent_gazebo/share/smart_agent_gazebo/models/aws_robomaker_residential_Wardrobe_01/materials/textures\n'}
[1.298672] (smart_agent_gazebo) StdoutLine: {'line': b'creating /home/test/wf3/gazebo/agentsd_ws/install/smart_agent_gazebo/share/smart_agent_gazebo/models/aws_robomaker_residential_Wardrobe_01/meshes\n'}
[1.298812] (smart_agent_gazebo) StdoutLine: {'line': b'symbolically linking /home/test/wf3/gazebo/agentsd_ws/build/smart_agent_gazebo/models/aws_robomaker_residential_Wardrobe_01/meshes/aws_Wardrobe_01_visual.DAE -> /home/test/wf3/gazebo/agentsd_ws/install/smart_agent_gazebo/share/smart_agent_gazebo/models/aws_robomaker_residential_Wardrobe_01/meshes\n'}
[1.298951] (smart_agent_gazebo) StdoutLine: {'line': b'symbolically linking /home/test/wf3/gazebo/agentsd_ws/build/smart_agent_gazebo/models/aws_robomaker_residential_Wardrobe_01/meshes/aws_Wardrobe_01_collision.DAE -> /home/test/wf3/gazebo/agentsd_ws/install/smart_agent_gazebo/share/smart_agent_gazebo/models/aws_robomaker_residential_Wardrobe_01/meshes\n'}
[1.299097] (smart_agent_gazebo) StdoutLine: {'line': b'creating /home/test/wf3/gazebo/agentsd_ws/install/smart_agent_gazebo/share/smart_agent_gazebo/models/aws_robomaker_residential_Carpet_01\n'}
[1.299239] (smart_agent_gazebo) StdoutLine: {'line': b'symbolically linking /home/test/wf3/gazebo/agentsd_ws/build/smart_agent_gazebo/models/aws_robomaker_residential_Carpet_01/model.config -> /home/test/wf3/gazebo/agentsd_ws/install/smart_agent_gazebo/share/smart_agent_gazebo/models/aws_robomaker_residential_Carpet_01\n'}
[1.299450] (smart_agent_gazebo) StdoutLine: {'line': b'symbolically linking /home/test/wf3/gazebo/agentsd_ws/build/smart_agent_gazebo/models/aws_robomaker_residential_Carpet_01/model.sdf -> /home/test/wf3/gazebo/agentsd_ws/install/smart_agent_gazebo/share/smart_agent_gazebo/models/aws_robomaker_residential_Carpet_01\n'}
[1.299610] (smart_agent_gazebo) StdoutLine: {'line': b'creating /home/test/wf3/gazebo/agentsd_ws/install/smart_agent_gazebo/share/smart_agent_gazebo/models/aws_robomaker_residential_Carpet_01/materials\n'}
[1.299840] (smart_agent_gazebo) StdoutLine: {'line': b'creating /home/test/wf3/gazebo/agentsd_ws/install/smart_agent_gazebo/share/smart_agent_gazebo/models/aws_robomaker_residential_Carpet_01/materials/textures\n'}
[1.299987] (smart_agent_gazebo) StdoutLine: {'line': b'symbolically linking /home/test/wf3/gazebo/agentsd_ws/build/smart_agent_gazebo/models/aws_robomaker_residential_Carpet_01/materials/textures/aws_Carpet_01.png -> /home/test/wf3/gazebo/agentsd_ws/install/smart_agent_gazebo/share/smart_agent_gazebo/models/aws_robomaker_residential_Carpet_01/materials/textures\n'}
[1.300132] (smart_agent_gazebo) StdoutLine: {'line': b'creating /home/test/wf3/gazebo/agentsd_ws/install/smart_agent_gazebo/share/smart_agent_gazebo/models/aws_robomaker_residential_Carpet_01/meshes\n'}
[1.300277] (smart_agent_gazebo) StdoutLine: {'line': b'symbolically linking /home/test/wf3/gazebo/agentsd_ws/build/smart_agent_gazebo/models/aws_robomaker_residential_Carpet_01/meshes/aws_Carpet_01_visual.DAE -> /home/test/wf3/gazebo/agentsd_ws/install/smart_agent_gazebo/share/smart_agent_gazebo/models/aws_robomaker_residential_Carpet_01/meshes\n'}
[1.300421] (smart_agent_gazebo) StdoutLine: {'line': b'symbolically linking /home/test/wf3/gazebo/agentsd_ws/build/smart_agent_gazebo/models/aws_robomaker_residential_Carpet_01/meshes/aws_Carpet_01_collision.DAE -> /home/test/wf3/gazebo/agentsd_ws/install/smart_agent_gazebo/share/smart_agent_gazebo/models/aws_robomaker_residential_Carpet_01/meshes\n'}
[1.300563] (smart_agent_gazebo) StdoutLine: {'line': b'creating /home/test/wf3/gazebo/agentsd_ws/install/smart_agent_gazebo/share/smart_agent_gazebo/models/aws_robomaker_residential_SecurityCamera_01\n'}
[1.300704] (smart_agent_gazebo) StdoutLine: {'line': b'symbolically linking /home/test/wf3/gazebo/agentsd_ws/build/smart_agent_gazebo/models/aws_robomaker_residential_SecurityCamera_01/model.config -> /home/test/wf3/gazebo/agentsd_ws/install/smart_agent_gazebo/share/smart_agent_gazebo/models/aws_robomaker_residential_SecurityCamera_01\n'}
[1.300843] (smart_agent_gazebo) StdoutLine: {'line': b'symbolically linking /home/test/wf3/gazebo/agentsd_ws/build/smart_agent_gazebo/models/aws_robomaker_residential_SecurityCamera_01/model.sdf -> /home/test/wf3/gazebo/agentsd_ws/install/smart_agent_gazebo/share/smart_agent_gazebo/models/aws_robomaker_residential_SecurityCamera_01\n'}
[1.300984] (smart_agent_gazebo) StdoutLine: {'line': b'creating /home/test/wf3/gazebo/agentsd_ws/install/smart_agent_gazebo/share/smart_agent_gazebo/models/aws_robomaker_residential_SecurityCamera_01/materials\n'}
[1.301123] (smart_agent_gazebo) StdoutLine: {'line': b'creating /home/test/wf3/gazebo/agentsd_ws/install/smart_agent_gazebo/share/smart_agent_gazebo/models/aws_robomaker_residential_SecurityCamera_01/materials/textures\n'}
[1.301263] (smart_agent_gazebo) StdoutLine: {'line': b'symbolically linking /home/test/wf3/gazebo/agentsd_ws/build/smart_agent_gazebo/models/aws_robomaker_residential_SecurityCamera_01/materials/textures/aws_SecurityCamera_01.png -> /home/test/wf3/gazebo/agentsd_ws/install/smart_agent_gazebo/share/smart_agent_gazebo/models/aws_robomaker_residential_SecurityCamera_01/materials/textures\n'}
[1.301408] (smart_agent_gazebo) StdoutLine: {'line': b'creating /home/test/wf3/gazebo/agentsd_ws/install/smart_agent_gazebo/share/smart_agent_gazebo/models/aws_robomaker_residential_SecurityCamera_01/meshes\n'}
[1.301551] (smart_agent_gazebo) StdoutLine: {'line': b'symbolically linking /home/test/wf3/gazebo/agentsd_ws/build/smart_agent_gazebo/models/aws_robomaker_residential_SecurityCamera_01/meshes/aws_SecurityCamera_01_visual.DAE -> /home/test/wf3/gazebo/agentsd_ws/install/smart_agent_gazebo/share/smart_agent_gazebo/models/aws_robomaker_residential_SecurityCamera_01/meshes\n'}
[1.301694] (smart_agent_gazebo) StdoutLine: {'line': b'symbolically linking /home/test/wf3/gazebo/agentsd_ws/build/smart_agent_gazebo/models/aws_robomaker_residential_SecurityCamera_01/meshes/aws_SecurityCamera_01_collision.DAE -> /home/test/wf3/gazebo/agentsd_ws/install/smart_agent_gazebo/share/smart_agent_gazebo/models/aws_robomaker_residential_SecurityCamera_01/meshes\n'}
[1.301842] (smart_agent_gazebo) StdoutLine: {'line': b'creating /home/test/wf3/gazebo/agentsd_ws/install/smart_agent_gazebo/share/smart_agent_gazebo/models/BPCart\n'}
[1.301982] (smart_agent_gazebo) StdoutLine: {'line': b'symbolically linking /home/test/wf3/gazebo/agentsd_ws/build/smart_agent_gazebo/models/BPCart/model.config -> /home/test/wf3/gazebo/agentsd_ws/install/smart_agent_gazebo/share/smart_agent_gazebo/models/BPCart\n'}
[1.302203] (smart_agent_gazebo) StdoutLine: {'line': b'symbolically linking /home/test/wf3/gazebo/agentsd_ws/build/smart_agent_gazebo/models/BPCart/model.sdf -> /home/test/wf3/gazebo/agentsd_ws/install/smart_agent_gazebo/share/smart_agent_gazebo/models/BPCart\n'}
[1.302460] (smart_agent_gazebo) StdoutLine: {'line': b'creating /home/test/wf3/gazebo/agentsd_ws/install/smart_agent_gazebo/share/smart_agent_gazebo/models/BPCart/thumbnails\n'}
[1.302608] (smart_agent_gazebo) StdoutLine: {'line': b'symbolically linking /home/test/wf3/gazebo/agentsd_ws/build/smart_agent_gazebo/models/BPCart/thumbnails/2.png -> /home/test/wf3/gazebo/agentsd_ws/install/smart_agent_gazebo/share/smart_agent_gazebo/models/BPCart/thumbnails\n'}
[1.302749] (smart_agent_gazebo) StdoutLine: {'line': b'symbolically linking /home/test/wf3/gazebo/agentsd_ws/build/smart_agent_gazebo/models/BPCart/thumbnails/1.png -> /home/test/wf3/gazebo/agentsd_ws/install/smart_agent_gazebo/share/smart_agent_gazebo/models/BPCart/thumbnails\n'}
[1.302892] (smart_agent_gazebo) StdoutLine: {'line': b'symbolically linking /home/test/wf3/gazebo/agentsd_ws/build/smart_agent_gazebo/models/BPCart/thumbnails/4.png -> /home/test/wf3/gazebo/agentsd_ws/install/smart_agent_gazebo/share/smart_agent_gazebo/models/BPCart/thumbnails\n'}
[1.303032] (smart_agent_gazebo) StdoutLine: {'line': b'symbolically linking /home/test/wf3/gazebo/agentsd_ws/build/smart_agent_gazebo/models/BPCart/thumbnails/3.png -> /home/test/wf3/gazebo/agentsd_ws/install/smart_agent_gazebo/share/smart_agent_gazebo/models/BPCart/thumbnails\n'}
[1.303172] (smart_agent_gazebo) StdoutLine: {'line': b'symbolically linking /home/test/wf3/gazebo/agentsd_ws/build/smart_agent_gazebo/models/BPCart/thumbnails/5.png -> /home/test/wf3/gazebo/agentsd_ws/install/smart_agent_gazebo/share/smart_agent_gazebo/models/BPCart/thumbnails\n'}
[1.303312] (smart_agent_gazebo) StdoutLine: {'line': b'creating /home/test/wf3/gazebo/agentsd_ws/install/smart_agent_gazebo/share/smart_agent_gazebo/models/BPCart/meshes\n'}
[1.303451] (smart_agent_gazebo) StdoutLine: {'line': b'symbolically linking /home/test/wf3/gazebo/agentsd_ws/build/smart_agent_gazebo/models/BPCart/meshes/Cart_BP_Col.obj -> /home/test/wf3/gazebo/agentsd_ws/install/smart_agent_gazebo/share/smart_agent_gazebo/models/BPCart/meshes\n'}
[1.303600] (smart_agent_gazebo) StdoutLine: {'line': b'symbolically linking /home/test/wf3/gazebo/agentsd_ws/build/smart_agent_gazebo/models/BPCart/meshes/Cart_BP.obj -> /home/test/wf3/gazebo/agentsd_ws/install/smart_agent_gazebo/share/smart_agent_gazebo/models/BPCart/meshes\n'}
[1.303760] (smart_agent_gazebo) StdoutLine: {'line': b'symbolically linking /home/test/wf3/gazebo/agentsd_ws/build/smart_agent_gazebo/models/BPCart/meshes/BP_BP_LP_Normal.png -> /home/test/wf3/gazebo/agentsd_ws/install/smart_agent_gazebo/share/smart_agent_gazebo/models/BPCart/meshes\n'}
[1.303901] (smart_agent_gazebo) StdoutLine: {'line': b'symbolically linking /home/test/wf3/gazebo/agentsd_ws/build/smart_agent_gazebo/models/BPCart/meshes/Carts_Wheels_Diffuse.png -> /home/test/wf3/gazebo/agentsd_ws/install/smart_agent_gazebo/share/smart_agent_gazebo/models/BPCart/meshes\n'}
[1.304044] (smart_agent_gazebo) StdoutLine: {'line': b'symbolically linking /home/test/wf3/gazebo/agentsd_ws/build/smart_agent_gazebo/models/BPCart/meshes/Cart_BP.mtl -> /home/test/wf3/gazebo/agentsd_ws/install/smart_agent_gazebo/share/smart_agent_gazebo/models/BPCart/meshes\n'}
[1.304533] (smart_agent_gazebo) StdoutLine: {'line': b'symbolically linking /home/test/wf3/gazebo/agentsd_ws/build/smart_agent_gazebo/models/BPCart/meshes/BP_BP_LP_SpecularGloss.png -> /home/test/wf3/gazebo/agentsd_ws/install/smart_agent_gazebo/share/smart_agent_gazebo/models/BPCart/meshes\n'}
[1.304684] (smart_agent_gazebo) StdoutLine: {'line': b'symbolically linking /home/test/wf3/gazebo/agentsd_ws/build/smart_agent_gazebo/models/BPCart/meshes/Cart_BP_Col.mtl -> /home/test/wf3/gazebo/agentsd_ws/install/smart_agent_gazebo/share/smart_agent_gazebo/models/BPCart/meshes\n'}
[1.304829] (smart_agent_gazebo) StdoutLine: {'line': b'symbolically linking /home/test/wf3/gazebo/agentsd_ws/build/smart_agent_gazebo/models/BPCart/meshes/Cart_BP_Diffuse.png -> /home/test/wf3/gazebo/agentsd_ws/install/smart_agent_gazebo/share/smart_agent_gazebo/models/BPCart/meshes\n'}
[1.304967] (smart_agent_gazebo) StdoutLine: {'line': b'creating /home/test/wf3/gazebo/agentsd_ws/install/smart_agent_gazebo/share/smart_agent_gazebo/models/aws_robomaker_residential_Board_01\n'}
[1.305103] (smart_agent_gazebo) StdoutLine: {'line': b'symbolically linking /home/test/wf3/gazebo/agentsd_ws/build/smart_agent_gazebo/models/aws_robomaker_residential_Board_01/model.config -> /home/test/wf3/gazebo/agentsd_ws/install/smart_agent_gazebo/share/smart_agent_gazebo/models/aws_robomaker_residential_Board_01\n'}
[1.305245] (smart_agent_gazebo) StdoutLine: {'line': b'symbolically linking /home/test/wf3/gazebo/agentsd_ws/build/smart_agent_gazebo/models/aws_robomaker_residential_Board_01/model.sdf -> /home/test/wf3/gazebo/agentsd_ws/install/smart_agent_gazebo/share/smart_agent_gazebo/models/aws_robomaker_residential_Board_01\n'}
[1.305458] (smart_agent_gazebo) StdoutLine: {'line': b'creating /home/test/wf3/gazebo/agentsd_ws/install/smart_agent_gazebo/share/smart_agent_gazebo/models/aws_robomaker_residential_Board_01/materials\n'}
[1.305608] (smart_agent_gazebo) StdoutLine: {'line': b'creating /home/test/wf3/gazebo/agentsd_ws/install/smart_agent_gazebo/share/smart_agent_gazebo/models/aws_robomaker_residential_Board_01/materials/textures\n'}
[1.305754] (smart_agent_gazebo) StdoutLine: {'line': b'symbolically linking /home/test/wf3/gazebo/agentsd_ws/build/smart_agent_gazebo/models/aws_robomaker_residential_Board_01/materials/textures/aws_Board_01.png -> /home/test/wf3/gazebo/agentsd_ws/install/smart_agent_gazebo/share/smart_agent_gazebo/models/aws_robomaker_residential_Board_01/materials/textures\n'}
[1.305901] (smart_agent_gazebo) StdoutLine: {'line': b'creating /home/test/wf3/gazebo/agentsd_ws/install/smart_agent_gazebo/share/smart_agent_gazebo/models/aws_robomaker_residential_Board_01/meshes\n'}
[1.306039] (smart_agent_gazebo) StdoutLine: {'line': b'symbolically linking /home/test/wf3/gazebo/agentsd_ws/build/smart_agent_gazebo/models/aws_robomaker_residential_Board_01/meshes/aws_Board_01_collision.DAE -> /home/test/wf3/gazebo/agentsd_ws/install/smart_agent_gazebo/share/smart_agent_gazebo/models/aws_robomaker_residential_Board_01/meshes\n'}
[1.306179] (smart_agent_gazebo) StdoutLine: {'line': b'symbolically linking /home/test/wf3/gazebo/agentsd_ws/build/smart_agent_gazebo/models/aws_robomaker_residential_Board_01/meshes/aws_Board_01_visual.DAE -> /home/test/wf3/gazebo/agentsd_ws/install/smart_agent_gazebo/share/smart_agent_gazebo/models/aws_robomaker_residential_Board_01/meshes\n'}
[1.306318] (smart_agent_gazebo) StdoutLine: {'line': b'creating /home/test/wf3/gazebo/agentsd_ws/install/smart_agent_gazebo/share/smart_agent_gazebo/models/ParkingTrolleyMin\n'}
[1.306458] (smart_agent_gazebo) StdoutLine: {'line': b'symbolically linking /home/test/wf3/gazebo/agentsd_ws/build/smart_agent_gazebo/models/ParkingTrolleyMin/model.config -> /home/test/wf3/gazebo/agentsd_ws/install/smart_agent_gazebo/share/smart_agent_gazebo/models/ParkingTrolleyMin\n'}
[1.306597] (smart_agent_gazebo) StdoutLine: {'line': b'symbolically linking /home/test/wf3/gazebo/agentsd_ws/build/smart_agent_gazebo/models/ParkingTrolleyMin/model.sdf -> /home/test/wf3/gazebo/agentsd_ws/install/smart_agent_gazebo/share/smart_agent_gazebo/models/ParkingTrolleyMin\n'}
[1.306759] (smart_agent_gazebo) StdoutLine: {'line': b'creating /home/test/wf3/gazebo/agentsd_ws/install/smart_agent_gazebo/share/smart_agent_gazebo/models/ParkingTrolleyMin/thumbnails\n'}
[1.306902] (smart_agent_gazebo) StdoutLine: {'line': b'symbolically linking /home/test/wf3/gazebo/agentsd_ws/build/smart_agent_gazebo/models/ParkingTrolleyMin/thumbnails/2.png -> /home/test/wf3/gazebo/agentsd_ws/install/smart_agent_gazebo/share/smart_agent_gazebo/models/ParkingTrolleyMin/thumbnails\n'}
[1.307043] (smart_agent_gazebo) StdoutLine: {'line': b'symbolically linking /home/test/wf3/gazebo/agentsd_ws/build/smart_agent_gazebo/models/ParkingTrolleyMin/thumbnails/1.png -> /home/test/wf3/gazebo/agentsd_ws/install/smart_agent_gazebo/share/smart_agent_gazebo/models/ParkingTrolleyMin/thumbnails\n'}
[1.307182] (smart_agent_gazebo) StdoutLine: {'line': b'symbolically linking /home/test/wf3/gazebo/agentsd_ws/build/smart_agent_gazebo/models/ParkingTrolleyMin/thumbnails/4.png -> /home/test/wf3/gazebo/agentsd_ws/install/smart_agent_gazebo/share/smart_agent_gazebo/models/ParkingTrolleyMin/thumbnails\n'}
[1.307322] (smart_agent_gazebo) StdoutLine: {'line': b'symbolically linking /home/test/wf3/gazebo/agentsd_ws/build/smart_agent_gazebo/models/ParkingTrolleyMin/thumbnails/3.png -> /home/test/wf3/gazebo/agentsd_ws/install/smart_agent_gazebo/share/smart_agent_gazebo/models/ParkingTrolleyMin/thumbnails\n'}
[1.307461] (smart_agent_gazebo) StdoutLine: {'line': b'symbolically linking /home/test/wf3/gazebo/agentsd_ws/build/smart_agent_gazebo/models/ParkingTrolleyMin/thumbnails/5.png -> /home/test/wf3/gazebo/agentsd_ws/install/smart_agent_gazebo/share/smart_agent_gazebo/models/ParkingTrolleyMin/thumbnails\n'}
[1.307605] (smart_agent_gazebo) StdoutLine: {'line': b'creating /home/test/wf3/gazebo/agentsd_ws/install/smart_agent_gazebo/share/smart_agent_gazebo/models/ParkingTrolleyMin/meshes\n'}
[1.307754] (smart_agent_gazebo) StdoutLine: {'line': b'symbolically linking /home/test/wf3/gazebo/agentsd_ws/build/smart_agent_gazebo/models/ParkingTrolleyMin/meshes/potato.png -> /home/test/wf3/gazebo/agentsd_ws/install/smart_agent_gazebo/share/smart_agent_gazebo/models/ParkingTrolleyMin/meshes\n'}
[1.307895] (smart_agent_gazebo) StdoutLine: {'line': b'symbolically linking /home/test/wf3/gazebo/agentsd_ws/build/smart_agent_gazebo/models/ParkingTrolleyMin/meshes/trolleymin.obj -> /home/test/wf3/gazebo/agentsd_ws/install/smart_agent_gazebo/share/smart_agent_gazebo/models/ParkingTrolleyMin/meshes\n'}
[1.308067] (smart_agent_gazebo) StdoutLine: {'line': b'symbolically linking /home/test/wf3/gazebo/agentsd_ws/build/smart_agent_gazebo/models/ParkingTrolleyMin/meshes/trolleymin.mtl -> /home/test/wf3/gazebo/agentsd_ws/install/smart_agent_gazebo/share/smart_agent_gazebo/models/ParkingTrolleyMin/meshes\n'}
[1.308297] (smart_agent_gazebo) StdoutLine: {'line': b'symbolically linking /home/test/wf3/gazebo/agentsd_ws/build/smart_agent_gazebo/models/ParkingTrolleyMin/meshes/texture.png -> /home/test/wf3/gazebo/agentsd_ws/install/smart_agent_gazebo/share/smart_agent_gazebo/models/ParkingTrolleyMin/meshes\n'}
[1.308438] (smart_agent_gazebo) StdoutLine: {'line': b'symbolically linking /home/test/wf3/gazebo/agentsd_ws/build/smart_agent_gazebo/models/ParkingTrolleyMin/meshes/bag.png -> /home/test/wf3/gazebo/agentsd_ws/install/smart_agent_gazebo/share/smart_agent_gazebo/models/ParkingTrolleyMin/meshes\n'}
[1.308581] (smart_agent_gazebo) StdoutLine: {'line': b'creating /home/test/wf3/gazebo/agentsd_ws/install/smart_agent_gazebo/share/smart_agent_gazebo/models/aws_robomaker_residential_PortraitB_02\n'}
[1.308721] (smart_agent_gazebo) StdoutLine: {'line': b'symbolically linking /home/test/wf3/gazebo/agentsd_ws/build/smart_agent_gazebo/models/aws_robomaker_residential_PortraitB_02/model.config -> /home/test/wf3/gazebo/agentsd_ws/install/smart_agent_gazebo/share/smart_agent_gazebo/models/aws_robomaker_residential_PortraitB_02\n'}
[1.308864] (smart_agent_gazebo) StdoutLine: {'line': b'symbolically linking /home/test/wf3/gazebo/agentsd_ws/build/smart_agent_gazebo/models/aws_robomaker_residential_PortraitB_02/model.sdf -> /home/test/wf3/gazebo/agentsd_ws/install/smart_agent_gazebo/share/smart_agent_gazebo/models/aws_robomaker_residential_PortraitB_02\n'}
[1.309007] (smart_agent_gazebo) StdoutLine: {'line': b'creating /home/test/wf3/gazebo/agentsd_ws/install/smart_agent_gazebo/share/smart_agent_gazebo/models/aws_robomaker_residential_PortraitB_02/materials\n'}
[1.309149] (smart_agent_gazebo) StdoutLine: {'line': b'creating /home/test/wf3/gazebo/agentsd_ws/install/smart_agent_gazebo/share/smart_agent_gazebo/models/aws_robomaker_residential_PortraitB_02/materials/textures\n'}
[1.309289] (smart_agent_gazebo) StdoutLine: {'line': b'symbolically linking /home/test/wf3/gazebo/agentsd_ws/build/smart_agent_gazebo/models/aws_robomaker_residential_PortraitB_02/materials/textures/aws_PortraitB_02.png -> /home/test/wf3/gazebo/agentsd_ws/install/smart_agent_gazebo/share/smart_agent_gazebo/models/aws_robomaker_residential_PortraitB_02/materials/textures\n'}
[1.309417] (smart_agent_gazebo) StdoutLine: {'line': b'symbolically linking /home/test/wf3/gazebo/agentsd_ws/build/smart_agent_gazebo/models/aws_robomaker_residential_PortraitB_02/materials/textures/aws_PortraitB_01.png -> /home/test/wf3/gazebo/agentsd_ws/install/smart_agent_gazebo/share/smart_agent_gazebo/models/aws_robomaker_residential_PortraitB_02/materials/textures\n'}
[1.309541] (smart_agent_gazebo) StdoutLine: {'line': b'creating /home/test/wf3/gazebo/agentsd_ws/install/smart_agent_gazebo/share/smart_agent_gazebo/models/aws_robomaker_residential_PortraitB_02/meshes\n'}
[1.309666] (smart_agent_gazebo) StdoutLine: {'line': b'symbolically linking /home/test/wf3/gazebo/agentsd_ws/build/smart_agent_gazebo/models/aws_robomaker_residential_PortraitB_02/meshes/aws_PortraitB_01_collision.DAE -> /home/test/wf3/gazebo/agentsd_ws/install/smart_agent_gazebo/share/smart_agent_gazebo/models/aws_robomaker_residential_PortraitB_02/meshes\n'}
[1.309790] (smart_agent_gazebo) StdoutLine: {'line': b'symbolically linking /home/test/wf3/gazebo/agentsd_ws/build/smart_agent_gazebo/models/aws_robomaker_residential_PortraitB_02/meshes/aws_PortraitB_01_visual.DAE -> /home/test/wf3/gazebo/agentsd_ws/install/smart_agent_gazebo/share/smart_agent_gazebo/models/aws_robomaker_residential_PortraitB_02/meshes\n'}
[1.309916] (smart_agent_gazebo) StdoutLine: {'line': b'creating /home/test/wf3/gazebo/agentsd_ws/install/smart_agent_gazebo/share/smart_agent_gazebo/models/aws_robomaker_residential_Vase_01\n'}
[1.310037] (smart_agent_gazebo) StdoutLine: {'line': b'symbolically linking /home/test/wf3/gazebo/agentsd_ws/build/smart_agent_gazebo/models/aws_robomaker_residential_Vase_01/model.config -> /home/test/wf3/gazebo/agentsd_ws/install/smart_agent_gazebo/share/smart_agent_gazebo/models/aws_robomaker_residential_Vase_01\n'}
[1.310162] (smart_agent_gazebo) StdoutLine: {'line': b'symbolically linking /home/test/wf3/gazebo/agentsd_ws/build/smart_agent_gazebo/models/aws_robomaker_residential_Vase_01/model.sdf -> /home/test/wf3/gazebo/agentsd_ws/install/smart_agent_gazebo/share/smart_agent_gazebo/models/aws_robomaker_residential_Vase_01\n'}
[1.310286] (smart_agent_gazebo) StdoutLine: {'line': b'creating /home/test/wf3/gazebo/agentsd_ws/install/smart_agent_gazebo/share/smart_agent_gazebo/models/aws_robomaker_residential_Vase_01/materials\n'}
[1.310437] (smart_agent_gazebo) StdoutLine: {'line': b'creating /home/test/wf3/gazebo/agentsd_ws/install/smart_agent_gazebo/share/smart_agent_gazebo/models/aws_robomaker_residential_Vase_01/materials/textures\n'}
[1.310569] (smart_agent_gazebo) StdoutLine: {'line': b'symbolically linking /home/test/wf3/gazebo/agentsd_ws/build/smart_agent_gazebo/models/aws_robomaker_residential_Vase_01/materials/textures/aws_Vase_01.png -> /home/test/wf3/gazebo/agentsd_ws/install/smart_agent_gazebo/share/smart_agent_gazebo/models/aws_robomaker_residential_Vase_01/materials/textures\n'}
[1.310722] (smart_agent_gazebo) StdoutLine: {'line': b'creating /home/test/wf3/gazebo/agentsd_ws/install/smart_agent_gazebo/share/smart_agent_gazebo/models/aws_robomaker_residential_Vase_01/meshes\n'}
[1.310871] (smart_agent_gazebo) StdoutLine: {'line': b'symbolically linking /home/test/wf3/gazebo/agentsd_ws/build/smart_agent_gazebo/models/aws_robomaker_residential_Vase_01/meshes/aws_Vase_01_visual.DAE -> /home/test/wf3/gazebo/agentsd_ws/install/smart_agent_gazebo/share/smart_agent_gazebo/models/aws_robomaker_residential_Vase_01/meshes\n'}
[1.311000] (smart_agent_gazebo) StdoutLine: {'line': b'symbolically linking /home/test/wf3/gazebo/agentsd_ws/build/smart_agent_gazebo/models/aws_robomaker_residential_Vase_01/meshes/aws_Vase_01_collision.DAE -> /home/test/wf3/gazebo/agentsd_ws/install/smart_agent_gazebo/share/smart_agent_gazebo/models/aws_robomaker_residential_Vase_01/meshes\n'}
[1.311130] (smart_agent_gazebo) StdoutLine: {'line': b'creating /home/test/wf3/gazebo/agentsd_ws/install/smart_agent_gazebo/share/smart_agent_gazebo/models/Chair\n'}
[1.311262] (smart_agent_gazebo) StdoutLine: {'line': b'symbolically linking /home/test/wf3/gazebo/agentsd_ws/build/smart_agent_gazebo/models/Chair/model.config -> /home/test/wf3/gazebo/agentsd_ws/install/smart_agent_gazebo/share/smart_agent_gazebo/models/Chair\n'}
[1.311392] (smart_agent_gazebo) StdoutLine: {'line': b'symbolically linking /home/test/wf3/gazebo/agentsd_ws/build/smart_agent_gazebo/models/Chair/model.sdf -> /home/test/wf3/gazebo/agentsd_ws/install/smart_agent_gazebo/share/smart_agent_gazebo/models/Chair\n'}
[1.311516] (smart_agent_gazebo) StdoutLine: {'line': b'creating /home/test/wf3/gazebo/agentsd_ws/install/smart_agent_gazebo/share/smart_agent_gazebo/models/Chair/thumbnails\n'}
[1.311650] (smart_agent_gazebo) StdoutLine: {'line': b'symbolically linking /home/test/wf3/gazebo/agentsd_ws/build/smart_agent_gazebo/models/Chair/thumbnails/2.png -> /home/test/wf3/gazebo/agentsd_ws/install/smart_agent_gazebo/share/smart_agent_gazebo/models/Chair/thumbnails\n'}
[1.311779] (smart_agent_gazebo) StdoutLine: {'line': b'symbolically linking /home/test/wf3/gazebo/agentsd_ws/build/smart_agent_gazebo/models/Chair/thumbnails/1.png -> /home/test/wf3/gazebo/agentsd_ws/install/smart_agent_gazebo/share/smart_agent_gazebo/models/Chair/thumbnails\n'}
[1.311903] (smart_agent_gazebo) StdoutLine: {'line': b'symbolically linking /home/test/wf3/gazebo/agentsd_ws/build/smart_agent_gazebo/models/Chair/thumbnails/4.png -> /home/test/wf3/gazebo/agentsd_ws/install/smart_agent_gazebo/share/smart_agent_gazebo/models/Chair/thumbnails\n'}
[1.312025] (smart_agent_gazebo) StdoutLine: {'line': b'symbolically linking /home/test/wf3/gazebo/agentsd_ws/build/smart_agent_gazebo/models/Chair/thumbnails/3.png -> /home/test/wf3/gazebo/agentsd_ws/install/smart_agent_gazebo/share/smart_agent_gazebo/models/Chair/thumbnails\n'}
[1.312147] (smart_agent_gazebo) StdoutLine: {'line': b'symbolically linking /home/test/wf3/gazebo/agentsd_ws/build/smart_agent_gazebo/models/Chair/thumbnails/5.png -> /home/test/wf3/gazebo/agentsd_ws/install/smart_agent_gazebo/share/smart_agent_gazebo/models/Chair/thumbnails\n'}
[1.312269] (smart_agent_gazebo) StdoutLine: {'line': b'creating /home/test/wf3/gazebo/agentsd_ws/install/smart_agent_gazebo/share/smart_agent_gazebo/models/Chair/meshes\n'}
[1.312396] (smart_agent_gazebo) StdoutLine: {'line': b'symbolically linking /home/test/wf3/gazebo/agentsd_ws/build/smart_agent_gazebo/models/Chair/meshes/Chair.png -> /home/test/wf3/gazebo/agentsd_ws/install/smart_agent_gazebo/share/smart_agent_gazebo/models/Chair/meshes\n'}
[1.312521] (smart_agent_gazebo) StdoutLine: {'line': b'symbolically linking /home/test/wf3/gazebo/agentsd_ws/build/smart_agent_gazebo/models/Chair/meshes/Chair_SpecGloss.png -> /home/test/wf3/gazebo/agentsd_ws/install/smart_agent_gazebo/share/smart_agent_gazebo/models/Chair/meshes\n'}
[1.312646] (smart_agent_gazebo) StdoutLine: {'line': b'symbolically linking /home/test/wf3/gazebo/agentsd_ws/build/smart_agent_gazebo/models/Chair/meshes/Chair.obj -> /home/test/wf3/gazebo/agentsd_ws/install/smart_agent_gazebo/share/smart_agent_gazebo/models/Chair/meshes\n'}
[1.312769] (smart_agent_gazebo) StdoutLine: {'line': b'symbolically linking /home/test/wf3/gazebo/agentsd_ws/build/smart_agent_gazebo/models/Chair/meshes/Chair_Diffuse.png -> /home/test/wf3/gazebo/agentsd_ws/install/smart_agent_gazebo/share/smart_agent_gazebo/models/Chair/meshes\n'}
[1.312924] (smart_agent_gazebo) StdoutLine: {'line': b'symbolically linking /home/test/wf3/gazebo/agentsd_ws/build/smart_agent_gazebo/models/Chair/meshes/Chair_Normal.png -> /home/test/wf3/gazebo/agentsd_ws/install/smart_agent_gazebo/share/smart_agent_gazebo/models/Chair/meshes\n'}
[1.313072] (smart_agent_gazebo) StdoutLine: {'line': b'symbolically linking /home/test/wf3/gazebo/agentsd_ws/build/smart_agent_gazebo/models/Chair/meshes/Chair.mtl -> /home/test/wf3/gazebo/agentsd_ws/install/smart_agent_gazebo/share/smart_agent_gazebo/models/Chair/meshes\n'}
[1.313203] (smart_agent_gazebo) StdoutLine: {'line': b'creating /home/test/wf3/gazebo/agentsd_ws/install/smart_agent_gazebo/share/smart_agent_gazebo/models/aws_robomaker_hospital_floor_01_floor\n'}
[1.313378] (smart_agent_gazebo) StdoutLine: {'line': b'symbolically linking /home/test/wf3/gazebo/agentsd_ws/build/smart_agent_gazebo/models/aws_robomaker_hospital_floor_01_floor/aws_robomaker_hospital_floor_01_floor_normal.png -> /home/test/wf3/gazebo/agentsd_ws/install/smart_agent_gazebo/share/smart_agent_gazebo/models/aws_robomaker_hospital_floor_01_floor\n'}
[1.313511] (smart_agent_gazebo) StdoutLine: {'line': b'symbolically linking /home/test/wf3/gazebo/agentsd_ws/build/smart_agent_gazebo/models/aws_robomaker_hospital_floor_01_floor/model.config -> /home/test/wf3/gazebo/agentsd_ws/install/smart_agent_gazebo/share/smart_agent_gazebo/models/aws_robomaker_hospital_floor_01_floor\n'}
[1.313640] (smart_agent_gazebo) StdoutLine: {'line': b'symbolically linking /home/test/wf3/gazebo/agentsd_ws/build/smart_agent_gazebo/models/aws_robomaker_hospital_floor_01_floor/aws_robomaker_hospital_floor_01_floor.png -> /home/test/wf3/gazebo/agentsd_ws/install/smart_agent_gazebo/share/smart_agent_gazebo/models/aws_robomaker_hospital_floor_01_floor\n'}
[1.313768] (smart_agent_gazebo) StdoutLine: {'line': b'symbolically linking /home/test/wf3/gazebo/agentsd_ws/build/smart_agent_gazebo/models/aws_robomaker_hospital_floor_01_floor/model.sdf -> /home/test/wf3/gazebo/agentsd_ws/install/smart_agent_gazebo/share/smart_agent_gazebo/models/aws_robomaker_hospital_floor_01_floor\n'}
[1.313895] (smart_agent_gazebo) StdoutLine: {'line': b'creating /home/test/wf3/gazebo/agentsd_ws/install/smart_agent_gazebo/share/smart_agent_gazebo/models/aws_robomaker_hospital_floor_01_floor/meshes\n'}
[1.314016] (-) TimerEvent: {}
[1.314216] (smart_agent_gazebo) StdoutLine: {'line': b'symbolically linking /home/test/wf3/gazebo/agentsd_ws/build/smart_agent_gazebo/models/aws_robomaker_hospital_floor_01_floor/meshes/aws_robomaker_hospital_floor_01_floor_visual.dae -> /home/test/wf3/gazebo/agentsd_ws/install/smart_agent_gazebo/share/smart_agent_gazebo/models/aws_robomaker_hospital_floor_01_floor/meshes\n'}
[1.314380] (smart_agent_gazebo) StdoutLine: {'line': b'symbolically linking /home/test/wf3/gazebo/agentsd_ws/build/smart_agent_gazebo/models/aws_robomaker_hospital_floor_01_floor/meshes/aws_robomaker_hospital_floor_01_floor_normal.png -> /home/test/wf3/gazebo/agentsd_ws/install/smart_agent_gazebo/share/smart_agent_gazebo/models/aws_robomaker_hospital_floor_01_floor/meshes\n'}
[1.314519] (smart_agent_gazebo) StdoutLine: {'line': b'symbolically linking /home/test/wf3/gazebo/agentsd_ws/build/smart_agent_gazebo/models/aws_robomaker_hospital_floor_01_floor/meshes/aws_robomaker_hospital_floor_01_floor_collision.dae -> /home/test/wf3/gazebo/agentsd_ws/install/smart_agent_gazebo/share/smart_agent_gazebo/models/aws_robomaker_hospital_floor_01_floor/meshes\n'}
[1.314651] (smart_agent_gazebo) StdoutLine: {'line': b'symbolically linking /home/test/wf3/gazebo/agentsd_ws/build/smart_agent_gazebo/models/aws_robomaker_hospital_floor_01_floor/meshes/aws_robomaker_hospital_floor_01_floor.png -> /home/test/wf3/gazebo/agentsd_ws/install/smart_agent_gazebo/share/smart_agent_gazebo/models/aws_robomaker_hospital_floor_01_floor/meshes\n'}
[1.314793] (smart_agent_gazebo) StdoutLine: {'line': b'creating /home/test/wf3/gazebo/agentsd_ws/install/smart_agent_gazebo/share/smart_agent_gazebo/models/TrolleyBed\n'}
[1.314928] (smart_agent_gazebo) StdoutLine: {'line': b'symbolically linking /home/test/wf3/gazebo/agentsd_ws/build/smart_agent_gazebo/models/TrolleyBed/model.config -> /home/test/wf3/gazebo/agentsd_ws/install/smart_agent_gazebo/share/smart_agent_gazebo/models/TrolleyBed\n'}
[1.315060] (smart_agent_gazebo) StdoutLine: {'line': b'symbolically linking /home/test/wf3/gazebo/agentsd_ws/build/smart_agent_gazebo/models/TrolleyBed/model.sdf -> /home/test/wf3/gazebo/agentsd_ws/install/smart_agent_gazebo/share/smart_agent_gazebo/models/TrolleyBed\n'}
[1.315191] (smart_agent_gazebo) StdoutLine: {'line': b'creating /home/test/wf3/gazebo/agentsd_ws/install/smart_agent_gazebo/share/smart_agent_gazebo/models/TrolleyBed/thumbnails\n'}
[1.315319] (smart_agent_gazebo) StdoutLine: {'line': b'symbolically linking /home/test/wf3/gazebo/agentsd_ws/build/smart_agent_gazebo/models/TrolleyBed/thumbnails/2.png -> /home/test/wf3/gazebo/agentsd_ws/install/smart_agent_gazebo/share/smart_agent_gazebo/models/TrolleyBed/thumbnails\n'}
[1.315475] (smart_agent_gazebo) StdoutLine: {'line': b'symbolically linking /home/test/wf3/gazebo/agentsd_ws/build/smart_agent_gazebo/models/TrolleyBed/thumbnails/1.png -> /home/test/wf3/gazebo/agentsd_ws/install/smart_agent_gazebo/share/smart_agent_gazebo/models/TrolleyBed/thumbnails\n'}
[1.315613] (smart_agent_gazebo) StdoutLine: {'line': b'symbolically linking /home/test/wf3/gazebo/agentsd_ws/build/smart_agent_gazebo/models/TrolleyBed/thumbnails/4.png -> /home/test/wf3/gazebo/agentsd_ws/install/smart_agent_gazebo/share/smart_agent_gazebo/models/TrolleyBed/thumbnails\n'}
[1.315747] (smart_agent_gazebo) StdoutLine: {'line': b'symbolically linking /home/test/wf3/gazebo/agentsd_ws/build/smart_agent_gazebo/models/TrolleyBed/thumbnails/3.png -> /home/test/wf3/gazebo/agentsd_ws/install/smart_agent_gazebo/share/smart_agent_gazebo/models/TrolleyBed/thumbnails\n'}
[1.315908] (smart_agent_gazebo) StdoutLine: {'line': b'symbolically linking /home/test/wf3/gazebo/agentsd_ws/build/smart_agent_gazebo/models/TrolleyBed/thumbnails/5.png -> /home/test/wf3/gazebo/agentsd_ws/install/smart_agent_gazebo/share/smart_agent_gazebo/models/TrolleyBed/thumbnails\n'}
[1.316035] (smart_agent_gazebo) StdoutLine: {'line': b'creating /home/test/wf3/gazebo/agentsd_ws/install/smart_agent_gazebo/share/smart_agent_gazebo/models/TrolleyBed/meshes\n'}
[1.316163] (smart_agent_gazebo) StdoutLine: {'line': b'symbolically linking /home/test/wf3/gazebo/agentsd_ws/build/smart_agent_gazebo/models/TrolleyBed/meshes/TrolleyBed_Diffuse.png -> /home/test/wf3/gazebo/agentsd_ws/install/smart_agent_gazebo/share/smart_agent_gazebo/models/TrolleyBed/meshes\n'}
[1.316292] (smart_agent_gazebo) StdoutLine: {'line': b'symbolically linking /home/test/wf3/gazebo/agentsd_ws/build/smart_agent_gazebo/models/TrolleyBed/meshes/TrolleyBed.obj -> /home/test/wf3/gazebo/agentsd_ws/install/smart_agent_gazebo/share/smart_agent_gazebo/models/TrolleyBed/meshes\n'}
[1.316421] (smart_agent_gazebo) StdoutLine: {'line': b'symbolically linking /home/test/wf3/gazebo/agentsd_ws/build/smart_agent_gazebo/models/TrolleyBed/meshes/TrolleyBed.mtl -> /home/test/wf3/gazebo/agentsd_ws/install/smart_agent_gazebo/share/smart_agent_gazebo/models/TrolleyBed/meshes\n'}
[1.316546] (smart_agent_gazebo) StdoutLine: {'line': b'creating /home/test/wf3/gazebo/agentsd_ws/install/smart_agent_gazebo/share/smart_agent_gazebo/models/aws_robomaker_hospital_ramp_01\n'}
[1.316673] (smart_agent_gazebo) StdoutLine: {'line': b'symbolically linking /home/test/wf3/gazebo/agentsd_ws/build/smart_agent_gazebo/models/aws_robomaker_hospital_ramp_01/model.config -> /home/test/wf3/gazebo/agentsd_ws/install/smart_agent_gazebo/share/smart_agent_gazebo/models/aws_robomaker_hospital_ramp_01\n'}
[1.316801] (smart_agent_gazebo) StdoutLine: {'line': b'symbolically linking /home/test/wf3/gazebo/agentsd_ws/build/smart_agent_gazebo/models/aws_robomaker_hospital_ramp_01/model.sdf -> /home/test/wf3/gazebo/agentsd_ws/install/smart_agent_gazebo/share/smart_agent_gazebo/models/aws_robomaker_hospital_ramp_01\n'}
[1.316941] (smart_agent_gazebo) StdoutLine: {'line': b'creating /home/test/wf3/gazebo/agentsd_ws/install/smart_agent_gazebo/share/smart_agent_gazebo/models/aws_robomaker_hospital_ramp_01/meshes\n'}
[1.317070] (smart_agent_gazebo) StdoutLine: {'line': b'symbolically linking /home/test/wf3/gazebo/agentsd_ws/build/smart_agent_gazebo/models/aws_robomaker_hospital_ramp_01/meshes/aws_robomaker_hospital_ramp_01.png -> /home/test/wf3/gazebo/agentsd_ws/install/smart_agent_gazebo/share/smart_agent_gazebo/models/aws_robomaker_hospital_ramp_01/meshes\n'}
[1.317197] (smart_agent_gazebo) StdoutLine: {'line': b'symbolically linking /home/test/wf3/gazebo/agentsd_ws/build/smart_agent_gazebo/models/aws_robomaker_hospital_ramp_01/meshes/aws_robomaker_hospital_ramp_01_collision.dae -> /home/test/wf3/gazebo/agentsd_ws/install/smart_agent_gazebo/share/smart_agent_gazebo/models/aws_robomaker_hospital_ramp_01/meshes\n'}
[1.317322] (smart_agent_gazebo) StdoutLine: {'line': b'symbolically linking /home/test/wf3/gazebo/agentsd_ws/build/smart_agent_gazebo/models/aws_robomaker_hospital_ramp_01/meshes/aws_robomaker_hospital_ramp_01_normal.png -> /home/test/wf3/gazebo/agentsd_ws/install/smart_agent_gazebo/share/smart_agent_gazebo/models/aws_robomaker_hospital_ramp_01/meshes\n'}
[1.317449] (smart_agent_gazebo) StdoutLine: {'line': b'symbolically linking /home/test/wf3/gazebo/agentsd_ws/build/smart_agent_gazebo/models/aws_robomaker_hospital_ramp_01/meshes/aws_robomaker_hospital_ramp_01_visual.dae -> /home/test/wf3/gazebo/agentsd_ws/install/smart_agent_gazebo/share/smart_agent_gazebo/models/aws_robomaker_hospital_ramp_01/meshes\n'}
[1.317574] (smart_agent_gazebo) StdoutLine: {'line': b'creating /home/test/wf3/gazebo/agentsd_ws/install/smart_agent_gazebo/share/smart_agent_gazebo/models/StorageRackCovered\n'}
[1.317698] (smart_agent_gazebo) StdoutLine: {'line': b'symbolically linking /home/test/wf3/gazebo/agentsd_ws/build/smart_agent_gazebo/models/StorageRackCovered/model.config -> /home/test/wf3/gazebo/agentsd_ws/install/smart_agent_gazebo/share/smart_agent_gazebo/models/StorageRackCovered\n'}
[1.317843] (smart_agent_gazebo) StdoutLine: {'line': b'symbolically linking /home/test/wf3/gazebo/agentsd_ws/build/smart_agent_gazebo/models/StorageRackCovered/model.sdf -> /home/test/wf3/gazebo/agentsd_ws/install/smart_agent_gazebo/share/smart_agent_gazebo/models/StorageRackCovered\n'}
[1.317973] (smart_agent_gazebo) StdoutLine: {'line': b'creating /home/test/wf3/gazebo/agentsd_ws/install/smart_agent_gazebo/share/smart_agent_gazebo/models/StorageRackCovered/thumbnails\n'}
[1.318097] (smart_agent_gazebo) StdoutLine: {'line': b'symbolically linking /home/test/wf3/gazebo/agentsd_ws/build/smart_agent_gazebo/models/StorageRackCovered/thumbnails/2.png -> /home/test/wf3/gazebo/agentsd_ws/install/smart_agent_gazebo/share/smart_agent_gazebo/models/StorageRackCovered/thumbnails\n'}
[1.318224] (smart_agent_gazebo) StdoutLine: {'line': b'symbolically linking /home/test/wf3/gazebo/agentsd_ws/build/smart_agent_gazebo/models/StorageRackCovered/thumbnails/1.png -> /home/test/wf3/gazebo/agentsd_ws/install/smart_agent_gazebo/share/smart_agent_gazebo/models/StorageRackCovered/thumbnails\n'}
[1.318380] (smart_agent_gazebo) StdoutLine: {'line': b'symbolically linking /home/test/wf3/gazebo/agentsd_ws/build/smart_agent_gazebo/models/StorageRackCovered/thumbnails/4.png -> /home/test/wf3/gazebo/agentsd_ws/install/smart_agent_gazebo/share/smart_agent_gazebo/models/StorageRackCovered/thumbnails\n'}
[1.318507] (smart_agent_gazebo) StdoutLine: {'line': b'symbolically linking /home/test/wf3/gazebo/agentsd_ws/build/smart_agent_gazebo/models/StorageRackCovered/thumbnails/3.png -> /home/test/wf3/gazebo/agentsd_ws/install/smart_agent_gazebo/share/smart_agent_gazebo/models/StorageRackCovered/thumbnails\n'}
[1.318631] (smart_agent_gazebo) StdoutLine: {'line': b'symbolically linking /home/test/wf3/gazebo/agentsd_ws/build/smart_agent_gazebo/models/StorageRackCovered/thumbnails/5.png -> /home/test/wf3/gazebo/agentsd_ws/install/smart_agent_gazebo/share/smart_agent_gazebo/models/StorageRackCovered/thumbnails\n'}
[1.318769] (smart_agent_gazebo) StdoutLine: {'line': b'creating /home/test/wf3/gazebo/agentsd_ws/install/smart_agent_gazebo/share/smart_agent_gazebo/models/StorageRackCovered/meshes\n'}
[1.318896] (smart_agent_gazebo) StdoutLine: {'line': b'symbolically linking /home/test/wf3/gazebo/agentsd_ws/build/smart_agent_gazebo/models/StorageRackCovered/meshes/StorageRackCovered.mtl -> /home/test/wf3/gazebo/agentsd_ws/install/smart_agent_gazebo/share/smart_agent_gazebo/models/StorageRackCovered/meshes\n'}
[1.319021] (smart_agent_gazebo) StdoutLine: {'line': b'symbolically linking /home/test/wf3/gazebo/agentsd_ws/build/smart_agent_gazebo/models/StorageRackCovered/meshes/StorageRackCovered.obj -> /home/test/wf3/gazebo/agentsd_ws/install/smart_agent_gazebo/share/smart_agent_gazebo/models/StorageRackCovered/meshes\n'}
[1.319140] (smart_agent_gazebo) StdoutLine: {'line': b'symbolically linking /home/test/wf3/gazebo/agentsd_ws/build/smart_agent_gazebo/models/StorageRackCovered/meshes/StorageRackCovered.png -> /home/test/wf3/gazebo/agentsd_ws/install/smart_agent_gazebo/share/smart_agent_gazebo/models/StorageRackCovered/meshes\n'}
[1.319266] (smart_agent_gazebo) StdoutLine: {'line': b'creating /home/test/wf3/gazebo/agentsd_ws/install/smart_agent_gazebo/share/smart_agent_gazebo/models/aws_robomaker_residential_TV_01\n'}
[1.319388] (smart_agent_gazebo) StdoutLine: {'line': b'symbolically linking /home/test/wf3/gazebo/agentsd_ws/build/smart_agent_gazebo/models/aws_robomaker_residential_TV_01/model.config -> /home/test/wf3/gazebo/agentsd_ws/install/smart_agent_gazebo/share/smart_agent_gazebo/models/aws_robomaker_residential_TV_01\n'}
[1.319510] (smart_agent_gazebo) StdoutLine: {'line': b'symbolically linking /home/test/wf3/gazebo/agentsd_ws/build/smart_agent_gazebo/models/aws_robomaker_residential_TV_01/model.sdf -> /home/test/wf3/gazebo/agentsd_ws/install/smart_agent_gazebo/share/smart_agent_gazebo/models/aws_robomaker_residential_TV_01\n'}
[1.319645] (smart_agent_gazebo) StdoutLine: {'line': b'creating /home/test/wf3/gazebo/agentsd_ws/install/smart_agent_gazebo/share/smart_agent_gazebo/models/aws_robomaker_residential_TV_01/materials\n'}
[1.319772] (smart_agent_gazebo) StdoutLine: {'line': b'creating /home/test/wf3/gazebo/agentsd_ws/install/smart_agent_gazebo/share/smart_agent_gazebo/models/aws_robomaker_residential_TV_01/materials/textures\n'}
[1.319899] (smart_agent_gazebo) StdoutLine: {'line': b'symbolically linking /home/test/wf3/gazebo/agentsd_ws/build/smart_agent_gazebo/models/aws_robomaker_residential_TV_01/materials/textures/aws_TV_01.png -> /home/test/wf3/gazebo/agentsd_ws/install/smart_agent_gazebo/share/smart_agent_gazebo/models/aws_robomaker_residential_TV_01/materials/textures\n'}
[1.320036] (smart_agent_gazebo) StdoutLine: {'line': b'creating /home/test/wf3/gazebo/agentsd_ws/install/smart_agent_gazebo/share/smart_agent_gazebo/models/aws_robomaker_residential_TV_01/meshes\n'}
[1.320154] (smart_agent_gazebo) StdoutLine: {'line': b'symbolically linking /home/test/wf3/gazebo/agentsd_ws/build/smart_agent_gazebo/models/aws_robomaker_residential_TV_01/meshes/aws_TV_01_collision.DAE -> /home/test/wf3/gazebo/agentsd_ws/install/smart_agent_gazebo/share/smart_agent_gazebo/models/aws_robomaker_residential_TV_01/meshes\n'}
[1.320269] (smart_agent_gazebo) StdoutLine: {'line': b'symbolically linking /home/test/wf3/gazebo/agentsd_ws/build/smart_agent_gazebo/models/aws_robomaker_residential_TV_01/meshes/aws_TV_01_visual.DAE -> /home/test/wf3/gazebo/agentsd_ws/install/smart_agent_gazebo/share/smart_agent_gazebo/models/aws_robomaker_residential_TV_01/meshes\n'}
[1.320383] (smart_agent_gazebo) StdoutLine: {'line': b'creating /home/test/wf3/gazebo/agentsd_ws/install/smart_agent_gazebo/share/smart_agent_gazebo/models/aws_robomaker_residential_HouseWallB_01\n'}
[1.320496] (smart_agent_gazebo) StdoutLine: {'line': b'symbolically linking /home/test/wf3/gazebo/agentsd_ws/build/smart_agent_gazebo/models/aws_robomaker_residential_HouseWallB_01/model.config -> /home/test/wf3/gazebo/agentsd_ws/install/smart_agent_gazebo/share/smart_agent_gazebo/models/aws_robomaker_residential_HouseWallB_01\n'}
[1.320707] (smart_agent_gazebo) StdoutLine: {'line': b'symbolically linking /home/test/wf3/gazebo/agentsd_ws/build/smart_agent_gazebo/models/aws_robomaker_residential_HouseWallB_01/model.sdf -> /home/test/wf3/gazebo/agentsd_ws/install/smart_agent_gazebo/share/smart_agent_gazebo/models/aws_robomaker_residential_HouseWallB_01\n'}
[1.320829] (smart_agent_gazebo) StdoutLine: {'line': b'creating /home/test/wf3/gazebo/agentsd_ws/install/smart_agent_gazebo/share/smart_agent_gazebo/models/aws_robomaker_residential_HouseWallB_01/materials\n'}
[1.320947] (smart_agent_gazebo) StdoutLine: {'line': b'creating /home/test/wf3/gazebo/agentsd_ws/install/smart_agent_gazebo/share/smart_agent_gazebo/models/aws_robomaker_residential_HouseWallB_01/materials/textures\n'}
[1.321063] (smart_agent_gazebo) StdoutLine: {'line': b'symbolically linking /home/test/wf3/gazebo/agentsd_ws/build/smart_agent_gazebo/models/aws_robomaker_residential_HouseWallB_01/materials/textures/aws_HouseWallB_01.png -> /home/test/wf3/gazebo/agentsd_ws/install/smart_agent_gazebo/share/smart_agent_gazebo/models/aws_robomaker_residential_HouseWallB_01/materials/textures\n'}
[1.321184] (smart_agent_gazebo) StdoutLine: {'line': b'creating /home/test/wf3/gazebo/agentsd_ws/install/smart_agent_gazebo/share/smart_agent_gazebo/models/aws_robomaker_residential_HouseWallB_01/meshes\n'}
[1.321299] (smart_agent_gazebo) StdoutLine: {'line': b'symbolically linking /home/test/wf3/gazebo/agentsd_ws/build/smart_agent_gazebo/models/aws_robomaker_residential_HouseWallB_01/meshes/aws_HouseWallB_01_collision.DAE -> /home/test/wf3/gazebo/agentsd_ws/install/smart_agent_gazebo/share/smart_agent_gazebo/models/aws_robomaker_residential_HouseWallB_01/meshes\n'}
[1.321416] (smart_agent_gazebo) StdoutLine: {'line': b'symbolically linking /home/test/wf3/gazebo/agentsd_ws/build/smart_agent_gazebo/models/aws_robomaker_residential_HouseWallB_01/meshes/aws_HouseWallB_01_visual.DAE -> /home/test/wf3/gazebo/agentsd_ws/install/smart_agent_gazebo/share/smart_agent_gazebo/models/aws_robomaker_residential_HouseWallB_01/meshes\n'}
[1.321533] (smart_agent_gazebo) StdoutLine: {'line': b'creating /home/test/wf3/gazebo/agentsd_ws/install/smart_agent_gazebo/share/smart_agent_gazebo/models/aws_robomaker_residential_FoldingDoor_01\n'}
[1.321647] (smart_agent_gazebo) StdoutLine: {'line': b'symbolically linking /home/test/wf3/gazebo/agentsd_ws/build/smart_agent_gazebo/models/aws_robomaker_residential_FoldingDoor_01/model.config -> /home/test/wf3/gazebo/agentsd_ws/install/smart_agent_gazebo/share/smart_agent_gazebo/models/aws_robomaker_residential_FoldingDoor_01\n'}
[1.321762] (smart_agent_gazebo) StdoutLine: {'line': b'symbolically linking /home/test/wf3/gazebo/agentsd_ws/build/smart_agent_gazebo/models/aws_robomaker_residential_FoldingDoor_01/model.sdf -> /home/test/wf3/gazebo/agentsd_ws/install/smart_agent_gazebo/share/smart_agent_gazebo/models/aws_robomaker_residential_FoldingDoor_01\n'}
[1.321874] (smart_agent_gazebo) StdoutLine: {'line': b'creating /home/test/wf3/gazebo/agentsd_ws/install/smart_agent_gazebo/share/smart_agent_gazebo/models/aws_robomaker_residential_FoldingDoor_01/materials\n'}
[1.321987] (smart_agent_gazebo) StdoutLine: {'line': b'creating /home/test/wf3/gazebo/agentsd_ws/install/smart_agent_gazebo/share/smart_agent_gazebo/models/aws_robomaker_residential_FoldingDoor_01/materials/textures\n'}
[1.322100] (smart_agent_gazebo) StdoutLine: {'line': b'symbolically linking /home/test/wf3/gazebo/agentsd_ws/build/smart_agent_gazebo/models/aws_robomaker_residential_FoldingDoor_01/materials/textures/aws_FoldingDoor_01.png -> /home/test/wf3/gazebo/agentsd_ws/install/smart_agent_gazebo/share/smart_agent_gazebo/models/aws_robomaker_residential_FoldingDoor_01/materials/textures\n'}
[1.322231] (smart_agent_gazebo) StdoutLine: {'line': b'creating /home/test/wf3/gazebo/agentsd_ws/install/smart_agent_gazebo/share/smart_agent_gazebo/models/aws_robomaker_residential_FoldingDoor_01/meshes\n'}
[1.322368] (smart_agent_gazebo) StdoutLine: {'line': b'symbolically linking /home/test/wf3/gazebo/agentsd_ws/build/smart_agent_gazebo/models/aws_robomaker_residential_FoldingDoor_01/meshes/aws_FoldingDoor_01_collision.DAE -> /home/test/wf3/gazebo/agentsd_ws/install/smart_agent_gazebo/share/smart_agent_gazebo/models/aws_robomaker_residential_FoldingDoor_01/meshes\n'}
[1.322489] (smart_agent_gazebo) StdoutLine: {'line': b'symbolically linking /home/test/wf3/gazebo/agentsd_ws/build/smart_agent_gazebo/models/aws_robomaker_residential_FoldingDoor_01/meshes/aws_FoldingDoor_01_visual.DAE -> /home/test/wf3/gazebo/agentsd_ws/install/smart_agent_gazebo/share/smart_agent_gazebo/models/aws_robomaker_residential_FoldingDoor_01/meshes\n'}
[1.322606] (smart_agent_gazebo) StdoutLine: {'line': b'creating /home/test/wf3/gazebo/agentsd_ws/install/smart_agent_gazebo/share/smart_agent_gazebo/models/aws_robomaker_warehouse_ClutteringC_01\n'}
[1.322728] (smart_agent_gazebo) StdoutLine: {'line': b'symbolically linking /home/test/wf3/gazebo/agentsd_ws/build/smart_agent_gazebo/models/aws_robomaker_warehouse_ClutteringC_01/model.config -> /home/test/wf3/gazebo/agentsd_ws/install/smart_agent_gazebo/share/smart_agent_gazebo/models/aws_robomaker_warehouse_ClutteringC_01\n'}
[1.322900] (smart_agent_gazebo) StdoutLine: {'line': b'symbolically linking /home/test/wf3/gazebo/agentsd_ws/build/smart_agent_gazebo/models/aws_robomaker_warehouse_ClutteringC_01/model.sdf -> /home/test/wf3/gazebo/agentsd_ws/install/smart_agent_gazebo/share/smart_agent_gazebo/models/aws_robomaker_warehouse_ClutteringC_01\n'}
[1.323022] (smart_agent_gazebo) StdoutLine: {'line': b'creating /home/test/wf3/gazebo/agentsd_ws/install/smart_agent_gazebo/share/smart_agent_gazebo/models/aws_robomaker_warehouse_ClutteringC_01/materials\n'}
[1.323142] (smart_agent_gazebo) StdoutLine: {'line': b'creating /home/test/wf3/gazebo/agentsd_ws/install/smart_agent_gazebo/share/smart_agent_gazebo/models/aws_robomaker_warehouse_ClutteringC_01/materials/textures\n'}
[1.323259] (smart_agent_gazebo) StdoutLine: {'line': b'symbolically linking /home/test/wf3/gazebo/agentsd_ws/build/smart_agent_gazebo/models/aws_robomaker_warehouse_ClutteringC_01/materials/textures/aws_robomaker_warehouse_ClutteringC_01.png -> /home/test/wf3/gazebo/agentsd_ws/install/smart_agent_gazebo/share/smart_agent_gazebo/models/aws_robomaker_warehouse_ClutteringC_01/materials/textures\n'}
[1.323378] (smart_agent_gazebo) StdoutLine: {'line': b'symbolically linking /home/test/wf3/gazebo/agentsd_ws/build/smart_agent_gazebo/models/aws_robomaker_warehouse_ClutteringC_01/materials/textures/aws_robomaker_warehouse_ClutteringC_02.png -> /home/test/wf3/gazebo/agentsd_ws/install/smart_agent_gazebo/share/smart_agent_gazebo/models/aws_robomaker_warehouse_ClutteringC_01/materials/textures\n'}
[1.323497] (smart_agent_gazebo) StdoutLine: {'line': b'creating /home/test/wf3/gazebo/agentsd_ws/install/smart_agent_gazebo/share/smart_agent_gazebo/models/aws_robomaker_warehouse_ClutteringC_01/meshes\n'}
[1.323620] (smart_agent_gazebo) StdoutLine: {'line': b'symbolically linking /home/test/wf3/gazebo/agentsd_ws/build/smart_agent_gazebo/models/aws_robomaker_warehouse_ClutteringC_01/meshes/aws_robomaker_warehouse_ClutteringC_01_collision.DAE -> /home/test/wf3/gazebo/agentsd_ws/install/smart_agent_gazebo/share/smart_agent_gazebo/models/aws_robomaker_warehouse_ClutteringC_01/meshes\n'}
[1.323741] (smart_agent_gazebo) StdoutLine: {'line': b'symbolically linking /home/test/wf3/gazebo/agentsd_ws/build/smart_agent_gazebo/models/aws_robomaker_warehouse_ClutteringC_01/meshes/aws_robomaker_warehouse_ClutteringC_01_visual.DAE -> /home/test/wf3/gazebo/agentsd_ws/install/smart_agent_gazebo/share/smart_agent_gazebo/models/aws_robomaker_warehouse_ClutteringC_01/meshes\n'}
[1.323858] (smart_agent_gazebo) StdoutLine: {'line': b'creating /home/test/wf3/gazebo/agentsd_ws/install/smart_agent_gazebo/share/smart_agent_gazebo/models/aws_robomaker_residential_NightStand_01\n'}
[1.323974] (smart_agent_gazebo) StdoutLine: {'line': b'symbolically linking /home/test/wf3/gazebo/agentsd_ws/build/smart_agent_gazebo/models/aws_robomaker_residential_NightStand_01/model.config -> /home/test/wf3/gazebo/agentsd_ws/install/smart_agent_gazebo/share/smart_agent_gazebo/models/aws_robomaker_residential_NightStand_01\n'}
[1.324100] (smart_agent_gazebo) StdoutLine: {'line': b'symbolically linking /home/test/wf3/gazebo/agentsd_ws/build/smart_agent_gazebo/models/aws_robomaker_residential_NightStand_01/model.sdf -> /home/test/wf3/gazebo/agentsd_ws/install/smart_agent_gazebo/share/smart_agent_gazebo/models/aws_robomaker_residential_NightStand_01\n'}
[1.324257] (smart_agent_gazebo) StdoutLine: {'line': b'creating /home/test/wf3/gazebo/agentsd_ws/install/smart_agent_gazebo/share/smart_agent_gazebo/models/aws_robomaker_residential_NightStand_01/materials\n'}
[1.324374] (smart_agent_gazebo) StdoutLine: {'line': b'creating /home/test/wf3/gazebo/agentsd_ws/install/smart_agent_gazebo/share/smart_agent_gazebo/models/aws_robomaker_residential_NightStand_01/materials/textures\n'}
[1.324488] (smart_agent_gazebo) StdoutLine: {'line': b'symbolically linking /home/test/wf3/gazebo/agentsd_ws/build/smart_agent_gazebo/models/aws_robomaker_residential_NightStand_01/materials/textures/aws_NightStand_01.png -> /home/test/wf3/gazebo/agentsd_ws/install/smart_agent_gazebo/share/smart_agent_gazebo/models/aws_robomaker_residential_NightStand_01/materials/textures\n'}
[1.324602] (smart_agent_gazebo) StdoutLine: {'line': b'creating /home/test/wf3/gazebo/agentsd_ws/install/smart_agent_gazebo/share/smart_agent_gazebo/models/aws_robomaker_residential_NightStand_01/meshes\n'}
[1.324715] (smart_agent_gazebo) StdoutLine: {'line': b'symbolically linking /home/test/wf3/gazebo/agentsd_ws/build/smart_agent_gazebo/models/aws_robomaker_residential_NightStand_01/meshes/aws_NightStand_01_visual.DAE -> /home/test/wf3/gazebo/agentsd_ws/install/smart_agent_gazebo/share/smart_agent_gazebo/models/aws_robomaker_residential_NightStand_01/meshes\n'}
[1.324827] (smart_agent_gazebo) StdoutLine: {'line': b'symbolically linking /home/test/wf3/gazebo/agentsd_ws/build/smart_agent_gazebo/models/aws_robomaker_residential_NightStand_01/meshes/aws_NightStand_01_collision.DAE -> /home/test/wf3/gazebo/agentsd_ws/install/smart_agent_gazebo/share/smart_agent_gazebo/models/aws_robomaker_residential_NightStand_01/meshes\n'}
[1.325008] (smart_agent_gazebo) StdoutLine: {'line': b'creating /home/test/wf3/gazebo/agentsd_ws/install/smart_agent_gazebo/share/smart_agent_gazebo/models/BedsideTable\n'}
[1.325120] (smart_agent_gazebo) StdoutLine: {'line': b'symbolically linking /home/test/wf3/gazebo/agentsd_ws/build/smart_agent_gazebo/models/BedsideTable/model.config -> /home/test/wf3/gazebo/agentsd_ws/install/smart_agent_gazebo/share/smart_agent_gazebo/models/BedsideTable\n'}
[1.325231] (smart_agent_gazebo) StdoutLine: {'line': b'symbolically linking /home/test/wf3/gazebo/agentsd_ws/build/smart_agent_gazebo/models/BedsideTable/model.sdf -> /home/test/wf3/gazebo/agentsd_ws/install/smart_agent_gazebo/share/smart_agent_gazebo/models/BedsideTable\n'}
[1.325343] (smart_agent_gazebo) StdoutLine: {'line': b'creating /home/test/wf3/gazebo/agentsd_ws/install/smart_agent_gazebo/share/smart_agent_gazebo/models/BedsideTable/thumbnails\n'}
[1.325454] (smart_agent_gazebo) StdoutLine: {'line': b'symbolically linking /home/test/wf3/gazebo/agentsd_ws/build/smart_agent_gazebo/models/BedsideTable/thumbnails/2.png -> /home/test/wf3/gazebo/agentsd_ws/install/smart_agent_gazebo/share/smart_agent_gazebo/models/BedsideTable/thumbnails\n'}
[1.325565] (smart_agent_gazebo) StdoutLine: {'line': b'symbolically linking /home/test/wf3/gazebo/agentsd_ws/build/smart_agent_gazebo/models/BedsideTable/thumbnails/1.png -> /home/test/wf3/gazebo/agentsd_ws/install/smart_agent_gazebo/share/smart_agent_gazebo/models/BedsideTable/thumbnails\n'}
[1.325675] (smart_agent_gazebo) StdoutLine: {'line': b'symbolically linking /home/test/wf3/gazebo/agentsd_ws/build/smart_agent_gazebo/models/BedsideTable/thumbnails/4.png -> /home/test/wf3/gazebo/agentsd_ws/install/smart_agent_gazebo/share/smart_agent_gazebo/models/BedsideTable/thumbnails\n'}
[1.325832] (smart_agent_gazebo) StdoutLine: {'line': b'symbolically linking /home/test/wf3/gazebo/agentsd_ws/build/smart_agent_gazebo/models/BedsideTable/thumbnails/3.png -> /home/test/wf3/gazebo/agentsd_ws/install/smart_agent_gazebo/share/smart_agent_gazebo/models/BedsideTable/thumbnails\n'}
[1.325950] (smart_agent_gazebo) StdoutLine: {'line': b'symbolically linking /home/test/wf3/gazebo/agentsd_ws/build/smart_agent_gazebo/models/BedsideTable/thumbnails/5.png -> /home/test/wf3/gazebo/agentsd_ws/install/smart_agent_gazebo/share/smart_agent_gazebo/models/BedsideTable/thumbnails\n'}
[1.326070] (smart_agent_gazebo) StdoutLine: {'line': b'creating /home/test/wf3/gazebo/agentsd_ws/install/smart_agent_gazebo/share/smart_agent_gazebo/models/BedsideTable/meshes\n'}
[1.326249] (smart_agent_gazebo) StdoutLine: {'line': b'symbolically linking /home/test/wf3/gazebo/agentsd_ws/build/smart_agent_gazebo/models/BedsideTable/meshes/BedsideTable_Col.obj -> /home/test/wf3/gazebo/agentsd_ws/install/smart_agent_gazebo/share/smart_agent_gazebo/models/BedsideTable/meshes\n'}
[1.326389] (smart_agent_gazebo) StdoutLine: {'line': b'symbolically linking /home/test/wf3/gazebo/agentsd_ws/build/smart_agent_gazebo/models/BedsideTable/meshes/BedsideTable.obj -> /home/test/wf3/gazebo/agentsd_ws/install/smart_agent_gazebo/share/smart_agent_gazebo/models/BedsideTable/meshes\n'}
[1.326523] (smart_agent_gazebo) StdoutLine: {'line': b'symbolically linking /home/test/wf3/gazebo/agentsd_ws/build/smart_agent_gazebo/models/BedsideTable/meshes/BedsideTable_Normal.png -> /home/test/wf3/gazebo/agentsd_ws/install/smart_agent_gazebo/share/smart_agent_gazebo/models/BedsideTable/meshes\n'}
[1.326644] (smart_agent_gazebo) StdoutLine: {'line': b'symbolically linking /home/test/wf3/gazebo/agentsd_ws/build/smart_agent_gazebo/models/BedsideTable/meshes/BedsideTable_Col.mtl -> /home/test/wf3/gazebo/agentsd_ws/install/smart_agent_gazebo/share/smart_agent_gazebo/models/BedsideTable/meshes\n'}
[1.326763] (smart_agent_gazebo) StdoutLine: {'line': b'symbolically linking /home/test/wf3/gazebo/agentsd_ws/build/smart_agent_gazebo/models/BedsideTable/meshes/BedsideTable_SpecGloss.png -> /home/test/wf3/gazebo/agentsd_ws/install/smart_agent_gazebo/share/smart_agent_gazebo/models/BedsideTable/meshes\n'}
[1.326877] (smart_agent_gazebo) StdoutLine: {'line': b'symbolically linking /home/test/wf3/gazebo/agentsd_ws/build/smart_agent_gazebo/models/BedsideTable/meshes/BedsideTable.mtl -> /home/test/wf3/gazebo/agentsd_ws/install/smart_agent_gazebo/share/smart_agent_gazebo/models/BedsideTable/meshes\n'}
[1.326988] (smart_agent_gazebo) StdoutLine: {'line': b'symbolically linking /home/test/wf3/gazebo/agentsd_ws/build/smart_agent_gazebo/models/BedsideTable/meshes/BedsideTable.png -> /home/test/wf3/gazebo/agentsd_ws/install/smart_agent_gazebo/share/smart_agent_gazebo/models/BedsideTable/meshes\n'}
[1.327099] (smart_agent_gazebo) StdoutLine: {'line': b'symbolically linking /home/test/wf3/gazebo/agentsd_ws/build/smart_agent_gazebo/models/BedsideTable/meshes/BedsideTable_Diffuse.png -> /home/test/wf3/gazebo/agentsd_ws/install/smart_agent_gazebo/share/smart_agent_gazebo/models/BedsideTable/meshes\n'}
[1.327468] (smart_agent_gazebo) StdoutLine: {'line': b'creating /home/test/wf3/gazebo/agentsd_ws/install/smart_agent_gazebo/share/smart_agent_gazebo/models/aws_robomaker_hospital_elevator_01_car\n'}
[1.327589] (smart_agent_gazebo) StdoutLine: {'line': b'symbolically linking /home/test/wf3/gazebo/agentsd_ws/build/smart_agent_gazebo/models/aws_robomaker_hospital_elevator_01_car/model.config -> /home/test/wf3/gazebo/agentsd_ws/install/smart_agent_gazebo/share/smart_agent_gazebo/models/aws_robomaker_hospital_elevator_01_car\n'}
[1.327709] (smart_agent_gazebo) StdoutLine: {'line': b'symbolically linking /home/test/wf3/gazebo/agentsd_ws/build/smart_agent_gazebo/models/aws_robomaker_hospital_elevator_01_car/model.sdf -> /home/test/wf3/gazebo/agentsd_ws/install/smart_agent_gazebo/share/smart_agent_gazebo/models/aws_robomaker_hospital_elevator_01_car\n'}
[1.327823] (smart_agent_gazebo) StdoutLine: {'line': b'creating /home/test/wf3/gazebo/agentsd_ws/install/smart_agent_gazebo/share/smart_agent_gazebo/models/aws_robomaker_hospital_elevator_01_car/meshes\n'}
[1.327956] (smart_agent_gazebo) StdoutLine: {'line': b'symbolically linking /home/test/wf3/gazebo/agentsd_ws/build/smart_agent_gazebo/models/aws_robomaker_hospital_elevator_01_car/meshes/aws_robomaker_hospital_elevator_01_car_visual.dae -> /home/test/wf3/gazebo/agentsd_ws/install/smart_agent_gazebo/share/smart_agent_gazebo/models/aws_robomaker_hospital_elevator_01_car/meshes\n'}
[1.328077] (smart_agent_gazebo) StdoutLine: {'line': b'symbolically linking /home/test/wf3/gazebo/agentsd_ws/build/smart_agent_gazebo/models/aws_robomaker_hospital_elevator_01_car/meshes/aws_robomaker_hospital_elevator_01_car_collision.dae -> /home/test/wf3/gazebo/agentsd_ws/install/smart_agent_gazebo/share/smart_agent_gazebo/models/aws_robomaker_hospital_elevator_01_car/meshes\n'}
[1.328197] (smart_agent_gazebo) StdoutLine: {'line': b'symbolically linking /home/test/wf3/gazebo/agentsd_ws/build/smart_agent_gazebo/models/aws_robomaker_hospital_elevator_01_car/meshes/aws_robomaker_hospital_elevator_01_low.png -> /home/test/wf3/gazebo/agentsd_ws/install/smart_agent_gazebo/share/smart_agent_gazebo/models/aws_robomaker_hospital_elevator_01_car/meshes\n'}
[1.328315] (smart_agent_gazebo) StdoutLine: {'line': b'symbolically linking /home/test/wf3/gazebo/agentsd_ws/build/smart_agent_gazebo/models/aws_robomaker_hospital_elevator_01_car/meshes/aws_robomaker_hospital_elevator_01_car_low.dae -> /home/test/wf3/gazebo/agentsd_ws/install/smart_agent_gazebo/share/smart_agent_gazebo/models/aws_robomaker_hospital_elevator_01_car/meshes\n'}
[1.328433] (smart_agent_gazebo) StdoutLine: {'line': b'symbolically linking /home/test/wf3/gazebo/agentsd_ws/build/smart_agent_gazebo/models/aws_robomaker_hospital_elevator_01_car/meshes/aws_robomaker_hospital_elevator_01_visual_normal.png -> /home/test/wf3/gazebo/agentsd_ws/install/smart_agent_gazebo/share/smart_agent_gazebo/models/aws_robomaker_hospital_elevator_01_car/meshes\n'}
[1.328550] (smart_agent_gazebo) StdoutLine: {'line': b'symbolically linking /home/test/wf3/gazebo/agentsd_ws/build/smart_agent_gazebo/models/aws_robomaker_hospital_elevator_01_car/meshes/aws_robomaker_hospital_elevator_01_low_normal.png -> /home/test/wf3/gazebo/agentsd_ws/install/smart_agent_gazebo/share/smart_agent_gazebo/models/aws_robomaker_hospital_elevator_01_car/meshes\n'}
[1.328719] (smart_agent_gazebo) StdoutLine: {'line': b'symbolically linking /home/test/wf3/gazebo/agentsd_ws/build/smart_agent_gazebo/models/aws_robomaker_hospital_elevator_01_car/meshes/aws_robomaker_hospital_elevator_01_visual.png -> /home/test/wf3/gazebo/agentsd_ws/install/smart_agent_gazebo/share/smart_agent_gazebo/models/aws_robomaker_hospital_elevator_01_car/meshes\n'}
[1.328838] (smart_agent_gazebo) StdoutLine: {'line': b'creating /home/test/wf3/gazebo/agentsd_ws/install/smart_agent_gazebo/share/smart_agent_gazebo/models/aws_robomaker_residential_DeskPortraitD_04\n'}
[1.328952] (smart_agent_gazebo) StdoutLine: {'line': b'symbolically linking /home/test/wf3/gazebo/agentsd_ws/build/smart_agent_gazebo/models/aws_robomaker_residential_DeskPortraitD_04/model.config -> /home/test/wf3/gazebo/agentsd_ws/install/smart_agent_gazebo/share/smart_agent_gazebo/models/aws_robomaker_residential_DeskPortraitD_04\n'}
[1.329064] (smart_agent_gazebo) StdoutLine: {'line': b'symbolically linking /home/test/wf3/gazebo/agentsd_ws/build/smart_agent_gazebo/models/aws_robomaker_residential_DeskPortraitD_04/model.sdf -> /home/test/wf3/gazebo/agentsd_ws/install/smart_agent_gazebo/share/smart_agent_gazebo/models/aws_robomaker_residential_DeskPortraitD_04\n'}
[1.329178] (smart_agent_gazebo) StdoutLine: {'line': b'creating /home/test/wf3/gazebo/agentsd_ws/install/smart_agent_gazebo/share/smart_agent_gazebo/models/aws_robomaker_residential_DeskPortraitD_04/materials\n'}
[1.329290] (smart_agent_gazebo) StdoutLine: {'line': b'creating /home/test/wf3/gazebo/agentsd_ws/install/smart_agent_gazebo/share/smart_agent_gazebo/models/aws_robomaker_residential_DeskPortraitD_04/materials/textures\n'}
[1.329457] (smart_agent_gazebo) StdoutLine: {'line': b'symbolically linking /home/test/wf3/gazebo/agentsd_ws/build/smart_agent_gazebo/models/aws_robomaker_residential_DeskPortraitD_04/materials/textures/aws_DeskPortraitD_02.png -> /home/test/wf3/gazebo/agentsd_ws/install/smart_agent_gazebo/share/smart_agent_gazebo/models/aws_robomaker_residential_DeskPortraitD_04/materials/textures\n'}
[1.329570] (smart_agent_gazebo) StdoutLine: {'line': b'symbolically linking /home/test/wf3/gazebo/agentsd_ws/build/smart_agent_gazebo/models/aws_robomaker_residential_DeskPortraitD_04/materials/textures/aws_DeskPortraitD_01.png -> /home/test/wf3/gazebo/agentsd_ws/install/smart_agent_gazebo/share/smart_agent_gazebo/models/aws_robomaker_residential_DeskPortraitD_04/materials/textures\n'}
[1.329681] (smart_agent_gazebo) StdoutLine: {'line': b'creating /home/test/wf3/gazebo/agentsd_ws/install/smart_agent_gazebo/share/smart_agent_gazebo/models/aws_robomaker_residential_DeskPortraitD_04/meshes\n'}
[1.329791] (smart_agent_gazebo) StdoutLine: {'line': b'symbolically linking /home/test/wf3/gazebo/agentsd_ws/build/smart_agent_gazebo/models/aws_robomaker_residential_DeskPortraitD_04/meshes/aws_DeskPortraitD_01_visual.DAE -> /home/test/wf3/gazebo/agentsd_ws/install/smart_agent_gazebo/share/smart_agent_gazebo/models/aws_robomaker_residential_DeskPortraitD_04/meshes\n'}
[1.329901] (smart_agent_gazebo) StdoutLine: {'line': b'symbolically linking /home/test/wf3/gazebo/agentsd_ws/build/smart_agent_gazebo/models/aws_robomaker_residential_DeskPortraitD_04/meshes/aws_DeskPortraitD_01_collision.DAE -> /home/test/wf3/gazebo/agentsd_ws/install/smart_agent_gazebo/share/smart_agent_gazebo/models/aws_robomaker_residential_DeskPortraitD_04/meshes\n'}
[1.330011] (smart_agent_gazebo) StdoutLine: {'line': b'creating /home/test/wf3/gazebo/agentsd_ws/install/smart_agent_gazebo/share/smart_agent_gazebo/models/aws_robomaker_residential_SeasoningBox_01\n'}
[1.330121] (smart_agent_gazebo) StdoutLine: {'line': b'symbolically linking /home/test/wf3/gazebo/agentsd_ws/build/smart_agent_gazebo/models/aws_robomaker_residential_SeasoningBox_01/model.config -> /home/test/wf3/gazebo/agentsd_ws/install/smart_agent_gazebo/share/smart_agent_gazebo/models/aws_robomaker_residential_SeasoningBox_01\n'}
[1.330232] (smart_agent_gazebo) StdoutLine: {'line': b'symbolically linking /home/test/wf3/gazebo/agentsd_ws/build/smart_agent_gazebo/models/aws_robomaker_residential_SeasoningBox_01/model.sdf -> /home/test/wf3/gazebo/agentsd_ws/install/smart_agent_gazebo/share/smart_agent_gazebo/models/aws_robomaker_residential_SeasoningBox_01\n'}
[1.330341] (smart_agent_gazebo) StdoutLine: {'line': b'creating /home/test/wf3/gazebo/agentsd_ws/install/smart_agent_gazebo/share/smart_agent_gazebo/models/aws_robomaker_residential_SeasoningBox_01/materials\n'}
[1.330444] (smart_agent_gazebo) StdoutLine: {'line': b'creating /home/test/wf3/gazebo/agentsd_ws/install/smart_agent_gazebo/share/smart_agent_gazebo/models/aws_robomaker_residential_SeasoningBox_01/materials/textures\n'}
[1.330649] (smart_agent_gazebo) StdoutLine: {'line': b'symbolically linking /home/test/wf3/gazebo/agentsd_ws/build/smart_agent_gazebo/models/aws_robomaker_residential_SeasoningBox_01/materials/textures/aws_SeasoningBox_01.png -> /home/test/wf3/gazebo/agentsd_ws/install/smart_agent_gazebo/share/smart_agent_gazebo/models/aws_robomaker_residential_SeasoningBox_01/materials/textures\n'}
[1.330758] (smart_agent_gazebo) StdoutLine: {'line': b'creating /home/test/wf3/gazebo/agentsd_ws/install/smart_agent_gazebo/share/smart_agent_gazebo/models/aws_robomaker_residential_SeasoningBox_01/meshes\n'}
[1.330863] (smart_agent_gazebo) StdoutLine: {'line': b'symbolically linking /home/test/wf3/gazebo/agentsd_ws/build/smart_agent_gazebo/models/aws_robomaker_residential_SeasoningBox_01/meshes/aws_SeasoningBox_01_collision.DAE -> /home/test/wf3/gazebo/agentsd_ws/install/smart_agent_gazebo/share/smart_agent_gazebo/models/aws_robomaker_residential_SeasoningBox_01/meshes\n'}
[1.330966] (smart_agent_gazebo) StdoutLine: {'line': b'symbolically linking /home/test/wf3/gazebo/agentsd_ws/build/smart_agent_gazebo/models/aws_robomaker_residential_SeasoningBox_01/meshes/aws_SeasoningBox_01_visual.DAE -> /home/test/wf3/gazebo/agentsd_ws/install/smart_agent_gazebo/share/smart_agent_gazebo/models/aws_robomaker_residential_SeasoningBox_01/meshes\n'}
[1.331112] (smart_agent_gazebo) StdoutLine: {'line': b'creating /home/test/wf3/gazebo/agentsd_ws/install/smart_agent_gazebo/share/smart_agent_gazebo/models/aws_robomaker_residential_DeskPortraitB_01\n'}
[1.331217] (smart_agent_gazebo) StdoutLine: {'line': b'symbolically linking /home/test/wf3/gazebo/agentsd_ws/build/smart_agent_gazebo/models/aws_robomaker_residential_DeskPortraitB_01/model.config -> /home/test/wf3/gazebo/agentsd_ws/install/smart_agent_gazebo/share/smart_agent_gazebo/models/aws_robomaker_residential_DeskPortraitB_01\n'}
[1.331321] (smart_agent_gazebo) StdoutLine: {'line': b'symbolically linking /home/test/wf3/gazebo/agentsd_ws/build/smart_agent_gazebo/models/aws_robomaker_residential_DeskPortraitB_01/model.sdf -> /home/test/wf3/gazebo/agentsd_ws/install/smart_agent_gazebo/share/smart_agent_gazebo/models/aws_robomaker_residential_DeskPortraitB_01\n'}
[1.331592] (smart_agent_gazebo) StdoutLine: {'line': b'creating /home/test/wf3/gazebo/agentsd_ws/install/smart_agent_gazebo/share/smart_agent_gazebo/models/aws_robomaker_residential_DeskPortraitB_01/materials\n'}
[1.331699] (smart_agent_gazebo) StdoutLine: {'line': b'creating /home/test/wf3/gazebo/agentsd_ws/install/smart_agent_gazebo/share/smart_agent_gazebo/models/aws_robomaker_residential_DeskPortraitB_01/materials/textures\n'}
[1.331800] (smart_agent_gazebo) StdoutLine: {'line': b'symbolically linking /home/test/wf3/gazebo/agentsd_ws/build/smart_agent_gazebo/models/aws_robomaker_residential_DeskPortraitB_01/materials/textures/aws_DeskPortraitB_02.png -> /home/test/wf3/gazebo/agentsd_ws/install/smart_agent_gazebo/share/smart_agent_gazebo/models/aws_robomaker_residential_DeskPortraitB_01/materials/textures\n'}
[1.331903] (smart_agent_gazebo) StdoutLine: {'line': b'symbolically linking /home/test/wf3/gazebo/agentsd_ws/build/smart_agent_gazebo/models/aws_robomaker_residential_DeskPortraitB_01/materials/textures/aws_DeskPortraitB_01.png -> /home/test/wf3/gazebo/agentsd_ws/install/smart_agent_gazebo/share/smart_agent_gazebo/models/aws_robomaker_residential_DeskPortraitB_01/materials/textures\n'}
[1.332002] (smart_agent_gazebo) StdoutLine: {'line': b'creating /home/test/wf3/gazebo/agentsd_ws/install/smart_agent_gazebo/share/smart_agent_gazebo/models/aws_robomaker_residential_DeskPortraitB_01/meshes\n'}
[1.332101] (smart_agent_gazebo) StdoutLine: {'line': b'symbolically linking /home/test/wf3/gazebo/agentsd_ws/build/smart_agent_gazebo/models/aws_robomaker_residential_DeskPortraitB_01/meshes/aws_DeskPortraitB_01_visual.DAE -> /home/test/wf3/gazebo/agentsd_ws/install/smart_agent_gazebo/share/smart_agent_gazebo/models/aws_robomaker_residential_DeskPortraitB_01/meshes\n'}
[1.332204] (smart_agent_gazebo) StdoutLine: {'line': b'symbolically linking /home/test/wf3/gazebo/agentsd_ws/build/smart_agent_gazebo/models/aws_robomaker_residential_DeskPortraitB_01/meshes/aws_DeskPortraitB_01_collision.DAE -> /home/test/wf3/gazebo/agentsd_ws/install/smart_agent_gazebo/share/smart_agent_gazebo/models/aws_robomaker_residential_DeskPortraitB_01/meshes\n'}
[1.332307] (smart_agent_gazebo) StdoutLine: {'line': b'creating /home/test/wf3/gazebo/agentsd_ws/install/smart_agent_gazebo/share/smart_agent_gazebo/models/aws_robomaker_residential_DeskPortraitD_02\n'}
[1.332409] (smart_agent_gazebo) StdoutLine: {'line': b'symbolically linking /home/test/wf3/gazebo/agentsd_ws/build/smart_agent_gazebo/models/aws_robomaker_residential_DeskPortraitD_02/model.config -> /home/test/wf3/gazebo/agentsd_ws/install/smart_agent_gazebo/share/smart_agent_gazebo/models/aws_robomaker_residential_DeskPortraitD_02\n'}
[1.332522] (smart_agent_gazebo) StdoutLine: {'line': b'symbolically linking /home/test/wf3/gazebo/agentsd_ws/build/smart_agent_gazebo/models/aws_robomaker_residential_DeskPortraitD_02/model.sdf -> /home/test/wf3/gazebo/agentsd_ws/install/smart_agent_gazebo/share/smart_agent_gazebo/models/aws_robomaker_residential_DeskPortraitD_02\n'}
[1.332687] (smart_agent_gazebo) StdoutLine: {'line': b'creating /home/test/wf3/gazebo/agentsd_ws/install/smart_agent_gazebo/share/smart_agent_gazebo/models/aws_robomaker_residential_DeskPortraitD_02/materials\n'}
[1.332793] (smart_agent_gazebo) StdoutLine: {'line': b'creating /home/test/wf3/gazebo/agentsd_ws/install/smart_agent_gazebo/share/smart_agent_gazebo/models/aws_robomaker_residential_DeskPortraitD_02/materials/textures\n'}
[1.332892] (smart_agent_gazebo) StdoutLine: {'line': b'symbolically linking /home/test/wf3/gazebo/agentsd_ws/build/smart_agent_gazebo/models/aws_robomaker_residential_DeskPortraitD_02/materials/textures/aws_DeskPortraitD_02.png -> /home/test/wf3/gazebo/agentsd_ws/install/smart_agent_gazebo/share/smart_agent_gazebo/models/aws_robomaker_residential_DeskPortraitD_02/materials/textures\n'}
[1.332994] (smart_agent_gazebo) StdoutLine: {'line': b'symbolically linking /home/test/wf3/gazebo/agentsd_ws/build/smart_agent_gazebo/models/aws_robomaker_residential_DeskPortraitD_02/materials/textures/aws_DeskPortraitD_01.png -> /home/test/wf3/gazebo/agentsd_ws/install/smart_agent_gazebo/share/smart_agent_gazebo/models/aws_robomaker_residential_DeskPortraitD_02/materials/textures\n'}
[1.333095] (smart_agent_gazebo) StdoutLine: {'line': b'creating /home/test/wf3/gazebo/agentsd_ws/install/smart_agent_gazebo/share/smart_agent_gazebo/models/aws_robomaker_residential_DeskPortraitD_02/meshes\n'}
[1.333194] (smart_agent_gazebo) StdoutLine: {'line': b'symbolically linking /home/test/wf3/gazebo/agentsd_ws/build/smart_agent_gazebo/models/aws_robomaker_residential_DeskPortraitD_02/meshes/aws_DeskPortraitD_01_visual.DAE -> /home/test/wf3/gazebo/agentsd_ws/install/smart_agent_gazebo/share/smart_agent_gazebo/models/aws_robomaker_residential_DeskPortraitD_02/meshes\n'}
[1.333296] (smart_agent_gazebo) StdoutLine: {'line': b'symbolically linking /home/test/wf3/gazebo/agentsd_ws/build/smart_agent_gazebo/models/aws_robomaker_residential_DeskPortraitD_02/meshes/aws_DeskPortraitD_01_collision.DAE -> /home/test/wf3/gazebo/agentsd_ws/install/smart_agent_gazebo/share/smart_agent_gazebo/models/aws_robomaker_residential_DeskPortraitD_02/meshes\n'}
[1.333452] (smart_agent_gazebo) StdoutLine: {'line': b'creating /home/test/wf3/gazebo/agentsd_ws/install/smart_agent_gazebo/share/smart_agent_gazebo/models/BMWCart\n'}
[1.333555] (smart_agent_gazebo) StdoutLine: {'line': b'symbolically linking /home/test/wf3/gazebo/agentsd_ws/build/smart_agent_gazebo/models/BMWCart/model.config -> /home/test/wf3/gazebo/agentsd_ws/install/smart_agent_gazebo/share/smart_agent_gazebo/models/BMWCart\n'}
[1.333657] (smart_agent_gazebo) StdoutLine: {'line': b'symbolically linking /home/test/wf3/gazebo/agentsd_ws/build/smart_agent_gazebo/models/BMWCart/model.sdf -> /home/test/wf3/gazebo/agentsd_ws/install/smart_agent_gazebo/share/smart_agent_gazebo/models/BMWCart\n'}
[1.333756] (smart_agent_gazebo) StdoutLine: {'line': b'creating /home/test/wf3/gazebo/agentsd_ws/install/smart_agent_gazebo/share/smart_agent_gazebo/models/BMWCart/thumbnails\n'}
[1.333854] (smart_agent_gazebo) StdoutLine: {'line': b'symbolically linking /home/test/wf3/gazebo/agentsd_ws/build/smart_agent_gazebo/models/BMWCart/thumbnails/2.png -> /home/test/wf3/gazebo/agentsd_ws/install/smart_agent_gazebo/share/smart_agent_gazebo/models/BMWCart/thumbnails\n'}
[1.333952] (smart_agent_gazebo) StdoutLine: {'line': b'symbolically linking /home/test/wf3/gazebo/agentsd_ws/build/smart_agent_gazebo/models/BMWCart/thumbnails/1.png -> /home/test/wf3/gazebo/agentsd_ws/install/smart_agent_gazebo/share/smart_agent_gazebo/models/BMWCart/thumbnails\n'}
[1.334051] (smart_agent_gazebo) StdoutLine: {'line': b'symbolically linking /home/test/wf3/gazebo/agentsd_ws/build/smart_agent_gazebo/models/BMWCart/thumbnails/4.png -> /home/test/wf3/gazebo/agentsd_ws/install/smart_agent_gazebo/share/smart_agent_gazebo/models/BMWCart/thumbnails\n'}
[1.334161] (smart_agent_gazebo) StdoutLine: {'line': b'symbolically linking /home/test/wf3/gazebo/agentsd_ws/build/smart_agent_gazebo/models/BMWCart/thumbnails/3.png -> /home/test/wf3/gazebo/agentsd_ws/install/smart_agent_gazebo/share/smart_agent_gazebo/models/BMWCart/thumbnails\n'}
[1.334259] (smart_agent_gazebo) StdoutLine: {'line': b'symbolically linking /home/test/wf3/gazebo/agentsd_ws/build/smart_agent_gazebo/models/BMWCart/thumbnails/5.png -> /home/test/wf3/gazebo/agentsd_ws/install/smart_agent_gazebo/share/smart_agent_gazebo/models/BMWCart/thumbnails\n'}
[1.334372] (smart_agent_gazebo) StdoutLine: {'line': b'creating /home/test/wf3/gazebo/agentsd_ws/install/smart_agent_gazebo/share/smart_agent_gazebo/models/BMWCart/meshes\n'}
[1.334476] (smart_agent_gazebo) StdoutLine: {'line': b'symbolically linking /home/test/wf3/gazebo/agentsd_ws/build/smart_agent_gazebo/models/BMWCart/meshes/Cart_BMW_Col.obj -> /home/test/wf3/gazebo/agentsd_ws/install/smart_agent_gazebo/share/smart_agent_gazebo/models/BMWCart/meshes\n'}
[1.334579] (smart_agent_gazebo) StdoutLine: {'line': b'symbolically linking /home/test/wf3/gazebo/agentsd_ws/build/smart_agent_gazebo/models/BMWCart/meshes/Cart_BMW_Col.mtl -> /home/test/wf3/gazebo/agentsd_ws/install/smart_agent_gazebo/share/smart_agent_gazebo/models/BMWCart/meshes\n'}
[1.334679] (smart_agent_gazebo) StdoutLine: {'line': b'symbolically linking /home/test/wf3/gazebo/agentsd_ws/build/smart_agent_gazebo/models/BMWCart/meshes/Cart_BMW_Diffuse.png -> /home/test/wf3/gazebo/agentsd_ws/install/smart_agent_gazebo/share/smart_agent_gazebo/models/BMWCart/meshes\n'}
[1.334779] (smart_agent_gazebo) StdoutLine: {'line': b'symbolically linking /home/test/wf3/gazebo/agentsd_ws/build/smart_agent_gazebo/models/BMWCart/meshes/Cart_BMW.mtl -> /home/test/wf3/gazebo/agentsd_ws/install/smart_agent_gazebo/share/smart_agent_gazebo/models/BMWCart/meshes\n'}
[1.334883] (smart_agent_gazebo) StdoutLine: {'line': b'symbolically linking /home/test/wf3/gazebo/agentsd_ws/build/smart_agent_gazebo/models/BMWCart/meshes/Carts_Wheels_Diffuse.png -> /home/test/wf3/gazebo/agentsd_ws/install/smart_agent_gazebo/share/smart_agent_gazebo/models/BMWCart/meshes\n'}
[1.334984] (smart_agent_gazebo) StdoutLine: {'line': b'symbolically linking /home/test/wf3/gazebo/agentsd_ws/build/smart_agent_gazebo/models/BMWCart/meshes/Cart_BMW.obj -> /home/test/wf3/gazebo/agentsd_ws/install/smart_agent_gazebo/share/smart_agent_gazebo/models/BMWCart/meshes\n'}
[1.335087] (smart_agent_gazebo) StdoutLine: {'line': b'symbolically linking /home/test/wf3/gazebo/agentsd_ws/build/smart_agent_gazebo/models/BMWCart/meshes/Cart_BMW_SpecGloss.png -> /home/test/wf3/gazebo/agentsd_ws/install/smart_agent_gazebo/share/smart_agent_gazebo/models/BMWCart/meshes\n'}
[1.335186] (smart_agent_gazebo) StdoutLine: {'line': b'symbolically linking /home/test/wf3/gazebo/agentsd_ws/build/smart_agent_gazebo/models/BMWCart/meshes/Cart_BMW_Normal.png -> /home/test/wf3/gazebo/agentsd_ws/install/smart_agent_gazebo/share/smart_agent_gazebo/models/BMWCart/meshes\n'}
[1.335285] (smart_agent_gazebo) StdoutLine: {'line': b'creating /home/test/wf3/gazebo/agentsd_ws/install/smart_agent_gazebo/share/smart_agent_gazebo/models/aws_robomaker_residential_PortraitA_01\n'}
[1.335435] (smart_agent_gazebo) StdoutLine: {'line': b'symbolically linking /home/test/wf3/gazebo/agentsd_ws/build/smart_agent_gazebo/models/aws_robomaker_residential_PortraitA_01/model.config -> /home/test/wf3/gazebo/agentsd_ws/install/smart_agent_gazebo/share/smart_agent_gazebo/models/aws_robomaker_residential_PortraitA_01\n'}
[1.335542] (smart_agent_gazebo) StdoutLine: {'line': b'symbolically linking /home/test/wf3/gazebo/agentsd_ws/build/smart_agent_gazebo/models/aws_robomaker_residential_PortraitA_01/model.sdf -> /home/test/wf3/gazebo/agentsd_ws/install/smart_agent_gazebo/share/smart_agent_gazebo/models/aws_robomaker_residential_PortraitA_01\n'}
[1.335654] (smart_agent_gazebo) StdoutLine: {'line': b'creating /home/test/wf3/gazebo/agentsd_ws/install/smart_agent_gazebo/share/smart_agent_gazebo/models/aws_robomaker_residential_PortraitA_01/materials\n'}
[1.335828] (smart_agent_gazebo) StdoutLine: {'line': b'creating /home/test/wf3/gazebo/agentsd_ws/install/smart_agent_gazebo/share/smart_agent_gazebo/models/aws_robomaker_residential_PortraitA_01/materials/textures\n'}
[1.335932] (smart_agent_gazebo) StdoutLine: {'line': b'symbolically linking /home/test/wf3/gazebo/agentsd_ws/build/smart_agent_gazebo/models/aws_robomaker_residential_PortraitA_01/materials/textures/aws_PortraitA_02.png -> /home/test/wf3/gazebo/agentsd_ws/install/smart_agent_gazebo/share/smart_agent_gazebo/models/aws_robomaker_residential_PortraitA_01/materials/textures\n'}
[1.336035] (smart_agent_gazebo) StdoutLine: {'line': b'symbolically linking /home/test/wf3/gazebo/agentsd_ws/build/smart_agent_gazebo/models/aws_robomaker_residential_PortraitA_01/materials/textures/aws_PortraitA_01.png -> /home/test/wf3/gazebo/agentsd_ws/install/smart_agent_gazebo/share/smart_agent_gazebo/models/aws_robomaker_residential_PortraitA_01/materials/textures\n'}
[1.336139] (smart_agent_gazebo) StdoutLine: {'line': b'creating /home/test/wf3/gazebo/agentsd_ws/install/smart_agent_gazebo/share/smart_agent_gazebo/models/aws_robomaker_residential_PortraitA_01/meshes\n'}
[1.336239] (smart_agent_gazebo) StdoutLine: {'line': b'symbolically linking /home/test/wf3/gazebo/agentsd_ws/build/smart_agent_gazebo/models/aws_robomaker_residential_PortraitA_01/meshes/aws_PortraitA_01_collision.DAE -> /home/test/wf3/gazebo/agentsd_ws/install/smart_agent_gazebo/share/smart_agent_gazebo/models/aws_robomaker_residential_PortraitA_01/meshes\n'}
[1.336354] (smart_agent_gazebo) StdoutLine: {'line': b'symbolically linking /home/test/wf3/gazebo/agentsd_ws/build/smart_agent_gazebo/models/aws_robomaker_residential_PortraitA_01/meshes/aws_PortraitA_01_visual.DAE -> /home/test/wf3/gazebo/agentsd_ws/install/smart_agent_gazebo/share/smart_agent_gazebo/models/aws_robomaker_residential_PortraitA_01/meshes\n'}
[1.336457] (smart_agent_gazebo) StdoutLine: {'line': b'creating /home/test/wf3/gazebo/agentsd_ws/install/smart_agent_gazebo/share/smart_agent_gazebo/models/aws_robomaker_hospital_nursesstation_01\n'}
[1.336557] (smart_agent_gazebo) StdoutLine: {'line': b'symbolically linking /home/test/wf3/gazebo/agentsd_ws/build/smart_agent_gazebo/models/aws_robomaker_hospital_nursesstation_01/model.config -> /home/test/wf3/gazebo/agentsd_ws/install/smart_agent_gazebo/share/smart_agent_gazebo/models/aws_robomaker_hospital_nursesstation_01\n'}
[1.336659] (smart_agent_gazebo) StdoutLine: {'line': b'symbolically linking /home/test/wf3/gazebo/agentsd_ws/build/smart_agent_gazebo/models/aws_robomaker_hospital_nursesstation_01/aws_robomaker_hospital_nursesstation_01_visual_normal.png -> /home/test/wf3/gazebo/agentsd_ws/install/smart_agent_gazebo/share/smart_agent_gazebo/models/aws_robomaker_hospital_nursesstation_01\n'}
[1.336763] (smart_agent_gazebo) StdoutLine: {'line': b'symbolically linking /home/test/wf3/gazebo/agentsd_ws/build/smart_agent_gazebo/models/aws_robomaker_hospital_nursesstation_01/model.sdf -> /home/test/wf3/gazebo/agentsd_ws/install/smart_agent_gazebo/share/smart_agent_gazebo/models/aws_robomaker_hospital_nursesstation_01\n'}
[1.336864] (smart_agent_gazebo) StdoutLine: {'line': b'symbolically linking /home/test/wf3/gazebo/agentsd_ws/build/smart_agent_gazebo/models/aws_robomaker_hospital_nursesstation_01/aws_robomaker_hospital_nursesstation_01_low.png -> /home/test/wf3/gazebo/agentsd_ws/install/smart_agent_gazebo/share/smart_agent_gazebo/models/aws_robomaker_hospital_nursesstation_01\n'}
[1.336967] (smart_agent_gazebo) StdoutLine: {'line': b'symbolically linking /home/test/wf3/gazebo/agentsd_ws/build/smart_agent_gazebo/models/aws_robomaker_hospital_nursesstation_01/aws_robomaker_hospital_nursesstation_01_low_normal.png -> /home/test/wf3/gazebo/agentsd_ws/install/smart_agent_gazebo/share/smart_agent_gazebo/models/aws_robomaker_hospital_nursesstation_01\n'}
[1.337070] (smart_agent_gazebo) StdoutLine: {'line': b'symbolically linking /home/test/wf3/gazebo/agentsd_ws/build/smart_agent_gazebo/models/aws_robomaker_hospital_nursesstation_01/aws_robomaker_hospital_nursesstation_01_visual.png -> /home/test/wf3/gazebo/agentsd_ws/install/smart_agent_gazebo/share/smart_agent_gazebo/models/aws_robomaker_hospital_nursesstation_01\n'}
[1.337288] (smart_agent_gazebo) StdoutLine: {'line': b'creating /home/test/wf3/gazebo/agentsd_ws/install/smart_agent_gazebo/share/smart_agent_gazebo/models/aws_robomaker_hospital_nursesstation_01/meshes\n'}
[1.337393] (smart_agent_gazebo) StdoutLine: {'line': b'symbolically linking /home/test/wf3/gazebo/agentsd_ws/build/smart_agent_gazebo/models/aws_robomaker_hospital_nursesstation_01/meshes/aws_robomaker_hospital_nursesstation_01_low.dae -> /home/test/wf3/gazebo/agentsd_ws/install/smart_agent_gazebo/share/smart_agent_gazebo/models/aws_robomaker_hospital_nursesstation_01/meshes\n'}
[1.337493] (smart_agent_gazebo) StdoutLine: {'line': b'symbolically linking /home/test/wf3/gazebo/agentsd_ws/build/smart_agent_gazebo/models/aws_robomaker_hospital_nursesstation_01/meshes/aws_robomaker_hospital_nursesstation_01_visual.dae -> /home/test/wf3/gazebo/agentsd_ws/install/smart_agent_gazebo/share/smart_agent_gazebo/models/aws_robomaker_hospital_nursesstation_01/meshes\n'}
[1.337593] (smart_agent_gazebo) StdoutLine: {'line': b'symbolically linking /home/test/wf3/gazebo/agentsd_ws/build/smart_agent_gazebo/models/aws_robomaker_hospital_nursesstation_01/meshes/aws_robomaker_hospital_nursesstation_01_visual_normal.png -> /home/test/wf3/gazebo/agentsd_ws/install/smart_agent_gazebo/share/smart_agent_gazebo/models/aws_robomaker_hospital_nursesstation_01/meshes\n'}
[1.337694] (smart_agent_gazebo) StdoutLine: {'line': b'symbolically linking /home/test/wf3/gazebo/agentsd_ws/build/smart_agent_gazebo/models/aws_robomaker_hospital_nursesstation_01/meshes/aws_robomaker_hospital_nursesstation_01_collision.dae -> /home/test/wf3/gazebo/agentsd_ws/install/smart_agent_gazebo/share/smart_agent_gazebo/models/aws_robomaker_hospital_nursesstation_01/meshes\n'}
[1.337793] (smart_agent_gazebo) StdoutLine: {'line': b'symbolically linking /home/test/wf3/gazebo/agentsd_ws/build/smart_agent_gazebo/models/aws_robomaker_hospital_nursesstation_01/meshes/aws_robomaker_hospital_nursesstation_01_low.png -> /home/test/wf3/gazebo/agentsd_ws/install/smart_agent_gazebo/share/smart_agent_gazebo/models/aws_robomaker_hospital_nursesstation_01/meshes\n'}
[1.337944] (smart_agent_gazebo) StdoutLine: {'line': b'symbolically linking /home/test/wf3/gazebo/agentsd_ws/build/smart_agent_gazebo/models/aws_robomaker_hospital_nursesstation_01/meshes/aws_robomaker_hospital_nursesstation_01_low_normal.png -> /home/test/wf3/gazebo/agentsd_ws/install/smart_agent_gazebo/share/smart_agent_gazebo/models/aws_robomaker_hospital_nursesstation_01/meshes\n'}
[1.338049] (smart_agent_gazebo) StdoutLine: {'line': b'symbolically linking /home/test/wf3/gazebo/agentsd_ws/build/smart_agent_gazebo/models/aws_robomaker_hospital_nursesstation_01/meshes/aws_robomaker_hospital_nursesstation_01_visual.png -> /home/test/wf3/gazebo/agentsd_ws/install/smart_agent_gazebo/share/smart_agent_gazebo/models/aws_robomaker_hospital_nursesstation_01/meshes\n'}
[1.338152] (smart_agent_gazebo) StdoutLine: {'line': b'creating /home/test/wf3/gazebo/agentsd_ws/install/smart_agent_gazebo/share/smart_agent_gazebo/models/BedTable\n'}
[1.338251] (smart_agent_gazebo) StdoutLine: {'line': b'symbolically linking /home/test/wf3/gazebo/agentsd_ws/build/smart_agent_gazebo/models/BedTable/model.config -> /home/test/wf3/gazebo/agentsd_ws/install/smart_agent_gazebo/share/smart_agent_gazebo/models/BedTable\n'}
[1.338348] (smart_agent_gazebo) StdoutLine: {'line': b'symbolically linking /home/test/wf3/gazebo/agentsd_ws/build/smart_agent_gazebo/models/BedTable/model.sdf -> /home/test/wf3/gazebo/agentsd_ws/install/smart_agent_gazebo/share/smart_agent_gazebo/models/BedTable\n'}
[1.338451] (smart_agent_gazebo) StdoutLine: {'line': b'creating /home/test/wf3/gazebo/agentsd_ws/install/smart_agent_gazebo/share/smart_agent_gazebo/models/BedTable/thumbnails\n'}
[1.338549] (smart_agent_gazebo) StdoutLine: {'line': b'symbolically linking /home/test/wf3/gazebo/agentsd_ws/build/smart_agent_gazebo/models/BedTable/thumbnails/2.png -> /home/test/wf3/gazebo/agentsd_ws/install/smart_agent_gazebo/share/smart_agent_gazebo/models/BedTable/thumbnails\n'}
[1.338656] (smart_agent_gazebo) StdoutLine: {'line': b'symbolically linking /home/test/wf3/gazebo/agentsd_ws/build/smart_agent_gazebo/models/BedTable/thumbnails/1.png -> /home/test/wf3/gazebo/agentsd_ws/install/smart_agent_gazebo/share/smart_agent_gazebo/models/BedTable/thumbnails\n'}
[1.338755] (smart_agent_gazebo) StdoutLine: {'line': b'symbolically linking /home/test/wf3/gazebo/agentsd_ws/build/smart_agent_gazebo/models/BedTable/thumbnails/4.png -> /home/test/wf3/gazebo/agentsd_ws/install/smart_agent_gazebo/share/smart_agent_gazebo/models/BedTable/thumbnails\n'}
[1.338854] (smart_agent_gazebo) StdoutLine: {'line': b'symbolically linking /home/test/wf3/gazebo/agentsd_ws/build/smart_agent_gazebo/models/BedTable/thumbnails/3.png -> /home/test/wf3/gazebo/agentsd_ws/install/smart_agent_gazebo/share/smart_agent_gazebo/models/BedTable/thumbnails\n'}
[1.339006] (smart_agent_gazebo) StdoutLine: {'line': b'symbolically linking /home/test/wf3/gazebo/agentsd_ws/build/smart_agent_gazebo/models/BedTable/thumbnails/5.png -> /home/test/wf3/gazebo/agentsd_ws/install/smart_agent_gazebo/share/smart_agent_gazebo/models/BedTable/thumbnails\n'}
[1.339106] (smart_agent_gazebo) StdoutLine: {'line': b'creating /home/test/wf3/gazebo/agentsd_ws/install/smart_agent_gazebo/share/smart_agent_gazebo/models/BedTable/meshes\n'}
[1.339207] (smart_agent_gazebo) StdoutLine: {'line': b'symbolically linking /home/test/wf3/gazebo/agentsd_ws/build/smart_agent_gazebo/models/BedTable/meshes/BedTable_Diffuse.png -> /home/test/wf3/gazebo/agentsd_ws/install/smart_agent_gazebo/share/smart_agent_gazebo/models/BedTable/meshes\n'}
[1.339307] (smart_agent_gazebo) StdoutLine: {'line': b'symbolically linking /home/test/wf3/gazebo/agentsd_ws/build/smart_agent_gazebo/models/BedTable/meshes/BedTable_SpecGloss.png -> /home/test/wf3/gazebo/agentsd_ws/install/smart_agent_gazebo/share/smart_agent_gazebo/models/BedTable/meshes\n'}
[1.339410] (smart_agent_gazebo) StdoutLine: {'line': b'symbolically linking /home/test/wf3/gazebo/agentsd_ws/build/smart_agent_gazebo/models/BedTable/meshes/BedTable_Col.obj -> /home/test/wf3/gazebo/agentsd_ws/install/smart_agent_gazebo/share/smart_agent_gazebo/models/BedTable/meshes\n'}
[1.339509] (smart_agent_gazebo) StdoutLine: {'line': b'symbolically linking /home/test/wf3/gazebo/agentsd_ws/build/smart_agent_gazebo/models/BedTable/meshes/BedTable_Col.mtl -> /home/test/wf3/gazebo/agentsd_ws/install/smart_agent_gazebo/share/smart_agent_gazebo/models/BedTable/meshes\n'}
[1.339753] (smart_agent_gazebo) StdoutLine: {'line': b'symbolically linking /home/test/wf3/gazebo/agentsd_ws/build/smart_agent_gazebo/models/BedTable/meshes/BedTable.mtl -> /home/test/wf3/gazebo/agentsd_ws/install/smart_agent_gazebo/share/smart_agent_gazebo/models/BedTable/meshes\n'}
[1.339861] (smart_agent_gazebo) StdoutLine: {'line': b'symbolically linking /home/test/wf3/gazebo/agentsd_ws/build/smart_agent_gazebo/models/BedTable/meshes/BedTable_Normal.png -> /home/test/wf3/gazebo/agentsd_ws/install/smart_agent_gazebo/share/smart_agent_gazebo/models/BedTable/meshes\n'}
[1.339975] (smart_agent_gazebo) StdoutLine: {'line': b'symbolically linking /home/test/wf3/gazebo/agentsd_ws/build/smart_agent_gazebo/models/BedTable/meshes/BedTable.obj -> /home/test/wf3/gazebo/agentsd_ws/install/smart_agent_gazebo/share/smart_agent_gazebo/models/BedTable/meshes\n'}
[1.340077] (smart_agent_gazebo) StdoutLine: {'line': b'symbolically linking /home/test/wf3/gazebo/agentsd_ws/build/smart_agent_gazebo/models/BedTable/meshes/BedTable.png -> /home/test/wf3/gazebo/agentsd_ws/install/smart_agent_gazebo/share/smart_agent_gazebo/models/BedTable/meshes\n'}
[1.340176] (smart_agent_gazebo) StdoutLine: {'line': b'creating /home/test/wf3/gazebo/agentsd_ws/install/smart_agent_gazebo/share/smart_agent_gazebo/models/aws_robomaker_residential_FitnessEquipment_01\n'}
[1.340276] (smart_agent_gazebo) StdoutLine: {'line': b'symbolically linking /home/test/wf3/gazebo/agentsd_ws/build/smart_agent_gazebo/models/aws_robomaker_residential_FitnessEquipment_01/model.config -> /home/test/wf3/gazebo/agentsd_ws/install/smart_agent_gazebo/share/smart_agent_gazebo/models/aws_robomaker_residential_FitnessEquipment_01\n'}
[1.340466] (smart_agent_gazebo) StdoutLine: {'line': b'symbolically linking /home/test/wf3/gazebo/agentsd_ws/build/smart_agent_gazebo/models/aws_robomaker_residential_FitnessEquipment_01/model.sdf -> /home/test/wf3/gazebo/agentsd_ws/install/smart_agent_gazebo/share/smart_agent_gazebo/models/aws_robomaker_residential_FitnessEquipment_01\n'}
[1.340569] (smart_agent_gazebo) StdoutLine: {'line': b'creating /home/test/wf3/gazebo/agentsd_ws/install/smart_agent_gazebo/share/smart_agent_gazebo/models/aws_robomaker_residential_FitnessEquipment_01/materials\n'}
[1.340670] (smart_agent_gazebo) StdoutLine: {'line': b'creating /home/test/wf3/gazebo/agentsd_ws/install/smart_agent_gazebo/share/smart_agent_gazebo/models/aws_robomaker_residential_FitnessEquipment_01/materials/textures\n'}
[1.340768] (smart_agent_gazebo) StdoutLine: {'line': b'symbolically linking /home/test/wf3/gazebo/agentsd_ws/build/smart_agent_gazebo/models/aws_robomaker_residential_FitnessEquipment_01/materials/textures/aws_FitnessEquipment_01.png -> /home/test/wf3/gazebo/agentsd_ws/install/smart_agent_gazebo/share/smart_agent_gazebo/models/aws_robomaker_residential_FitnessEquipment_01/materials/textures\n'}
[1.340871] (smart_agent_gazebo) StdoutLine: {'line': b'creating /home/test/wf3/gazebo/agentsd_ws/install/smart_agent_gazebo/share/smart_agent_gazebo/models/aws_robomaker_residential_FitnessEquipment_01/meshes\n'}
[1.340973] (smart_agent_gazebo) StdoutLine: {'line': b'symbolically linking /home/test/wf3/gazebo/agentsd_ws/build/smart_agent_gazebo/models/aws_robomaker_residential_FitnessEquipment_01/meshes/aws_FitnessEquipment_01_visual.DAE -> /home/test/wf3/gazebo/agentsd_ws/install/smart_agent_gazebo/share/smart_agent_gazebo/models/aws_robomaker_residential_FitnessEquipment_01/meshes\n'}
[1.341152] (smart_agent_gazebo) StdoutLine: {'line': b'symbolically linking /home/test/wf3/gazebo/agentsd_ws/build/smart_agent_gazebo/models/aws_robomaker_residential_FitnessEquipment_01/meshes/aws_FitnessEquipment_01_collision.DAE -> /home/test/wf3/gazebo/agentsd_ws/install/smart_agent_gazebo/share/smart_agent_gazebo/models/aws_robomaker_residential_FitnessEquipment_01/meshes\n'}
[1.341258] (smart_agent_gazebo) StdoutLine: {'line': b'creating /home/test/wf3/gazebo/agentsd_ws/install/smart_agent_gazebo/share/smart_agent_gazebo/models/aws_robomaker_residential_DeskPortraitD_03\n'}
[1.341360] (smart_agent_gazebo) StdoutLine: {'line': b'symbolically linking /home/test/wf3/gazebo/agentsd_ws/build/smart_agent_gazebo/models/aws_robomaker_residential_DeskPortraitD_03/model.config -> /home/test/wf3/gazebo/agentsd_ws/install/smart_agent_gazebo/share/smart_agent_gazebo/models/aws_robomaker_residential_DeskPortraitD_03\n'}
[1.341460] (smart_agent_gazebo) StdoutLine: {'line': b'symbolically linking /home/test/wf3/gazebo/agentsd_ws/build/smart_agent_gazebo/models/aws_robomaker_residential_DeskPortraitD_03/model.sdf -> /home/test/wf3/gazebo/agentsd_ws/install/smart_agent_gazebo/share/smart_agent_gazebo/models/aws_robomaker_residential_DeskPortraitD_03\n'}
[1.341560] (smart_agent_gazebo) StdoutLine: {'line': b'creating /home/test/wf3/gazebo/agentsd_ws/install/smart_agent_gazebo/share/smart_agent_gazebo/models/aws_robomaker_residential_DeskPortraitD_03/materials\n'}
[1.341657] (smart_agent_gazebo) StdoutLine: {'line': b'creating /home/test/wf3/gazebo/agentsd_ws/install/smart_agent_gazebo/share/smart_agent_gazebo/models/aws_robomaker_residential_DeskPortraitD_03/materials/textures\n'}
[1.341754] (smart_agent_gazebo) StdoutLine: {'line': b'symbolically linking /home/test/wf3/gazebo/agentsd_ws/build/smart_agent_gazebo/models/aws_robomaker_residential_DeskPortraitD_03/materials/textures/aws_DeskPortraitD_02.png -> /home/test/wf3/gazebo/agentsd_ws/install/smart_agent_gazebo/share/smart_agent_gazebo/models/aws_robomaker_residential_DeskPortraitD_03/materials/textures\n'}
[1.341911] (smart_agent_gazebo) StdoutLine: {'line': b'symbolically linking /home/test/wf3/gazebo/agentsd_ws/build/smart_agent_gazebo/models/aws_robomaker_residential_DeskPortraitD_03/materials/textures/aws_DeskPortraitD_01.png -> /home/test/wf3/gazebo/agentsd_ws/install/smart_agent_gazebo/share/smart_agent_gazebo/models/aws_robomaker_residential_DeskPortraitD_03/materials/textures\n'}
[1.342012] (smart_agent_gazebo) StdoutLine: {'line': b'creating /home/test/wf3/gazebo/agentsd_ws/install/smart_agent_gazebo/share/smart_agent_gazebo/models/aws_robomaker_residential_DeskPortraitD_03/meshes\n'}
[1.342114] (smart_agent_gazebo) StdoutLine: {'line': b'symbolically linking /home/test/wf3/gazebo/agentsd_ws/build/smart_agent_gazebo/models/aws_robomaker_residential_DeskPortraitD_03/meshes/aws_DeskPortraitD_01_visual.DAE -> /home/test/wf3/gazebo/agentsd_ws/install/smart_agent_gazebo/share/smart_agent_gazebo/models/aws_robomaker_residential_DeskPortraitD_03/meshes\n'}
[1.342211] (smart_agent_gazebo) StdoutLine: {'line': b'symbolically linking /home/test/wf3/gazebo/agentsd_ws/build/smart_agent_gazebo/models/aws_robomaker_residential_DeskPortraitD_03/meshes/aws_DeskPortraitD_01_collision.DAE -> /home/test/wf3/gazebo/agentsd_ws/install/smart_agent_gazebo/share/smart_agent_gazebo/models/aws_robomaker_residential_DeskPortraitD_03/meshes\n'}
[1.342311] (smart_agent_gazebo) StdoutLine: {'line': b'creating /home/test/wf3/gazebo/agentsd_ws/install/smart_agent_gazebo/share/smart_agent_gazebo/models/aws_robomaker_hospital_floor_02_walls\n'}
[1.342409] (smart_agent_gazebo) StdoutLine: {'line': b'symbolically linking /home/test/wf3/gazebo/agentsd_ws/build/smart_agent_gazebo/models/aws_robomaker_hospital_floor_02_walls/model.config -> /home/test/wf3/gazebo/agentsd_ws/install/smart_agent_gazebo/share/smart_agent_gazebo/models/aws_robomaker_hospital_floor_02_walls\n'}
[1.342509] (smart_agent_gazebo) StdoutLine: {'line': b'symbolically linking /home/test/wf3/gazebo/agentsd_ws/build/smart_agent_gazebo/models/aws_robomaker_hospital_floor_02_walls/model.sdf -> /home/test/wf3/gazebo/agentsd_ws/install/smart_agent_gazebo/share/smart_agent_gazebo/models/aws_robomaker_hospital_floor_02_walls\n'}
[1.342609] (smart_agent_gazebo) StdoutLine: {'line': b'creating /home/test/wf3/gazebo/agentsd_ws/install/smart_agent_gazebo/share/smart_agent_gazebo/models/aws_robomaker_hospital_floor_02_walls/meshes\n'}
[1.342706] (smart_agent_gazebo) StdoutLine: {'line': b'symbolically linking /home/test/wf3/gazebo/agentsd_ws/build/smart_agent_gazebo/models/aws_robomaker_hospital_floor_02_walls/meshes/aws_robomaker_hospital_floor_02_stairs.png -> /home/test/wf3/gazebo/agentsd_ws/install/smart_agent_gazebo/share/smart_agent_gazebo/models/aws_robomaker_hospital_floor_02_walls/meshes\n'}
[1.342806] (smart_agent_gazebo) StdoutLine: {'line': b'symbolically linking /home/test/wf3/gazebo/agentsd_ws/build/smart_agent_gazebo/models/aws_robomaker_hospital_floor_02_walls/meshes/aws_robomaker_hospital_floor_02_handrail.png -> /home/test/wf3/gazebo/agentsd_ws/install/smart_agent_gazebo/share/smart_agent_gazebo/models/aws_robomaker_hospital_floor_02_walls/meshes\n'}
[1.343044] (smart_agent_gazebo) StdoutLine: {'line': b'symbolically linking /home/test/wf3/gazebo/agentsd_ws/build/smart_agent_gazebo/models/aws_robomaker_hospital_floor_02_walls/meshes/aws_robomaker_hospital_floor_02_walls_collision.dae -> /home/test/wf3/gazebo/agentsd_ws/install/smart_agent_gazebo/share/smart_agent_gazebo/models/aws_robomaker_hospital_floor_02_walls/meshes\n'}
[1.343147] (smart_agent_gazebo) StdoutLine: {'line': b'symbolically linking /home/test/wf3/gazebo/agentsd_ws/build/smart_agent_gazebo/models/aws_robomaker_hospital_floor_02_walls/meshes/aws_robomaker_hospital_floor_02_doorframes_small.png -> /home/test/wf3/gazebo/agentsd_ws/install/smart_agent_gazebo/share/smart_agent_gazebo/models/aws_robomaker_hospital_floor_02_walls/meshes\n'}
[1.343247] (smart_agent_gazebo) StdoutLine: {'line': b'symbolically linking /home/test/wf3/gazebo/agentsd_ws/build/smart_agent_gazebo/models/aws_robomaker_hospital_floor_02_walls/meshes/aws_robomaker_hospital_floor_02_bumprail.png -> /home/test/wf3/gazebo/agentsd_ws/install/smart_agent_gazebo/share/smart_agent_gazebo/models/aws_robomaker_hospital_floor_02_walls/meshes\n'}
[1.343402] (smart_agent_gazebo) StdoutLine: {'line': b'symbolically linking /home/test/wf3/gazebo/agentsd_ws/build/smart_agent_gazebo/models/aws_robomaker_hospital_floor_02_walls/meshes/aws_robomaker_hospital_floor_02_doorsign.png -> /home/test/wf3/gazebo/agentsd_ws/install/smart_agent_gazebo/share/smart_agent_gazebo/models/aws_robomaker_hospital_floor_02_walls/meshes\n'}
[1.343541] (smart_agent_gazebo) StdoutLine: {'line': b'symbolically linking /home/test/wf3/gazebo/agentsd_ws/build/smart_agent_gazebo/models/aws_robomaker_hospital_floor_02_walls/meshes/aws_robomaker_hospital_floor_02_walls_visual.dae -> /home/test/wf3/gazebo/agentsd_ws/install/smart_agent_gazebo/share/smart_agent_gazebo/models/aws_robomaker_hospital_floor_02_walls/meshes\n'}
[1.343655] (smart_agent_gazebo) StdoutLine: {'line': b'symbolically linking /home/test/wf3/gazebo/agentsd_ws/build/smart_agent_gazebo/models/aws_robomaker_hospital_floor_02_walls/meshes/aws_robomaker_hospital_floor_02_doorframes_big.png -> /home/test/wf3/gazebo/agentsd_ws/install/smart_agent_gazebo/share/smart_agent_gazebo/models/aws_robomaker_hospital_floor_02_walls/meshes\n'}
[1.343755] (smart_agent_gazebo) StdoutLine: {'line': b'symbolically linking /home/test/wf3/gazebo/agentsd_ws/build/smart_agent_gazebo/models/aws_robomaker_hospital_floor_02_walls/meshes/aws_robomaker_hospital_floor_02_windows.png -> /home/test/wf3/gazebo/agentsd_ws/install/smart_agent_gazebo/share/smart_agent_gazebo/models/aws_robomaker_hospital_floor_02_walls/meshes\n'}
[1.343854] (smart_agent_gazebo) StdoutLine: {'line': b'symbolically linking /home/test/wf3/gazebo/agentsd_ws/build/smart_agent_gazebo/models/aws_robomaker_hospital_floor_02_walls/meshes/aws_robomaker_hospital_floor_02_walls.png -> /home/test/wf3/gazebo/agentsd_ws/install/smart_agent_gazebo/share/smart_agent_gazebo/models/aws_robomaker_hospital_floor_02_walls/meshes\n'}
[1.343956] (smart_agent_gazebo) StdoutLine: {'line': b'creating /home/test/wf3/gazebo/agentsd_ws/install/smart_agent_gazebo/share/smart_agent_gazebo/models/aws_robomaker_residential_CoffeeTable_01\n'}
[1.344054] (smart_agent_gazebo) StdoutLine: {'line': b'symbolically linking /home/test/wf3/gazebo/agentsd_ws/build/smart_agent_gazebo/models/aws_robomaker_residential_CoffeeTable_01/model.config -> /home/test/wf3/gazebo/agentsd_ws/install/smart_agent_gazebo/share/smart_agent_gazebo/models/aws_robomaker_residential_CoffeeTable_01\n'}
[1.344154] (smart_agent_gazebo) StdoutLine: {'line': b'symbolically linking /home/test/wf3/gazebo/agentsd_ws/build/smart_agent_gazebo/models/aws_robomaker_residential_CoffeeTable_01/model.sdf -> /home/test/wf3/gazebo/agentsd_ws/install/smart_agent_gazebo/share/smart_agent_gazebo/models/aws_robomaker_residential_CoffeeTable_01\n'}
[1.344251] (smart_agent_gazebo) StdoutLine: {'line': b'creating /home/test/wf3/gazebo/agentsd_ws/install/smart_agent_gazebo/share/smart_agent_gazebo/models/aws_robomaker_residential_CoffeeTable_01/materials\n'}
[1.344350] (smart_agent_gazebo) StdoutLine: {'line': b'creating /home/test/wf3/gazebo/agentsd_ws/install/smart_agent_gazebo/share/smart_agent_gazebo/models/aws_robomaker_residential_CoffeeTable_01/materials/textures\n'}
[1.344449] (smart_agent_gazebo) StdoutLine: {'line': b'symbolically linking /home/test/wf3/gazebo/agentsd_ws/build/smart_agent_gazebo/models/aws_robomaker_residential_CoffeeTable_01/materials/textures/aws_CoffeeTable_01.png -> /home/test/wf3/gazebo/agentsd_ws/install/smart_agent_gazebo/share/smart_agent_gazebo/models/aws_robomaker_residential_CoffeeTable_01/materials/textures\n'}
[1.344549] (smart_agent_gazebo) StdoutLine: {'line': b'creating /home/test/wf3/gazebo/agentsd_ws/install/smart_agent_gazebo/share/smart_agent_gazebo/models/aws_robomaker_residential_CoffeeTable_01/meshes\n'}
[1.344668] (smart_agent_gazebo) StdoutLine: {'line': b'symbolically linking /home/test/wf3/gazebo/agentsd_ws/build/smart_agent_gazebo/models/aws_robomaker_residential_CoffeeTable_01/meshes/aws_CoffeeTable_01_collision.DAE -> /home/test/wf3/gazebo/agentsd_ws/install/smart_agent_gazebo/share/smart_agent_gazebo/models/aws_robomaker_residential_CoffeeTable_01/meshes\n'}
[1.344813] (smart_agent_gazebo) StdoutLine: {'line': b'symbolically linking /home/test/wf3/gazebo/agentsd_ws/build/smart_agent_gazebo/models/aws_robomaker_residential_CoffeeTable_01/meshes/aws_CoffeeTable_01_visual.DAE -> /home/test/wf3/gazebo/agentsd_ws/install/smart_agent_gazebo/share/smart_agent_gazebo/models/aws_robomaker_residential_CoffeeTable_01/meshes\n'}
[1.344915] (smart_agent_gazebo) StdoutLine: {'line': b'creating /home/test/wf3/gazebo/agentsd_ws/install/smart_agent_gazebo/share/smart_agent_gazebo/models/MetalCabinet\n'}
[1.345015] (smart_agent_gazebo) StdoutLine: {'line': b'symbolically linking /home/test/wf3/gazebo/agentsd_ws/build/smart_agent_gazebo/models/MetalCabinet/model.config -> /home/test/wf3/gazebo/agentsd_ws/install/smart_agent_gazebo/share/smart_agent_gazebo/models/MetalCabinet\n'}
[1.345114] (smart_agent_gazebo) StdoutLine: {'line': b'symbolically linking /home/test/wf3/gazebo/agentsd_ws/build/smart_agent_gazebo/models/MetalCabinet/model.sdf -> /home/test/wf3/gazebo/agentsd_ws/install/smart_agent_gazebo/share/smart_agent_gazebo/models/MetalCabinet\n'}
[1.345228] (smart_agent_gazebo) StdoutLine: {'line': b'creating /home/test/wf3/gazebo/agentsd_ws/install/smart_agent_gazebo/share/smart_agent_gazebo/models/MetalCabinet/thumbnails\n'}
[1.345329] (smart_agent_gazebo) StdoutLine: {'line': b'symbolically linking /home/test/wf3/gazebo/agentsd_ws/build/smart_agent_gazebo/models/MetalCabinet/thumbnails/2.png -> /home/test/wf3/gazebo/agentsd_ws/install/smart_agent_gazebo/share/smart_agent_gazebo/models/MetalCabinet/thumbnails\n'}
[1.345430] (smart_agent_gazebo) StdoutLine: {'line': b'symbolically linking /home/test/wf3/gazebo/agentsd_ws/build/smart_agent_gazebo/models/MetalCabinet/thumbnails/1.png -> /home/test/wf3/gazebo/agentsd_ws/install/smart_agent_gazebo/share/smart_agent_gazebo/models/MetalCabinet/thumbnails\n'}
[1.345531] (smart_agent_gazebo) StdoutLine: {'line': b'symbolically linking /home/test/wf3/gazebo/agentsd_ws/build/smart_agent_gazebo/models/MetalCabinet/thumbnails/4.png -> /home/test/wf3/gazebo/agentsd_ws/install/smart_agent_gazebo/share/smart_agent_gazebo/models/MetalCabinet/thumbnails\n'}
[1.345632] (smart_agent_gazebo) StdoutLine: {'line': b'symbolically linking /home/test/wf3/gazebo/agentsd_ws/build/smart_agent_gazebo/models/MetalCabinet/thumbnails/3.png -> /home/test/wf3/gazebo/agentsd_ws/install/smart_agent_gazebo/share/smart_agent_gazebo/models/MetalCabinet/thumbnails\n'}
[1.345733] (smart_agent_gazebo) StdoutLine: {'line': b'symbolically linking /home/test/wf3/gazebo/agentsd_ws/build/smart_agent_gazebo/models/MetalCabinet/thumbnails/5.png -> /home/test/wf3/gazebo/agentsd_ws/install/smart_agent_gazebo/share/smart_agent_gazebo/models/MetalCabinet/thumbnails\n'}
[1.345832] (smart_agent_gazebo) StdoutLine: {'line': b'creating /home/test/wf3/gazebo/agentsd_ws/install/smart_agent_gazebo/share/smart_agent_gazebo/models/MetalCabinet/meshes\n'}
[1.345933] (smart_agent_gazebo) StdoutLine: {'line': b'symbolically linking /home/test/wf3/gazebo/agentsd_ws/build/smart_agent_gazebo/models/MetalCabinet/meshes/MetalCabinet.png -> /home/test/wf3/gazebo/agentsd_ws/install/smart_agent_gazebo/share/smart_agent_gazebo/models/MetalCabinet/meshes\n'}
[1.346034] (smart_agent_gazebo) StdoutLine: {'line': b'symbolically linking /home/test/wf3/gazebo/agentsd_ws/build/smart_agent_gazebo/models/MetalCabinet/meshes/MetalCabinet.mtl -> /home/test/wf3/gazebo/agentsd_ws/install/smart_agent_gazebo/share/smart_agent_gazebo/models/MetalCabinet/meshes\n'}
[1.346133] (smart_agent_gazebo) StdoutLine: {'line': b'symbolically linking /home/test/wf3/gazebo/agentsd_ws/build/smart_agent_gazebo/models/MetalCabinet/meshes/MetalCabinet.obj -> /home/test/wf3/gazebo/agentsd_ws/install/smart_agent_gazebo/share/smart_agent_gazebo/models/MetalCabinet/meshes\n'}
[1.346232] (smart_agent_gazebo) StdoutLine: {'line': b'creating /home/test/wf3/gazebo/agentsd_ws/install/smart_agent_gazebo/share/smart_agent_gazebo/models/CGMClassic\n'}
[1.346422] (smart_agent_gazebo) StdoutLine: {'line': b'symbolically linking /home/test/wf3/gazebo/agentsd_ws/build/smart_agent_gazebo/models/CGMClassic/model.config -> /home/test/wf3/gazebo/agentsd_ws/install/smart_agent_gazebo/share/smart_agent_gazebo/models/CGMClassic\n'}
[1.346521] (smart_agent_gazebo) StdoutLine: {'line': b'symbolically linking /home/test/wf3/gazebo/agentsd_ws/build/smart_agent_gazebo/models/CGMClassic/model.sdf -> /home/test/wf3/gazebo/agentsd_ws/install/smart_agent_gazebo/share/smart_agent_gazebo/models/CGMClassic\n'}
[1.346621] (smart_agent_gazebo) StdoutLine: {'line': b'creating /home/test/wf3/gazebo/agentsd_ws/install/smart_agent_gazebo/share/smart_agent_gazebo/models/CGMClassic/thumbnails\n'}
[1.346720] (smart_agent_gazebo) StdoutLine: {'line': b'symbolically linking /home/test/wf3/gazebo/agentsd_ws/build/smart_agent_gazebo/models/CGMClassic/thumbnails/2.png -> /home/test/wf3/gazebo/agentsd_ws/install/smart_agent_gazebo/share/smart_agent_gazebo/models/CGMClassic/thumbnails\n'}
[1.346920] (smart_agent_gazebo) StdoutLine: {'line': b'symbolically linking /home/test/wf3/gazebo/agentsd_ws/build/smart_agent_gazebo/models/CGMClassic/thumbnails/1.png -> /home/test/wf3/gazebo/agentsd_ws/install/smart_agent_gazebo/share/smart_agent_gazebo/models/CGMClassic/thumbnails\n'}
[1.347022] (smart_agent_gazebo) StdoutLine: {'line': b'symbolically linking /home/test/wf3/gazebo/agentsd_ws/build/smart_agent_gazebo/models/CGMClassic/thumbnails/4.png -> /home/test/wf3/gazebo/agentsd_ws/install/smart_agent_gazebo/share/smart_agent_gazebo/models/CGMClassic/thumbnails\n'}
[1.347123] (smart_agent_gazebo) StdoutLine: {'line': b'symbolically linking /home/test/wf3/gazebo/agentsd_ws/build/smart_agent_gazebo/models/CGMClassic/thumbnails/3.png -> /home/test/wf3/gazebo/agentsd_ws/install/smart_agent_gazebo/share/smart_agent_gazebo/models/CGMClassic/thumbnails\n'}
[1.347223] (smart_agent_gazebo) StdoutLine: {'line': b'symbolically linking /home/test/wf3/gazebo/agentsd_ws/build/smart_agent_gazebo/models/CGMClassic/thumbnails/5.png -> /home/test/wf3/gazebo/agentsd_ws/install/smart_agent_gazebo/share/smart_agent_gazebo/models/CGMClassic/thumbnails\n'}
[1.347335] (smart_agent_gazebo) StdoutLine: {'line': b'creating /home/test/wf3/gazebo/agentsd_ws/install/smart_agent_gazebo/share/smart_agent_gazebo/models/CGMClassic/meshes\n'}
[1.347436] (smart_agent_gazebo) StdoutLine: {'line': b'symbolically linking /home/test/wf3/gazebo/agentsd_ws/build/smart_agent_gazebo/models/CGMClassic/meshes/Wheels_Normal_Normal_Bump.tga -> /home/test/wf3/gazebo/agentsd_ws/install/smart_agent_gazebo/share/smart_agent_gazebo/models/CGMClassic/meshes\n'}
[1.347537] (smart_agent_gazebo) StdoutLine: {'line': b'symbolically linking /home/test/wf3/gazebo/agentsd_ws/build/smart_agent_gazebo/models/CGMClassic/meshes/CGMClassic.mtl -> /home/test/wf3/gazebo/agentsd_ws/install/smart_agent_gazebo/share/smart_agent_gazebo/models/CGMClassic/meshes\n'}
[1.347648] (smart_agent_gazebo) StdoutLine: {'line': b'symbolically linking /home/test/wf3/gazebo/agentsd_ws/build/smart_agent_gazebo/models/CGMClassic/meshes/Carts_Wheels_Diffuse.png -> /home/test/wf3/gazebo/agentsd_ws/install/smart_agent_gazebo/share/smart_agent_gazebo/models/CGMClassic/meshes\n'}
[1.347750] (smart_agent_gazebo) StdoutLine: {'line': b'symbolically linking /home/test/wf3/gazebo/agentsd_ws/build/smart_agent_gazebo/models/CGMClassic/meshes/CGMClassic.obj -> /home/test/wf3/gazebo/agentsd_ws/install/smart_agent_gazebo/share/smart_agent_gazebo/models/CGMClassic/meshes\n'}
[1.347847] (smart_agent_gazebo) StdoutLine: {'line': b'symbolically linking /home/test/wf3/gazebo/agentsd_ws/build/smart_agent_gazebo/models/CGMClassic/meshes/CGMClassic_Diffuse.png -> /home/test/wf3/gazebo/agentsd_ws/install/smart_agent_gazebo/share/smart_agent_gazebo/models/CGMClassic/meshes\n'}
[1.347946] (smart_agent_gazebo) StdoutLine: {'line': b'creating /home/test/wf3/gazebo/agentsd_ws/install/smart_agent_gazebo/share/smart_agent_gazebo/models/aws_robomaker_residential_ReadingDesk_01\n'}
[1.348103] (smart_agent_gazebo) StdoutLine: {'line': b'symbolically linking /home/test/wf3/gazebo/agentsd_ws/build/smart_agent_gazebo/models/aws_robomaker_residential_ReadingDesk_01/model.config -> /home/test/wf3/gazebo/agentsd_ws/install/smart_agent_gazebo/share/smart_agent_gazebo/models/aws_robomaker_residential_ReadingDesk_01\n'}
[1.348203] (smart_agent_gazebo) StdoutLine: {'line': b'symbolically linking /home/test/wf3/gazebo/agentsd_ws/build/smart_agent_gazebo/models/aws_robomaker_residential_ReadingDesk_01/model.sdf -> /home/test/wf3/gazebo/agentsd_ws/install/smart_agent_gazebo/share/smart_agent_gazebo/models/aws_robomaker_residential_ReadingDesk_01\n'}
[1.348300] (smart_agent_gazebo) StdoutLine: {'line': b'creating /home/test/wf3/gazebo/agentsd_ws/install/smart_agent_gazebo/share/smart_agent_gazebo/models/aws_robomaker_residential_ReadingDesk_01/materials\n'}
[1.348398] (smart_agent_gazebo) StdoutLine: {'line': b'creating /home/test/wf3/gazebo/agentsd_ws/install/smart_agent_gazebo/share/smart_agent_gazebo/models/aws_robomaker_residential_ReadingDesk_01/materials/textures\n'}
[1.348495] (smart_agent_gazebo) StdoutLine: {'line': b'symbolically linking /home/test/wf3/gazebo/agentsd_ws/build/smart_agent_gazebo/models/aws_robomaker_residential_ReadingDesk_01/materials/textures/aws_ReadingDesk_01.png -> /home/test/wf3/gazebo/agentsd_ws/install/smart_agent_gazebo/share/smart_agent_gazebo/models/aws_robomaker_residential_ReadingDesk_01/materials/textures\n'}
[1.348595] (smart_agent_gazebo) StdoutLine: {'line': b'creating /home/test/wf3/gazebo/agentsd_ws/install/smart_agent_gazebo/share/smart_agent_gazebo/models/aws_robomaker_residential_ReadingDesk_01/meshes\n'}
[1.348691] (smart_agent_gazebo) StdoutLine: {'line': b'symbolically linking /home/test/wf3/gazebo/agentsd_ws/build/smart_agent_gazebo/models/aws_robomaker_residential_ReadingDesk_01/meshes/aws_ReadingDesk_01_visual.DAE -> /home/test/wf3/gazebo/agentsd_ws/install/smart_agent_gazebo/share/smart_agent_gazebo/models/aws_robomaker_residential_ReadingDesk_01/meshes\n'}
[1.348840] (smart_agent_gazebo) StdoutLine: {'line': b'symbolically linking /home/test/wf3/gazebo/agentsd_ws/build/smart_agent_gazebo/models/aws_robomaker_residential_ReadingDesk_01/meshes/aws_ReadingDesk_01_collision.DAE -> /home/test/wf3/gazebo/agentsd_ws/install/smart_agent_gazebo/share/smart_agent_gazebo/models/aws_robomaker_residential_ReadingDesk_01/meshes\n'}
[1.348941] (smart_agent_gazebo) StdoutLine: {'line': b'creating /home/test/wf3/gazebo/agentsd_ws/install/smart_agent_gazebo/share/smart_agent_gazebo/models/aws_robomaker_residential_Bed_01\n'}
[1.349040] (smart_agent_gazebo) StdoutLine: {'line': b'symbolically linking /home/test/wf3/gazebo/agentsd_ws/build/smart_agent_gazebo/models/aws_robomaker_residential_Bed_01/model.config -> /home/test/wf3/gazebo/agentsd_ws/install/smart_agent_gazebo/share/smart_agent_gazebo/models/aws_robomaker_residential_Bed_01\n'}
[1.349140] (smart_agent_gazebo) StdoutLine: {'line': b'symbolically linking /home/test/wf3/gazebo/agentsd_ws/build/smart_agent_gazebo/models/aws_robomaker_residential_Bed_01/model.sdf -> /home/test/wf3/gazebo/agentsd_ws/install/smart_agent_gazebo/share/smart_agent_gazebo/models/aws_robomaker_residential_Bed_01\n'}
[1.349248] (smart_agent_gazebo) StdoutLine: {'line': b'creating /home/test/wf3/gazebo/agentsd_ws/install/smart_agent_gazebo/share/smart_agent_gazebo/models/aws_robomaker_residential_Bed_01/materials\n'}
[1.349349] (smart_agent_gazebo) StdoutLine: {'line': b'creating /home/test/wf3/gazebo/agentsd_ws/install/smart_agent_gazebo/share/smart_agent_gazebo/models/aws_robomaker_residential_Bed_01/materials/textures\n'}
[1.349447] (smart_agent_gazebo) StdoutLine: {'line': b'symbolically linking /home/test/wf3/gazebo/agentsd_ws/build/smart_agent_gazebo/models/aws_robomaker_residential_Bed_01/materials/textures/aws_BedA_01.png -> /home/test/wf3/gazebo/agentsd_ws/install/smart_agent_gazebo/share/smart_agent_gazebo/models/aws_robomaker_residential_Bed_01/materials/textures\n'}
[1.349564] (smart_agent_gazebo) StdoutLine: {'line': b'symbolically linking /home/test/wf3/gazebo/agentsd_ws/build/smart_agent_gazebo/models/aws_robomaker_residential_Bed_01/materials/textures/aws_BedC_01.png -> /home/test/wf3/gazebo/agentsd_ws/install/smart_agent_gazebo/share/smart_agent_gazebo/models/aws_robomaker_residential_Bed_01/materials/textures\n'}
[1.349664] (smart_agent_gazebo) StdoutLine: {'line': b'symbolically linking /home/test/wf3/gazebo/agentsd_ws/build/smart_agent_gazebo/models/aws_robomaker_residential_Bed_01/materials/textures/aws_Bed_01.png -> /home/test/wf3/gazebo/agentsd_ws/install/smart_agent_gazebo/share/smart_agent_gazebo/models/aws_robomaker_residential_Bed_01/materials/textures\n'}
[1.349762] (smart_agent_gazebo) StdoutLine: {'line': b'symbolically linking /home/test/wf3/gazebo/agentsd_ws/build/smart_agent_gazebo/models/aws_robomaker_residential_Bed_01/materials/textures/aws_BedB_01.png -> /home/test/wf3/gazebo/agentsd_ws/install/smart_agent_gazebo/share/smart_agent_gazebo/models/aws_robomaker_residential_Bed_01/materials/textures\n'}
[1.349860] (smart_agent_gazebo) StdoutLine: {'line': b'creating /home/test/wf3/gazebo/agentsd_ws/install/smart_agent_gazebo/share/smart_agent_gazebo/models/aws_robomaker_residential_Bed_01/meshes\n'}
[1.349957] (smart_agent_gazebo) StdoutLine: {'line': b'symbolically linking /home/test/wf3/gazebo/agentsd_ws/build/smart_agent_gazebo/models/aws_robomaker_residential_Bed_01/meshes/aws_Bed_01_collision.DAE -> /home/test/wf3/gazebo/agentsd_ws/install/smart_agent_gazebo/share/smart_agent_gazebo/models/aws_robomaker_residential_Bed_01/meshes\n'}
[1.350054] (smart_agent_gazebo) StdoutLine: {'line': b'symbolically linking /home/test/wf3/gazebo/agentsd_ws/build/smart_agent_gazebo/models/aws_robomaker_residential_Bed_01/meshes/aws_Bed_01_visual.DAE -> /home/test/wf3/gazebo/agentsd_ws/install/smart_agent_gazebo/share/smart_agent_gazebo/models/aws_robomaker_residential_Bed_01/meshes\n'}
[1.350153] (smart_agent_gazebo) StdoutLine: {'line': b'creating /home/test/wf3/gazebo/agentsd_ws/install/smart_agent_gazebo/share/smart_agent_gazebo/models/aws_robomaker_residential_BalconyTable_01\n'}
[1.350252] (smart_agent_gazebo) StdoutLine: {'line': b'symbolically linking /home/test/wf3/gazebo/agentsd_ws/build/smart_agent_gazebo/models/aws_robomaker_residential_BalconyTable_01/model.config -> /home/test/wf3/gazebo/agentsd_ws/install/smart_agent_gazebo/share/smart_agent_gazebo/models/aws_robomaker_residential_BalconyTable_01\n'}
[1.350350] (smart_agent_gazebo) StdoutLine: {'line': b'symbolically linking /home/test/wf3/gazebo/agentsd_ws/build/smart_agent_gazebo/models/aws_robomaker_residential_BalconyTable_01/model.sdf -> /home/test/wf3/gazebo/agentsd_ws/install/smart_agent_gazebo/share/smart_agent_gazebo/models/aws_robomaker_residential_BalconyTable_01\n'}
[1.350451] (smart_agent_gazebo) StdoutLine: {'line': b'creating /home/test/wf3/gazebo/agentsd_ws/install/smart_agent_gazebo/share/smart_agent_gazebo/models/aws_robomaker_residential_BalconyTable_01/materials\n'}
[1.350597] (smart_agent_gazebo) StdoutLine: {'line': b'creating /home/test/wf3/gazebo/agentsd_ws/install/smart_agent_gazebo/share/smart_agent_gazebo/models/aws_robomaker_residential_BalconyTable_01/materials/textures\n'}
[1.350700] (smart_agent_gazebo) StdoutLine: {'line': b'symbolically linking /home/test/wf3/gazebo/agentsd_ws/build/smart_agent_gazebo/models/aws_robomaker_residential_BalconyTable_01/materials/textures/aws_BalconyTable_01.png -> /home/test/wf3/gazebo/agentsd_ws/install/smart_agent_gazebo/share/smart_agent_gazebo/models/aws_robomaker_residential_BalconyTable_01/materials/textures\n'}
[1.350803] (smart_agent_gazebo) StdoutLine: {'line': b'creating /home/test/wf3/gazebo/agentsd_ws/install/smart_agent_gazebo/share/smart_agent_gazebo/models/aws_robomaker_residential_BalconyTable_01/meshes\n'}
[1.350900] (smart_agent_gazebo) StdoutLine: {'line': b'symbolically linking /home/test/wf3/gazebo/agentsd_ws/build/smart_agent_gazebo/models/aws_robomaker_residential_BalconyTable_01/meshes/aws_BalconyTable_01_visual.DAE -> /home/test/wf3/gazebo/agentsd_ws/install/smart_agent_gazebo/share/smart_agent_gazebo/models/aws_robomaker_residential_BalconyTable_01/meshes\n'}
[1.351065] (smart_agent_gazebo) StdoutLine: {'line': b'symbolically linking /home/test/wf3/gazebo/agentsd_ws/build/smart_agent_gazebo/models/aws_robomaker_residential_BalconyTable_01/meshes/aws_BalconyTable_01_collision.DAE -> /home/test/wf3/gazebo/agentsd_ws/install/smart_agent_gazebo/share/smart_agent_gazebo/models/aws_robomaker_residential_BalconyTable_01/meshes\n'}
[1.351161] (smart_agent_gazebo) StdoutLine: {'line': b'creating /home/test/wf3/gazebo/agentsd_ws/install/smart_agent_gazebo/share/smart_agent_gazebo/models/Drawer\n'}
[1.351254] (smart_agent_gazebo) StdoutLine: {'line': b'symbolically linking /home/test/wf3/gazebo/agentsd_ws/build/smart_agent_gazebo/models/Drawer/model.config -> /home/test/wf3/gazebo/agentsd_ws/install/smart_agent_gazebo/share/smart_agent_gazebo/models/Drawer\n'}
[1.351344] (smart_agent_gazebo) StdoutLine: {'line': b'symbolically linking /home/test/wf3/gazebo/agentsd_ws/build/smart_agent_gazebo/models/Drawer/model.sdf -> /home/test/wf3/gazebo/agentsd_ws/install/smart_agent_gazebo/share/smart_agent_gazebo/models/Drawer\n'}
[1.351435] (smart_agent_gazebo) StdoutLine: {'line': b'creating /home/test/wf3/gazebo/agentsd_ws/install/smart_agent_gazebo/share/smart_agent_gazebo/models/Drawer/thumbnails\n'}
[1.351524] (smart_agent_gazebo) StdoutLine: {'line': b'symbolically linking /home/test/wf3/gazebo/agentsd_ws/build/smart_agent_gazebo/models/Drawer/thumbnails/2.png -> /home/test/wf3/gazebo/agentsd_ws/install/smart_agent_gazebo/share/smart_agent_gazebo/models/Drawer/thumbnails\n'}
[1.351622] (smart_agent_gazebo) StdoutLine: {'line': b'symbolically linking /home/test/wf3/gazebo/agentsd_ws/build/smart_agent_gazebo/models/Drawer/thumbnails/1.png -> /home/test/wf3/gazebo/agentsd_ws/install/smart_agent_gazebo/share/smart_agent_gazebo/models/Drawer/thumbnails\n'}
[1.351715] (smart_agent_gazebo) StdoutLine: {'line': b'symbolically linking /home/test/wf3/gazebo/agentsd_ws/build/smart_agent_gazebo/models/Drawer/thumbnails/4.png -> /home/test/wf3/gazebo/agentsd_ws/install/smart_agent_gazebo/share/smart_agent_gazebo/models/Drawer/thumbnails\n'}
[1.351805] (smart_agent_gazebo) StdoutLine: {'line': b'symbolically linking /home/test/wf3/gazebo/agentsd_ws/build/smart_agent_gazebo/models/Drawer/thumbnails/3.png -> /home/test/wf3/gazebo/agentsd_ws/install/smart_agent_gazebo/share/smart_agent_gazebo/models/Drawer/thumbnails\n'}
[1.351895] (smart_agent_gazebo) StdoutLine: {'line': b'symbolically linking /home/test/wf3/gazebo/agentsd_ws/build/smart_agent_gazebo/models/Drawer/thumbnails/5.png -> /home/test/wf3/gazebo/agentsd_ws/install/smart_agent_gazebo/share/smart_agent_gazebo/models/Drawer/thumbnails\n'}
[1.351987] (smart_agent_gazebo) StdoutLine: {'line': b'creating /home/test/wf3/gazebo/agentsd_ws/install/smart_agent_gazebo/share/smart_agent_gazebo/models/Drawer/meshes\n'}
[1.352076] (smart_agent_gazebo) StdoutLine: {'line': b'symbolically linking /home/test/wf3/gazebo/agentsd_ws/build/smart_agent_gazebo/models/Drawer/meshes/Drawer_Col.obj -> /home/test/wf3/gazebo/agentsd_ws/install/smart_agent_gazebo/share/smart_agent_gazebo/models/Drawer/meshes\n'}
[1.352168] (smart_agent_gazebo) StdoutLine: {'line': b'symbolically linking /home/test/wf3/gazebo/agentsd_ws/build/smart_agent_gazebo/models/Drawer/meshes/Drawer.png -> /home/test/wf3/gazebo/agentsd_ws/install/smart_agent_gazebo/share/smart_agent_gazebo/models/Drawer/meshes\n'}
[1.352258] (smart_agent_gazebo) StdoutLine: {'line': b'symbolically linking /home/test/wf3/gazebo/agentsd_ws/build/smart_agent_gazebo/models/Drawer/meshes/Drawer.obj -> /home/test/wf3/gazebo/agentsd_ws/install/smart_agent_gazebo/share/smart_agent_gazebo/models/Drawer/meshes\n'}
[1.352347] (smart_agent_gazebo) StdoutLine: {'line': b'symbolically linking /home/test/wf3/gazebo/agentsd_ws/build/smart_agent_gazebo/models/Drawer/meshes/Drawer.mtl -> /home/test/wf3/gazebo/agentsd_ws/install/smart_agent_gazebo/share/smart_agent_gazebo/models/Drawer/meshes\n'}
[1.352452] (smart_agent_gazebo) StdoutLine: {'line': b'creating /home/test/wf3/gazebo/agentsd_ws/install/smart_agent_gazebo/share/smart_agent_gazebo/models/aws_robomaker_residential_ChairD_01\n'}
[1.352643] (smart_agent_gazebo) StdoutLine: {'line': b'symbolically linking /home/test/wf3/gazebo/agentsd_ws/build/smart_agent_gazebo/models/aws_robomaker_residential_ChairD_01/model.config -> /home/test/wf3/gazebo/agentsd_ws/install/smart_agent_gazebo/share/smart_agent_gazebo/models/aws_robomaker_residential_ChairD_01\n'}
[1.352740] (smart_agent_gazebo) StdoutLine: {'line': b'symbolically linking /home/test/wf3/gazebo/agentsd_ws/build/smart_agent_gazebo/models/aws_robomaker_residential_ChairD_01/model.sdf -> /home/test/wf3/gazebo/agentsd_ws/install/smart_agent_gazebo/share/smart_agent_gazebo/models/aws_robomaker_residential_ChairD_01\n'}
[1.352846] (smart_agent_gazebo) StdoutLine: {'line': b'creating /home/test/wf3/gazebo/agentsd_ws/install/smart_agent_gazebo/share/smart_agent_gazebo/models/aws_robomaker_residential_ChairD_01/materials\n'}
[1.352942] (smart_agent_gazebo) StdoutLine: {'line': b'creating /home/test/wf3/gazebo/agentsd_ws/install/smart_agent_gazebo/share/smart_agent_gazebo/models/aws_robomaker_residential_ChairD_01/materials/textures\n'}
[1.353032] (smart_agent_gazebo) StdoutLine: {'line': b'symbolically linking /home/test/wf3/gazebo/agentsd_ws/build/smart_agent_gazebo/models/aws_robomaker_residential_ChairD_01/materials/textures/aws_ChairD_01.png -> /home/test/wf3/gazebo/agentsd_ws/install/smart_agent_gazebo/share/smart_agent_gazebo/models/aws_robomaker_residential_ChairD_01/materials/textures\n'}
[1.353124] (smart_agent_gazebo) StdoutLine: {'line': b'creating /home/test/wf3/gazebo/agentsd_ws/install/smart_agent_gazebo/share/smart_agent_gazebo/models/aws_robomaker_residential_ChairD_01/meshes\n'}
[1.353214] (smart_agent_gazebo) StdoutLine: {'line': b'symbolically linking /home/test/wf3/gazebo/agentsd_ws/build/smart_agent_gazebo/models/aws_robomaker_residential_ChairD_01/meshes/aws_ChairD_01_collision.DAE -> /home/test/wf3/gazebo/agentsd_ws/install/smart_agent_gazebo/share/smart_agent_gazebo/models/aws_robomaker_residential_ChairD_01/meshes\n'}
[1.353307] (smart_agent_gazebo) StdoutLine: {'line': b'symbolically linking /home/test/wf3/gazebo/agentsd_ws/build/smart_agent_gazebo/models/aws_robomaker_residential_ChairD_01/meshes/aws_ChairD_01_visual.DAE -> /home/test/wf3/gazebo/agentsd_ws/install/smart_agent_gazebo/share/smart_agent_gazebo/models/aws_robomaker_residential_ChairD_01/meshes\n'}
[1.353400] (smart_agent_gazebo) StdoutLine: {'line': b'creating /home/test/wf3/gazebo/agentsd_ws/install/smart_agent_gazebo/share/smart_agent_gazebo/models/aws_robomaker_residential_Pillow_01\n'}
[1.353493] (smart_agent_gazebo) StdoutLine: {'line': b'symbolically linking /home/test/wf3/gazebo/agentsd_ws/build/smart_agent_gazebo/models/aws_robomaker_residential_Pillow_01/model.config -> /home/test/wf3/gazebo/agentsd_ws/install/smart_agent_gazebo/share/smart_agent_gazebo/models/aws_robomaker_residential_Pillow_01\n'}
[1.353588] (smart_agent_gazebo) StdoutLine: {'line': b'symbolically linking /home/test/wf3/gazebo/agentsd_ws/build/smart_agent_gazebo/models/aws_robomaker_residential_Pillow_01/model.sdf -> /home/test/wf3/gazebo/agentsd_ws/install/smart_agent_gazebo/share/smart_agent_gazebo/models/aws_robomaker_residential_Pillow_01\n'}
[1.353681] (smart_agent_gazebo) StdoutLine: {'line': b'creating /home/test/wf3/gazebo/agentsd_ws/install/smart_agent_gazebo/share/smart_agent_gazebo/models/aws_robomaker_residential_Pillow_01/materials\n'}
[1.353773] (smart_agent_gazebo) StdoutLine: {'line': b'creating /home/test/wf3/gazebo/agentsd_ws/install/smart_agent_gazebo/share/smart_agent_gazebo/models/aws_robomaker_residential_Pillow_01/materials/textures\n'}
[1.353863] (smart_agent_gazebo) StdoutLine: {'line': b'symbolically linking /home/test/wf3/gazebo/agentsd_ws/build/smart_agent_gazebo/models/aws_robomaker_residential_Pillow_01/materials/textures/aws_Pillow_01.png -> /home/test/wf3/gazebo/agentsd_ws/install/smart_agent_gazebo/share/smart_agent_gazebo/models/aws_robomaker_residential_Pillow_01/materials/textures\n'}
[1.354010] (smart_agent_gazebo) StdoutLine: {'line': b'creating /home/test/wf3/gazebo/agentsd_ws/install/smart_agent_gazebo/share/smart_agent_gazebo/models/aws_robomaker_residential_Pillow_01/meshes\n'}
[1.354100] (smart_agent_gazebo) StdoutLine: {'line': b'symbolically linking /home/test/wf3/gazebo/agentsd_ws/build/smart_agent_gazebo/models/aws_robomaker_residential_Pillow_01/meshes/aws_Pillow_01_visual.DAE -> /home/test/wf3/gazebo/agentsd_ws/install/smart_agent_gazebo/share/smart_agent_gazebo/models/aws_robomaker_residential_Pillow_01/meshes\n'}
[1.354194] (smart_agent_gazebo) StdoutLine: {'line': b'symbolically linking /home/test/wf3/gazebo/agentsd_ws/build/smart_agent_gazebo/models/aws_robomaker_residential_Pillow_01/meshes/aws_Pillow_01_collision.DAE -> /home/test/wf3/gazebo/agentsd_ws/install/smart_agent_gazebo/share/smart_agent_gazebo/models/aws_robomaker_residential_Pillow_01/meshes\n'}
[1.354287] (smart_agent_gazebo) StdoutLine: {'line': b'creating /home/test/wf3/gazebo/agentsd_ws/install/smart_agent_gazebo/share/smart_agent_gazebo/models/SurgicalTrolley\n'}
[1.354381] (smart_agent_gazebo) StdoutLine: {'line': b'symbolically linking /home/test/wf3/gazebo/agentsd_ws/build/smart_agent_gazebo/models/SurgicalTrolley/model.config -> /home/test/wf3/gazebo/agentsd_ws/install/smart_agent_gazebo/share/smart_agent_gazebo/models/SurgicalTrolley\n'}
[1.354524] (smart_agent_gazebo) StdoutLine: {'line': b'symbolically linking /home/test/wf3/gazebo/agentsd_ws/build/smart_agent_gazebo/models/SurgicalTrolley/model.sdf -> /home/test/wf3/gazebo/agentsd_ws/install/smart_agent_gazebo/share/smart_agent_gazebo/models/SurgicalTrolley\n'}
[1.354631] (smart_agent_gazebo) StdoutLine: {'line': b'creating /home/test/wf3/gazebo/agentsd_ws/install/smart_agent_gazebo/share/smart_agent_gazebo/models/SurgicalTrolley/thumbnails\n'}
[1.354724] (smart_agent_gazebo) StdoutLine: {'line': b'symbolically linking /home/test/wf3/gazebo/agentsd_ws/build/smart_agent_gazebo/models/SurgicalTrolley/thumbnails/2.png -> /home/test/wf3/gazebo/agentsd_ws/install/smart_agent_gazebo/share/smart_agent_gazebo/models/SurgicalTrolley/thumbnails\n'}
[1.354815] (smart_agent_gazebo) StdoutLine: {'line': b'symbolically linking /home/test/wf3/gazebo/agentsd_ws/build/smart_agent_gazebo/models/SurgicalTrolley/thumbnails/1.png -> /home/test/wf3/gazebo/agentsd_ws/install/smart_agent_gazebo/share/smart_agent_gazebo/models/SurgicalTrolley/thumbnails\n'}
[1.354908] (smart_agent_gazebo) StdoutLine: {'line': b'symbolically linking /home/test/wf3/gazebo/agentsd_ws/build/smart_agent_gazebo/models/SurgicalTrolley/thumbnails/4.png -> /home/test/wf3/gazebo/agentsd_ws/install/smart_agent_gazebo/share/smart_agent_gazebo/models/SurgicalTrolley/thumbnails\n'}
[1.354998] (smart_agent_gazebo) StdoutLine: {'line': b'symbolically linking /home/test/wf3/gazebo/agentsd_ws/build/smart_agent_gazebo/models/SurgicalTrolley/thumbnails/3.png -> /home/test/wf3/gazebo/agentsd_ws/install/smart_agent_gazebo/share/smart_agent_gazebo/models/SurgicalTrolley/thumbnails\n'}
[1.355088] (smart_agent_gazebo) StdoutLine: {'line': b'symbolically linking /home/test/wf3/gazebo/agentsd_ws/build/smart_agent_gazebo/models/SurgicalTrolley/thumbnails/5.png -> /home/test/wf3/gazebo/agentsd_ws/install/smart_agent_gazebo/share/smart_agent_gazebo/models/SurgicalTrolley/thumbnails\n'}
[1.355180] (smart_agent_gazebo) StdoutLine: {'line': b'creating /home/test/wf3/gazebo/agentsd_ws/install/smart_agent_gazebo/share/smart_agent_gazebo/models/SurgicalTrolley/meshes\n'}
[1.355271] (smart_agent_gazebo) StdoutLine: {'line': b'symbolically linking /home/test/wf3/gazebo/agentsd_ws/build/smart_agent_gazebo/models/SurgicalTrolley/meshes/trolley.obj -> /home/test/wf3/gazebo/agentsd_ws/install/smart_agent_gazebo/share/smart_agent_gazebo/models/SurgicalTrolley/meshes\n'}
[1.355362] (smart_agent_gazebo) StdoutLine: {'line': b'symbolically linking /home/test/wf3/gazebo/agentsd_ws/build/smart_agent_gazebo/models/SurgicalTrolley/meshes/trolley.mtl -> /home/test/wf3/gazebo/agentsd_ws/install/smart_agent_gazebo/share/smart_agent_gazebo/models/SurgicalTrolley/meshes\n'}
[1.355492] (smart_agent_gazebo) StdoutLine: {'line': b'symbolically linking /home/test/wf3/gazebo/agentsd_ws/build/smart_agent_gazebo/models/SurgicalTrolley/meshes/texture.png -> /home/test/wf3/gazebo/agentsd_ws/install/smart_agent_gazebo/share/smart_agent_gazebo/models/SurgicalTrolley/meshes\n'}
[1.355589] (smart_agent_gazebo) StdoutLine: {'line': b'creating /home/test/wf3/gazebo/agentsd_ws/install/smart_agent_gazebo/share/smart_agent_gazebo/models/aws_robomaker_residential_Chandelier_01\n'}
[1.355686] (smart_agent_gazebo) StdoutLine: {'line': b'symbolically linking /home/test/wf3/gazebo/agentsd_ws/build/smart_agent_gazebo/models/aws_robomaker_residential_Chandelier_01/model.config -> /home/test/wf3/gazebo/agentsd_ws/install/smart_agent_gazebo/share/smart_agent_gazebo/models/aws_robomaker_residential_Chandelier_01\n'}
[1.355780] (smart_agent_gazebo) StdoutLine: {'line': b'symbolically linking /home/test/wf3/gazebo/agentsd_ws/build/smart_agent_gazebo/models/aws_robomaker_residential_Chandelier_01/model.sdf -> /home/test/wf3/gazebo/agentsd_ws/install/smart_agent_gazebo/share/smart_agent_gazebo/models/aws_robomaker_residential_Chandelier_01\n'}
[1.355870] (smart_agent_gazebo) StdoutLine: {'line': b'creating /home/test/wf3/gazebo/agentsd_ws/install/smart_agent_gazebo/share/smart_agent_gazebo/models/aws_robomaker_residential_Chandelier_01/materials\n'}
[1.355959] (smart_agent_gazebo) StdoutLine: {'line': b'creating /home/test/wf3/gazebo/agentsd_ws/install/smart_agent_gazebo/share/smart_agent_gazebo/models/aws_robomaker_residential_Chandelier_01/materials/textures\n'}
[1.356047] (smart_agent_gazebo) StdoutLine: {'line': b'symbolically linking /home/test/wf3/gazebo/agentsd_ws/build/smart_agent_gazebo/models/aws_robomaker_residential_Chandelier_01/materials/textures/aws_Chandelier_01.png -> /home/test/wf3/gazebo/agentsd_ws/install/smart_agent_gazebo/share/smart_agent_gazebo/models/aws_robomaker_residential_Chandelier_01/materials/textures\n'}
[1.356138] (smart_agent_gazebo) StdoutLine: {'line': b'creating /home/test/wf3/gazebo/agentsd_ws/install/smart_agent_gazebo/share/smart_agent_gazebo/models/aws_robomaker_residential_Chandelier_01/meshes\n'}
[1.356229] (smart_agent_gazebo) StdoutLine: {'line': b'symbolically linking /home/test/wf3/gazebo/agentsd_ws/build/smart_agent_gazebo/models/aws_robomaker_residential_Chandelier_01/meshes/aws_Chandelier_01_collision.DAE -> /home/test/wf3/gazebo/agentsd_ws/install/smart_agent_gazebo/share/smart_agent_gazebo/models/aws_robomaker_residential_Chandelier_01/meshes\n'}
[1.356410] (smart_agent_gazebo) StdoutLine: {'line': b'symbolically linking /home/test/wf3/gazebo/agentsd_ws/build/smart_agent_gazebo/models/aws_robomaker_residential_Chandelier_01/meshes/aws_Chandelier_01.DAE -> /home/test/wf3/gazebo/agentsd_ws/install/smart_agent_gazebo/share/smart_agent_gazebo/models/aws_robomaker_residential_Chandelier_01/meshes\n'}
[1.356504] (smart_agent_gazebo) StdoutLine: {'line': b'symbolically linking /home/test/wf3/gazebo/agentsd_ws/build/smart_agent_gazebo/models/aws_robomaker_residential_Chandelier_01/meshes/aws_Chandelier_01_visual.DAE -> /home/test/wf3/gazebo/agentsd_ws/install/smart_agent_gazebo/share/smart_agent_gazebo/models/aws_robomaker_residential_Chandelier_01/meshes\n'}
[1.356597] (smart_agent_gazebo) StdoutLine: {'line': b'creating /home/test/wf3/gazebo/agentsd_ws/install/smart_agent_gazebo/share/smart_agent_gazebo/models/MopCart3\n'}
[1.356688] (smart_agent_gazebo) StdoutLine: {'line': b'symbolically linking /home/test/wf3/gazebo/agentsd_ws/build/smart_agent_gazebo/models/MopCart3/model.config -> /home/test/wf3/gazebo/agentsd_ws/install/smart_agent_gazebo/share/smart_agent_gazebo/models/MopCart3\n'}
[1.356781] (smart_agent_gazebo) StdoutLine: {'line': b'symbolically linking /home/test/wf3/gazebo/agentsd_ws/build/smart_agent_gazebo/models/MopCart3/model.sdf -> /home/test/wf3/gazebo/agentsd_ws/install/smart_agent_gazebo/share/smart_agent_gazebo/models/MopCart3\n'}
[1.356934] (smart_agent_gazebo) StdoutLine: {'line': b'creating /home/test/wf3/gazebo/agentsd_ws/install/smart_agent_gazebo/share/smart_agent_gazebo/models/MopCart3/thumbnails\n'}
[1.357029] (smart_agent_gazebo) StdoutLine: {'line': b'symbolically linking /home/test/wf3/gazebo/agentsd_ws/build/smart_agent_gazebo/models/MopCart3/thumbnails/2.png -> /home/test/wf3/gazebo/agentsd_ws/install/smart_agent_gazebo/share/smart_agent_gazebo/models/MopCart3/thumbnails\n'}
[1.357127] (smart_agent_gazebo) StdoutLine: {'line': b'symbolically linking /home/test/wf3/gazebo/agentsd_ws/build/smart_agent_gazebo/models/MopCart3/thumbnails/1.png -> /home/test/wf3/gazebo/agentsd_ws/install/smart_agent_gazebo/share/smart_agent_gazebo/models/MopCart3/thumbnails\n'}
[1.357221] (smart_agent_gazebo) StdoutLine: {'line': b'symbolically linking /home/test/wf3/gazebo/agentsd_ws/build/smart_agent_gazebo/models/MopCart3/thumbnails/4.png -> /home/test/wf3/gazebo/agentsd_ws/install/smart_agent_gazebo/share/smart_agent_gazebo/models/MopCart3/thumbnails\n'}
[1.357316] (smart_agent_gazebo) StdoutLine: {'line': b'symbolically linking /home/test/wf3/gazebo/agentsd_ws/build/smart_agent_gazebo/models/MopCart3/thumbnails/3.png -> /home/test/wf3/gazebo/agentsd_ws/install/smart_agent_gazebo/share/smart_agent_gazebo/models/MopCart3/thumbnails\n'}
[1.357409] (smart_agent_gazebo) StdoutLine: {'line': b'symbolically linking /home/test/wf3/gazebo/agentsd_ws/build/smart_agent_gazebo/models/MopCart3/thumbnails/5.png -> /home/test/wf3/gazebo/agentsd_ws/install/smart_agent_gazebo/share/smart_agent_gazebo/models/MopCart3/thumbnails\n'}
[1.357501] (smart_agent_gazebo) StdoutLine: {'line': b'creating /home/test/wf3/gazebo/agentsd_ws/install/smart_agent_gazebo/share/smart_agent_gazebo/models/MopCart3/meshes\n'}
[1.357594] (smart_agent_gazebo) StdoutLine: {'line': b'symbolically linking /home/test/wf3/gazebo/agentsd_ws/build/smart_agent_gazebo/models/MopCart3/meshes/Cart.png -> /home/test/wf3/gazebo/agentsd_ws/install/smart_agent_gazebo/share/smart_agent_gazebo/models/MopCart3/meshes\n'}
[1.357687] (smart_agent_gazebo) StdoutLine: {'line': b'symbolically linking /home/test/wf3/gazebo/agentsd_ws/build/smart_agent_gazebo/models/MopCart3/meshes/Red.png -> /home/test/wf3/gazebo/agentsd_ws/install/smart_agent_gazebo/share/smart_agent_gazebo/models/MopCart3/meshes\n'}
[1.357779] (smart_agent_gazebo) StdoutLine: {'line': b'symbolically linking /home/test/wf3/gazebo/agentsd_ws/build/smart_agent_gazebo/models/MopCart3/meshes/Duster.png -> /home/test/wf3/gazebo/agentsd_ws/install/smart_agent_gazebo/share/smart_agent_gazebo/models/MopCart3/meshes\n'}
[1.357871] (smart_agent_gazebo) StdoutLine: {'line': b'symbolically linking /home/test/wf3/gazebo/agentsd_ws/build/smart_agent_gazebo/models/MopCart3/meshes/Mop.png -> /home/test/wf3/gazebo/agentsd_ws/install/smart_agent_gazebo/share/smart_agent_gazebo/models/MopCart3/meshes\n'}
[1.357962] (smart_agent_gazebo) StdoutLine: {'line': b'symbolically linking /home/test/wf3/gazebo/agentsd_ws/build/smart_agent_gazebo/models/MopCart3/meshes/Glove.png -> /home/test/wf3/gazebo/agentsd_ws/install/smart_agent_gazebo/share/smart_agent_gazebo/models/MopCart3/meshes\n'}
[1.358053] (smart_agent_gazebo) StdoutLine: {'line': b'symbolically linking /home/test/wf3/gazebo/agentsd_ws/build/smart_agent_gazebo/models/MopCart3/meshes/Plastic.png -> /home/test/wf3/gazebo/agentsd_ws/install/smart_agent_gazebo/share/smart_agent_gazebo/models/MopCart3/meshes\n'}
[1.358394] (smart_agent_gazebo) StdoutLine: {'line': b'symbolically linking /home/test/wf3/gazebo/agentsd_ws/build/smart_agent_gazebo/models/MopCart3/meshes/Parcel.png -> /home/test/wf3/gazebo/agentsd_ws/install/smart_agent_gazebo/share/smart_agent_gazebo/models/MopCart3/meshes\n'}
[1.358493] (smart_agent_gazebo) StdoutLine: {'line': b'symbolically linking /home/test/wf3/gazebo/agentsd_ws/build/smart_agent_gazebo/models/MopCart3/meshes/Cloth.png -> /home/test/wf3/gazebo/agentsd_ws/install/smart_agent_gazebo/share/smart_agent_gazebo/models/MopCart3/meshes\n'}
[1.358588] (smart_agent_gazebo) StdoutLine: {'line': b'symbolically linking /home/test/wf3/gazebo/agentsd_ws/build/smart_agent_gazebo/models/MopCart3/meshes/Blue.png -> /home/test/wf3/gazebo/agentsd_ws/install/smart_agent_gazebo/share/smart_agent_gazebo/models/MopCart3/meshes\n'}
[1.358722] (smart_agent_gazebo) StdoutLine: {'line': b'symbolically linking /home/test/wf3/gazebo/agentsd_ws/build/smart_agent_gazebo/models/MopCart3/meshes/MopCart3.mtl -> /home/test/wf3/gazebo/agentsd_ws/install/smart_agent_gazebo/share/smart_agent_gazebo/models/MopCart3/meshes\n'}
[1.358814] (smart_agent_gazebo) StdoutLine: {'line': b'symbolically linking /home/test/wf3/gazebo/agentsd_ws/build/smart_agent_gazebo/models/MopCart3/meshes/MopCart3.obj -> /home/test/wf3/gazebo/agentsd_ws/install/smart_agent_gazebo/share/smart_agent_gazebo/models/MopCart3/meshes\n'}
[1.358906] (smart_agent_gazebo) StdoutLine: {'line': b'symbolically linking /home/test/wf3/gazebo/agentsd_ws/build/smart_agent_gazebo/models/MopCart3/meshes/Spray.png -> /home/test/wf3/gazebo/agentsd_ws/install/smart_agent_gazebo/share/smart_agent_gazebo/models/MopCart3/meshes\n'}
[1.358997] (smart_agent_gazebo) StdoutLine: {'line': b'symbolically linking /home/test/wf3/gazebo/agentsd_ws/build/smart_agent_gazebo/models/MopCart3/meshes/Sign.png -> /home/test/wf3/gazebo/agentsd_ws/install/smart_agent_gazebo/share/smart_agent_gazebo/models/MopCart3/meshes\n'}
[1.359091] (smart_agent_gazebo) StdoutLine: {'line': b'creating /home/test/wf3/gazebo/agentsd_ws/install/smart_agent_gazebo/share/smart_agent_gazebo/models/aws_robomaker_hospital_elevator_01_portal\n'}
[1.359180] (smart_agent_gazebo) StdoutLine: {'line': b'symbolically linking /home/test/wf3/gazebo/agentsd_ws/build/smart_agent_gazebo/models/aws_robomaker_hospital_elevator_01_portal/model.config -> /home/test/wf3/gazebo/agentsd_ws/install/smart_agent_gazebo/share/smart_agent_gazebo/models/aws_robomaker_hospital_elevator_01_portal\n'}
[1.359272] (smart_agent_gazebo) StdoutLine: {'line': b'symbolically linking /home/test/wf3/gazebo/agentsd_ws/build/smart_agent_gazebo/models/aws_robomaker_hospital_elevator_01_portal/model.sdf -> /home/test/wf3/gazebo/agentsd_ws/install/smart_agent_gazebo/share/smart_agent_gazebo/models/aws_robomaker_hospital_elevator_01_portal\n'}
[1.359361] (smart_agent_gazebo) StdoutLine: {'line': b'creating /home/test/wf3/gazebo/agentsd_ws/install/smart_agent_gazebo/share/smart_agent_gazebo/models/aws_robomaker_hospital_elevator_01_portal/meshes\n'}
[1.359451] (smart_agent_gazebo) StdoutLine: {'line': b'symbolically linking /home/test/wf3/gazebo/agentsd_ws/build/smart_agent_gazebo/models/aws_robomaker_hospital_elevator_01_portal/meshes/aws_robomaker_hospital_elevator_01_low.png -> /home/test/wf3/gazebo/agentsd_ws/install/smart_agent_gazebo/share/smart_agent_gazebo/models/aws_robomaker_hospital_elevator_01_portal/meshes\n'}
[1.359545] (smart_agent_gazebo) StdoutLine: {'line': b'symbolically linking /home/test/wf3/gazebo/agentsd_ws/build/smart_agent_gazebo/models/aws_robomaker_hospital_elevator_01_portal/meshes/aws_robomaker_hospital_elevator_01_portal_low.dae -> /home/test/wf3/gazebo/agentsd_ws/install/smart_agent_gazebo/share/smart_agent_gazebo/models/aws_robomaker_hospital_elevator_01_portal/meshes\n'}
[1.359645] (smart_agent_gazebo) StdoutLine: {'line': b'symbolically linking /home/test/wf3/gazebo/agentsd_ws/build/smart_agent_gazebo/models/aws_robomaker_hospital_elevator_01_portal/meshes/aws_robomaker_hospital_elevator_01_visual_normal.png -> /home/test/wf3/gazebo/agentsd_ws/install/smart_agent_gazebo/share/smart_agent_gazebo/models/aws_robomaker_hospital_elevator_01_portal/meshes\n'}
[1.359739] (smart_agent_gazebo) StdoutLine: {'line': b'symbolically linking /home/test/wf3/gazebo/agentsd_ws/build/smart_agent_gazebo/models/aws_robomaker_hospital_elevator_01_portal/meshes/aws_robomaker_hospital_elevator_01_low_normal.png -> /home/test/wf3/gazebo/agentsd_ws/install/smart_agent_gazebo/share/smart_agent_gazebo/models/aws_robomaker_hospital_elevator_01_portal/meshes\n'}
[1.359829] (smart_agent_gazebo) StdoutLine: {'line': b'symbolically linking /home/test/wf3/gazebo/agentsd_ws/build/smart_agent_gazebo/models/aws_robomaker_hospital_elevator_01_portal/meshes/aws_robomaker_hospital_elevator_01_portal_collision.dae -> /home/test/wf3/gazebo/agentsd_ws/install/smart_agent_gazebo/share/smart_agent_gazebo/models/aws_robomaker_hospital_elevator_01_portal/meshes\n'}
[1.360142] (smart_agent_gazebo) StdoutLine: {'line': b'symbolically linking /home/test/wf3/gazebo/agentsd_ws/build/smart_agent_gazebo/models/aws_robomaker_hospital_elevator_01_portal/meshes/aws_robomaker_hospital_elevator_01_portal_visual.dae -> /home/test/wf3/gazebo/agentsd_ws/install/smart_agent_gazebo/share/smart_agent_gazebo/models/aws_robomaker_hospital_elevator_01_portal/meshes\n'}
[1.360298] (smart_agent_gazebo) StdoutLine: {'line': b'symbolically linking /home/test/wf3/gazebo/agentsd_ws/build/smart_agent_gazebo/models/aws_robomaker_hospital_elevator_01_portal/meshes/aws_robomaker_hospital_elevator_01_visual.png -> /home/test/wf3/gazebo/agentsd_ws/install/smart_agent_gazebo/share/smart_agent_gazebo/models/aws_robomaker_hospital_elevator_01_portal/meshes\n'}
[1.360394] (smart_agent_gazebo) StdoutLine: {'line': b'creating /home/test/wf3/gazebo/agentsd_ws/install/smart_agent_gazebo/share/smart_agent_gazebo/models/StorageRack\n'}
[1.360488] (smart_agent_gazebo) StdoutLine: {'line': b'symbolically linking /home/test/wf3/gazebo/agentsd_ws/build/smart_agent_gazebo/models/StorageRack/model.config -> /home/test/wf3/gazebo/agentsd_ws/install/smart_agent_gazebo/share/smart_agent_gazebo/models/StorageRack\n'}
[1.360581] (smart_agent_gazebo) StdoutLine: {'line': b'symbolically linking /home/test/wf3/gazebo/agentsd_ws/build/smart_agent_gazebo/models/StorageRack/model.sdf -> /home/test/wf3/gazebo/agentsd_ws/install/smart_agent_gazebo/share/smart_agent_gazebo/models/StorageRack\n'}
[1.360673] (smart_agent_gazebo) StdoutLine: {'line': b'creating /home/test/wf3/gazebo/agentsd_ws/install/smart_agent_gazebo/share/smart_agent_gazebo/models/StorageRack/thumbnails\n'}
[1.360769] (smart_agent_gazebo) StdoutLine: {'line': b'symbolically linking /home/test/wf3/gazebo/agentsd_ws/build/smart_agent_gazebo/models/StorageRack/thumbnails/2.png -> /home/test/wf3/gazebo/agentsd_ws/install/smart_agent_gazebo/share/smart_agent_gazebo/models/StorageRack/thumbnails\n'}
[1.360861] (smart_agent_gazebo) StdoutLine: {'line': b'symbolically linking /home/test/wf3/gazebo/agentsd_ws/build/smart_agent_gazebo/models/StorageRack/thumbnails/1.png -> /home/test/wf3/gazebo/agentsd_ws/install/smart_agent_gazebo/share/smart_agent_gazebo/models/StorageRack/thumbnails\n'}
[1.360955] (smart_agent_gazebo) StdoutLine: {'line': b'symbolically linking /home/test/wf3/gazebo/agentsd_ws/build/smart_agent_gazebo/models/StorageRack/thumbnails/4.png -> /home/test/wf3/gazebo/agentsd_ws/install/smart_agent_gazebo/share/smart_agent_gazebo/models/StorageRack/thumbnails\n'}
[1.361049] (smart_agent_gazebo) StdoutLine: {'line': b'symbolically linking /home/test/wf3/gazebo/agentsd_ws/build/smart_agent_gazebo/models/StorageRack/thumbnails/3.png -> /home/test/wf3/gazebo/agentsd_ws/install/smart_agent_gazebo/share/smart_agent_gazebo/models/StorageRack/thumbnails\n'}
[1.361139] (smart_agent_gazebo) StdoutLine: {'line': b'symbolically linking /home/test/wf3/gazebo/agentsd_ws/build/smart_agent_gazebo/models/StorageRack/thumbnails/5.png -> /home/test/wf3/gazebo/agentsd_ws/install/smart_agent_gazebo/share/smart_agent_gazebo/models/StorageRack/thumbnails\n'}
[1.361229] (smart_agent_gazebo) StdoutLine: {'line': b'creating /home/test/wf3/gazebo/agentsd_ws/install/smart_agent_gazebo/share/smart_agent_gazebo/models/StorageRack/meshes\n'}
[1.361320] (smart_agent_gazebo) StdoutLine: {'line': b'symbolically linking /home/test/wf3/gazebo/agentsd_ws/build/smart_agent_gazebo/models/StorageRack/meshes/StorageRack.png -> /home/test/wf3/gazebo/agentsd_ws/install/smart_agent_gazebo/share/smart_agent_gazebo/models/StorageRack/meshes\n'}
[1.361410] (smart_agent_gazebo) StdoutLine: {'line': b'symbolically linking /home/test/wf3/gazebo/agentsd_ws/build/smart_agent_gazebo/models/StorageRack/meshes/StorageRack.obj -> /home/test/wf3/gazebo/agentsd_ws/install/smart_agent_gazebo/share/smart_agent_gazebo/models/StorageRack/meshes\n'}
[1.361556] (smart_agent_gazebo) StdoutLine: {'line': b'symbolically linking /home/test/wf3/gazebo/agentsd_ws/build/smart_agent_gazebo/models/StorageRack/meshes/StorageRack.mtl -> /home/test/wf3/gazebo/agentsd_ws/install/smart_agent_gazebo/share/smart_agent_gazebo/models/StorageRack/meshes\n'}
[1.361648] (smart_agent_gazebo) StdoutLine: {'line': b'creating /home/test/wf3/gazebo/agentsd_ws/install/smart_agent_gazebo/share/smart_agent_gazebo/models/XRayMachine\n'}
[1.361738] (smart_agent_gazebo) StdoutLine: {'line': b'symbolically linking /home/test/wf3/gazebo/agentsd_ws/build/smart_agent_gazebo/models/XRayMachine/model.config -> /home/test/wf3/gazebo/agentsd_ws/install/smart_agent_gazebo/share/smart_agent_gazebo/models/XRayMachine\n'}
[1.361828] (smart_agent_gazebo) StdoutLine: {'line': b'symbolically linking /home/test/wf3/gazebo/agentsd_ws/build/smart_agent_gazebo/models/XRayMachine/model.sdf -> /home/test/wf3/gazebo/agentsd_ws/install/smart_agent_gazebo/share/smart_agent_gazebo/models/XRayMachine\n'}
[1.361954] (smart_agent_gazebo) StdoutLine: {'line': b'creating /home/test/wf3/gazebo/agentsd_ws/install/smart_agent_gazebo/share/smart_agent_gazebo/models/XRayMachine/thumbnails\n'}
[1.362049] (smart_agent_gazebo) StdoutLine: {'line': b'symbolically linking /home/test/wf3/gazebo/agentsd_ws/build/smart_agent_gazebo/models/XRayMachine/thumbnails/2.png -> /home/test/wf3/gazebo/agentsd_ws/install/smart_agent_gazebo/share/smart_agent_gazebo/models/XRayMachine/thumbnails\n'}
[1.362159] (smart_agent_gazebo) StdoutLine: {'line': b'symbolically linking /home/test/wf3/gazebo/agentsd_ws/build/smart_agent_gazebo/models/XRayMachine/thumbnails/1.png -> /home/test/wf3/gazebo/agentsd_ws/install/smart_agent_gazebo/share/smart_agent_gazebo/models/XRayMachine/thumbnails\n'}
[1.362250] (smart_agent_gazebo) StdoutLine: {'line': b'symbolically linking /home/test/wf3/gazebo/agentsd_ws/build/smart_agent_gazebo/models/XRayMachine/thumbnails/4.png -> /home/test/wf3/gazebo/agentsd_ws/install/smart_agent_gazebo/share/smart_agent_gazebo/models/XRayMachine/thumbnails\n'}
[1.362339] (smart_agent_gazebo) StdoutLine: {'line': b'symbolically linking /home/test/wf3/gazebo/agentsd_ws/build/smart_agent_gazebo/models/XRayMachine/thumbnails/3.png -> /home/test/wf3/gazebo/agentsd_ws/install/smart_agent_gazebo/share/smart_agent_gazebo/models/XRayMachine/thumbnails\n'}
[1.362431] (smart_agent_gazebo) StdoutLine: {'line': b'symbolically linking /home/test/wf3/gazebo/agentsd_ws/build/smart_agent_gazebo/models/XRayMachine/thumbnails/5.png -> /home/test/wf3/gazebo/agentsd_ws/install/smart_agent_gazebo/share/smart_agent_gazebo/models/XRayMachine/thumbnails\n'}
[1.362523] (smart_agent_gazebo) StdoutLine: {'line': b'creating /home/test/wf3/gazebo/agentsd_ws/install/smart_agent_gazebo/share/smart_agent_gazebo/models/XRayMachine/meshes\n'}
[1.362611] (smart_agent_gazebo) StdoutLine: {'line': b'symbolically linking /home/test/wf3/gazebo/agentsd_ws/build/smart_agent_gazebo/models/XRayMachine/meshes/XRayMachine.mtl -> /home/test/wf3/gazebo/agentsd_ws/install/smart_agent_gazebo/share/smart_agent_gazebo/models/XRayMachine/meshes\n'}
[1.362701] (smart_agent_gazebo) StdoutLine: {'line': b'symbolically linking /home/test/wf3/gazebo/agentsd_ws/build/smart_agent_gazebo/models/XRayMachine/meshes/XRayMachine.obj -> /home/test/wf3/gazebo/agentsd_ws/install/smart_agent_gazebo/share/smart_agent_gazebo/models/XRayMachine/meshes\n'}
[1.362790] (smart_agent_gazebo) StdoutLine: {'line': b'symbolically linking /home/test/wf3/gazebo/agentsd_ws/build/smart_agent_gazebo/models/XRayMachine/meshes/XRayMachine_Col.mtl -> /home/test/wf3/gazebo/agentsd_ws/install/smart_agent_gazebo/share/smart_agent_gazebo/models/XRayMachine/meshes\n'}
[1.362880] (smart_agent_gazebo) StdoutLine: {'line': b'symbolically linking /home/test/wf3/gazebo/agentsd_ws/build/smart_agent_gazebo/models/XRayMachine/meshes/XRayMachine.png -> /home/test/wf3/gazebo/agentsd_ws/install/smart_agent_gazebo/share/smart_agent_gazebo/models/XRayMachine/meshes\n'}
[1.363017] (smart_agent_gazebo) StdoutLine: {'line': b'symbolically linking /home/test/wf3/gazebo/agentsd_ws/build/smart_agent_gazebo/models/XRayMachine/meshes/XRayMachine_Col.obj -> /home/test/wf3/gazebo/agentsd_ws/install/smart_agent_gazebo/share/smart_agent_gazebo/models/XRayMachine/meshes\n'}
[1.363109] (smart_agent_gazebo) StdoutLine: {'line': b'creating /home/test/wf3/gazebo/agentsd_ws/install/smart_agent_gazebo/share/smart_agent_gazebo/models/SurgicalTrolleyMed\n'}
[1.363200] (smart_agent_gazebo) StdoutLine: {'line': b'symbolically linking /home/test/wf3/gazebo/agentsd_ws/build/smart_agent_gazebo/models/SurgicalTrolleyMed/model.config -> /home/test/wf3/gazebo/agentsd_ws/install/smart_agent_gazebo/share/smart_agent_gazebo/models/SurgicalTrolleyMed\n'}
[1.363290] (smart_agent_gazebo) StdoutLine: {'line': b'symbolically linking /home/test/wf3/gazebo/agentsd_ws/build/smart_agent_gazebo/models/SurgicalTrolleyMed/model.sdf -> /home/test/wf3/gazebo/agentsd_ws/install/smart_agent_gazebo/share/smart_agent_gazebo/models/SurgicalTrolleyMed\n'}
[1.363379] (smart_agent_gazebo) StdoutLine: {'line': b'creating /home/test/wf3/gazebo/agentsd_ws/install/smart_agent_gazebo/share/smart_agent_gazebo/models/SurgicalTrolleyMed/thumbnails\n'}
[1.363470] (smart_agent_gazebo) StdoutLine: {'line': b'symbolically linking /home/test/wf3/gazebo/agentsd_ws/build/smart_agent_gazebo/models/SurgicalTrolleyMed/thumbnails/2.png -> /home/test/wf3/gazebo/agentsd_ws/install/smart_agent_gazebo/share/smart_agent_gazebo/models/SurgicalTrolleyMed/thumbnails\n'}
[1.363559] (smart_agent_gazebo) StdoutLine: {'line': b'symbolically linking /home/test/wf3/gazebo/agentsd_ws/build/smart_agent_gazebo/models/SurgicalTrolleyMed/thumbnails/1.png -> /home/test/wf3/gazebo/agentsd_ws/install/smart_agent_gazebo/share/smart_agent_gazebo/models/SurgicalTrolleyMed/thumbnails\n'}
[1.363658] (smart_agent_gazebo) StdoutLine: {'line': b'symbolically linking /home/test/wf3/gazebo/agentsd_ws/build/smart_agent_gazebo/models/SurgicalTrolleyMed/thumbnails/4.png -> /home/test/wf3/gazebo/agentsd_ws/install/smart_agent_gazebo/share/smart_agent_gazebo/models/SurgicalTrolleyMed/thumbnails\n'}
[1.363761] (smart_agent_gazebo) StdoutLine: {'line': b'symbolically linking /home/test/wf3/gazebo/agentsd_ws/build/smart_agent_gazebo/models/SurgicalTrolleyMed/thumbnails/3.png -> /home/test/wf3/gazebo/agentsd_ws/install/smart_agent_gazebo/share/smart_agent_gazebo/models/SurgicalTrolleyMed/thumbnails\n'}
[1.363855] (smart_agent_gazebo) StdoutLine: {'line': b'symbolically linking /home/test/wf3/gazebo/agentsd_ws/build/smart_agent_gazebo/models/SurgicalTrolleyMed/thumbnails/5.png -> /home/test/wf3/gazebo/agentsd_ws/install/smart_agent_gazebo/share/smart_agent_gazebo/models/SurgicalTrolleyMed/thumbnails\n'}
[1.364063] (smart_agent_gazebo) StdoutLine: {'line': b'creating /home/test/wf3/gazebo/agentsd_ws/install/smart_agent_gazebo/share/smart_agent_gazebo/models/SurgicalTrolleyMed/meshes\n'}
[1.364155] (smart_agent_gazebo) StdoutLine: {'line': b'symbolically linking /home/test/wf3/gazebo/agentsd_ws/build/smart_agent_gazebo/models/SurgicalTrolleyMed/meshes/SurgicalTrolleyMed.obj -> /home/test/wf3/gazebo/agentsd_ws/install/smart_agent_gazebo/share/smart_agent_gazebo/models/SurgicalTrolleyMed/meshes\n'}
[1.364250] (smart_agent_gazebo) StdoutLine: {'line': b'symbolically linking /home/test/wf3/gazebo/agentsd_ws/build/smart_agent_gazebo/models/SurgicalTrolleyMed/meshes/SurgicalTrolleyMed_Col.obj -> /home/test/wf3/gazebo/agentsd_ws/install/smart_agent_gazebo/share/smart_agent_gazebo/models/SurgicalTrolleyMed/meshes\n'}
[1.364344] (smart_agent_gazebo) StdoutLine: {'line': b'symbolically linking /home/test/wf3/gazebo/agentsd_ws/build/smart_agent_gazebo/models/SurgicalTrolleyMed/meshes/SurgicalTrolleyMed.mtl -> /home/test/wf3/gazebo/agentsd_ws/install/smart_agent_gazebo/share/smart_agent_gazebo/models/SurgicalTrolleyMed/meshes\n'}
[1.364439] (smart_agent_gazebo) StdoutLine: {'line': b'symbolically linking /home/test/wf3/gazebo/agentsd_ws/build/smart_agent_gazebo/models/SurgicalTrolleyMed/meshes/SurgicalTrolleyMed_Col.mtl -> /home/test/wf3/gazebo/agentsd_ws/install/smart_agent_gazebo/share/smart_agent_gazebo/models/SurgicalTrolleyMed/meshes\n'}
[1.364623] (smart_agent_gazebo) StdoutLine: {'line': b'symbolically linking /home/test/wf3/gazebo/agentsd_ws/build/smart_agent_gazebo/models/SurgicalTrolleyMed/meshes/SurgicalTrolleyMed_Diffuse.png -> /home/test/wf3/gazebo/agentsd_ws/install/smart_agent_gazebo/share/smart_agent_gazebo/models/SurgicalTrolleyMed/meshes\n'}
[1.364718] (smart_agent_gazebo) StdoutLine: {'line': b'creating /home/test/wf3/gazebo/agentsd_ws/install/smart_agent_gazebo/share/smart_agent_gazebo/models/aws_robomaker_residential_Dumbbell_01\n'}
[1.364812] (smart_agent_gazebo) StdoutLine: {'line': b'symbolically linking /home/test/wf3/gazebo/agentsd_ws/build/smart_agent_gazebo/models/aws_robomaker_residential_Dumbbell_01/model.config -> /home/test/wf3/gazebo/agentsd_ws/install/smart_agent_gazebo/share/smart_agent_gazebo/models/aws_robomaker_residential_Dumbbell_01\n'}
[1.364905] (smart_agent_gazebo) StdoutLine: {'line': b'symbolically linking /home/test/wf3/gazebo/agentsd_ws/build/smart_agent_gazebo/models/aws_robomaker_residential_Dumbbell_01/model.sdf -> /home/test/wf3/gazebo/agentsd_ws/install/smart_agent_gazebo/share/smart_agent_gazebo/models/aws_robomaker_residential_Dumbbell_01\n'}
[1.364998] (smart_agent_gazebo) StdoutLine: {'line': b'creating /home/test/wf3/gazebo/agentsd_ws/install/smart_agent_gazebo/share/smart_agent_gazebo/models/aws_robomaker_residential_Dumbbell_01/materials\n'}
[1.365089] (smart_agent_gazebo) StdoutLine: {'line': b'creating /home/test/wf3/gazebo/agentsd_ws/install/smart_agent_gazebo/share/smart_agent_gazebo/models/aws_robomaker_residential_Dumbbell_01/materials/textures\n'}
[1.365179] (smart_agent_gazebo) StdoutLine: {'line': b'symbolically linking /home/test/wf3/gazebo/agentsd_ws/build/smart_agent_gazebo/models/aws_robomaker_residential_Dumbbell_01/materials/textures/aws_Dumbbell_01.png -> /home/test/wf3/gazebo/agentsd_ws/install/smart_agent_gazebo/share/smart_agent_gazebo/models/aws_robomaker_residential_Dumbbell_01/materials/textures\n'}
[1.365272] (smart_agent_gazebo) StdoutLine: {'line': b'creating /home/test/wf3/gazebo/agentsd_ws/install/smart_agent_gazebo/share/smart_agent_gazebo/models/aws_robomaker_residential_Dumbbell_01/meshes\n'}
[1.365365] (smart_agent_gazebo) StdoutLine: {'line': b'symbolically linking /home/test/wf3/gazebo/agentsd_ws/build/smart_agent_gazebo/models/aws_robomaker_residential_Dumbbell_01/meshes/aws_Dumbbell_01_collision.DAE -> /home/test/wf3/gazebo/agentsd_ws/install/smart_agent_gazebo/share/smart_agent_gazebo/models/aws_robomaker_residential_Dumbbell_01/meshes\n'}
[1.365458] (smart_agent_gazebo) StdoutLine: {'line': b'symbolically linking /home/test/wf3/gazebo/agentsd_ws/build/smart_agent_gazebo/models/aws_robomaker_residential_Dumbbell_01/meshes/aws_Dumbbell_01_visual.DAE -> /home/test/wf3/gazebo/agentsd_ws/install/smart_agent_gazebo/share/smart_agent_gazebo/models/aws_robomaker_residential_Dumbbell_01/meshes\n'}
[1.365562] (smart_agent_gazebo) StdoutLine: {'line': b'creating /home/test/wf3/gazebo/agentsd_ws/install/smart_agent_gazebo/share/smart_agent_gazebo/models/aws_robomaker_residential_SofaB_01\n'}
[1.365653] (smart_agent_gazebo) StdoutLine: {'line': b'symbolically linking /home/test/wf3/gazebo/agentsd_ws/build/smart_agent_gazebo/models/aws_robomaker_residential_SofaB_01/model.config -> /home/test/wf3/gazebo/agentsd_ws/install/smart_agent_gazebo/share/smart_agent_gazebo/models/aws_robomaker_residential_SofaB_01\n'}
[1.365745] (smart_agent_gazebo) StdoutLine: {'line': b'symbolically linking /home/test/wf3/gazebo/agentsd_ws/build/smart_agent_gazebo/models/aws_robomaker_residential_SofaB_01/model.sdf -> /home/test/wf3/gazebo/agentsd_ws/install/smart_agent_gazebo/share/smart_agent_gazebo/models/aws_robomaker_residential_SofaB_01\n'}
[1.365897] (smart_agent_gazebo) StdoutLine: {'line': b'creating /home/test/wf3/gazebo/agentsd_ws/install/smart_agent_gazebo/share/smart_agent_gazebo/models/aws_robomaker_residential_SofaB_01/materials\n'}
[1.366026] (smart_agent_gazebo) StdoutLine: {'line': b'creating /home/test/wf3/gazebo/agentsd_ws/install/smart_agent_gazebo/share/smart_agent_gazebo/models/aws_robomaker_residential_SofaB_01/materials/textures\n'}
[1.366118] (smart_agent_gazebo) StdoutLine: {'line': b'symbolically linking /home/test/wf3/gazebo/agentsd_ws/build/smart_agent_gazebo/models/aws_robomaker_residential_SofaB_01/materials/textures/aws_SofaB_01.png -> /home/test/wf3/gazebo/agentsd_ws/install/smart_agent_gazebo/share/smart_agent_gazebo/models/aws_robomaker_residential_SofaB_01/materials/textures\n'}
[1.366213] (smart_agent_gazebo) StdoutLine: {'line': b'creating /home/test/wf3/gazebo/agentsd_ws/install/smart_agent_gazebo/share/smart_agent_gazebo/models/aws_robomaker_residential_SofaB_01/meshes\n'}
[1.366303] (smart_agent_gazebo) StdoutLine: {'line': b'symbolically linking /home/test/wf3/gazebo/agentsd_ws/build/smart_agent_gazebo/models/aws_robomaker_residential_SofaB_01/meshes/aws_SofaB_01_collision.DAE -> /home/test/wf3/gazebo/agentsd_ws/install/smart_agent_gazebo/share/smart_agent_gazebo/models/aws_robomaker_residential_SofaB_01/meshes\n'}
[1.366396] (smart_agent_gazebo) StdoutLine: {'line': b'symbolically linking /home/test/wf3/gazebo/agentsd_ws/build/smart_agent_gazebo/models/aws_robomaker_residential_SofaB_01/meshes/aws_SofaB_01_visual.DAE -> /home/test/wf3/gazebo/agentsd_ws/install/smart_agent_gazebo/share/smart_agent_gazebo/models/aws_robomaker_residential_SofaB_01/meshes\n'}
[1.366487] (smart_agent_gazebo) StdoutLine: {'line': b'creating /home/test/wf3/gazebo/agentsd_ws/install/smart_agent_gazebo/share/smart_agent_gazebo/models/aws_robomaker_residential_PortraitB_03\n'}
[1.366576] (smart_agent_gazebo) StdoutLine: {'line': b'symbolically linking /home/test/wf3/gazebo/agentsd_ws/build/smart_agent_gazebo/models/aws_robomaker_residential_PortraitB_03/model.config -> /home/test/wf3/gazebo/agentsd_ws/install/smart_agent_gazebo/share/smart_agent_gazebo/models/aws_robomaker_residential_PortraitB_03\n'}
[1.366668] (smart_agent_gazebo) StdoutLine: {'line': b'symbolically linking /home/test/wf3/gazebo/agentsd_ws/build/smart_agent_gazebo/models/aws_robomaker_residential_PortraitB_03/model.sdf -> /home/test/wf3/gazebo/agentsd_ws/install/smart_agent_gazebo/share/smart_agent_gazebo/models/aws_robomaker_residential_PortraitB_03\n'}
[1.366760] (smart_agent_gazebo) StdoutLine: {'line': b'creating /home/test/wf3/gazebo/agentsd_ws/install/smart_agent_gazebo/share/smart_agent_gazebo/models/aws_robomaker_residential_PortraitB_03/materials\n'}
[1.366852] (smart_agent_gazebo) StdoutLine: {'line': b'creating /home/test/wf3/gazebo/agentsd_ws/install/smart_agent_gazebo/share/smart_agent_gazebo/models/aws_robomaker_residential_PortraitB_03/materials/textures\n'}
[1.366942] (smart_agent_gazebo) StdoutLine: {'line': b'symbolically linking /home/test/wf3/gazebo/agentsd_ws/build/smart_agent_gazebo/models/aws_robomaker_residential_PortraitB_03/materials/textures/aws_PortraitB_02.png -> /home/test/wf3/gazebo/agentsd_ws/install/smart_agent_gazebo/share/smart_agent_gazebo/models/aws_robomaker_residential_PortraitB_03/materials/textures\n'}
[1.367037] (smart_agent_gazebo) StdoutLine: {'line': b'symbolically linking /home/test/wf3/gazebo/agentsd_ws/build/smart_agent_gazebo/models/aws_robomaker_residential_PortraitB_03/materials/textures/aws_PortraitB_01.png -> /home/test/wf3/gazebo/agentsd_ws/install/smart_agent_gazebo/share/smart_agent_gazebo/models/aws_robomaker_residential_PortraitB_03/materials/textures\n'}
[1.367129] (smart_agent_gazebo) StdoutLine: {'line': b'creating /home/test/wf3/gazebo/agentsd_ws/install/smart_agent_gazebo/share/smart_agent_gazebo/models/aws_robomaker_residential_PortraitB_03/meshes\n'}
[1.367232] (smart_agent_gazebo) StdoutLine: {'line': b'symbolically linking /home/test/wf3/gazebo/agentsd_ws/build/smart_agent_gazebo/models/aws_robomaker_residential_PortraitB_03/meshes/aws_PortraitB_01_collision.DAE -> /home/test/wf3/gazebo/agentsd_ws/install/smart_agent_gazebo/share/smart_agent_gazebo/models/aws_robomaker_residential_PortraitB_03/meshes\n'}
[1.367437] (smart_agent_gazebo) StdoutLine: {'line': b'symbolically linking /home/test/wf3/gazebo/agentsd_ws/build/smart_agent_gazebo/models/aws_robomaker_residential_PortraitB_03/meshes/aws_PortraitB_01_visual.DAE -> /home/test/wf3/gazebo/agentsd_ws/install/smart_agent_gazebo/share/smart_agent_gazebo/models/aws_robomaker_residential_PortraitB_03/meshes\n'}
[1.367530] (smart_agent_gazebo) StdoutLine: {'line': b'creating /home/test/wf3/gazebo/agentsd_ws/install/smart_agent_gazebo/share/smart_agent_gazebo/models/aws_robomaker_residential_DeskPortraitA_01\n'}
[1.367626] (smart_agent_gazebo) StdoutLine: {'line': b'symbolically linking /home/test/wf3/gazebo/agentsd_ws/build/smart_agent_gazebo/models/aws_robomaker_residential_DeskPortraitA_01/model.config -> /home/test/wf3/gazebo/agentsd_ws/install/smart_agent_gazebo/share/smart_agent_gazebo/models/aws_robomaker_residential_DeskPortraitA_01\n'}
[1.367770] (smart_agent_gazebo) StdoutLine: {'line': b'symbolically linking /home/test/wf3/gazebo/agentsd_ws/build/smart_agent_gazebo/models/aws_robomaker_residential_DeskPortraitA_01/model.sdf -> /home/test/wf3/gazebo/agentsd_ws/install/smart_agent_gazebo/share/smart_agent_gazebo/models/aws_robomaker_residential_DeskPortraitA_01\n'}
[1.367863] (smart_agent_gazebo) StdoutLine: {'line': b'creating /home/test/wf3/gazebo/agentsd_ws/install/smart_agent_gazebo/share/smart_agent_gazebo/models/aws_robomaker_residential_DeskPortraitA_01/materials\n'}
[1.367955] (smart_agent_gazebo) StdoutLine: {'line': b'creating /home/test/wf3/gazebo/agentsd_ws/install/smart_agent_gazebo/share/smart_agent_gazebo/models/aws_robomaker_residential_DeskPortraitA_01/materials/textures\n'}
[1.368047] (smart_agent_gazebo) StdoutLine: {'line': b'symbolically linking /home/test/wf3/gazebo/agentsd_ws/build/smart_agent_gazebo/models/aws_robomaker_residential_DeskPortraitA_01/materials/textures/aws_DeskPortraitA_01.png -> /home/test/wf3/gazebo/agentsd_ws/install/smart_agent_gazebo/share/smart_agent_gazebo/models/aws_robomaker_residential_DeskPortraitA_01/materials/textures\n'}
[1.368138] (smart_agent_gazebo) StdoutLine: {'line': b'symbolically linking /home/test/wf3/gazebo/agentsd_ws/build/smart_agent_gazebo/models/aws_robomaker_residential_DeskPortraitA_01/materials/textures/aws_DeskPortraitA_02.png -> /home/test/wf3/gazebo/agentsd_ws/install/smart_agent_gazebo/share/smart_agent_gazebo/models/aws_robomaker_residential_DeskPortraitA_01/materials/textures\n'}
[1.368229] (smart_agent_gazebo) StdoutLine: {'line': b'creating /home/test/wf3/gazebo/agentsd_ws/install/smart_agent_gazebo/share/smart_agent_gazebo/models/aws_robomaker_residential_DeskPortraitA_01/meshes\n'}
[1.368320] (smart_agent_gazebo) StdoutLine: {'line': b'symbolically linking /home/test/wf3/gazebo/agentsd_ws/build/smart_agent_gazebo/models/aws_robomaker_residential_DeskPortraitA_01/meshes/aws_DeskPortraitA_01_collision.DAE -> /home/test/wf3/gazebo/agentsd_ws/install/smart_agent_gazebo/share/smart_agent_gazebo/models/aws_robomaker_residential_DeskPortraitA_01/meshes\n'}
[1.368411] (smart_agent_gazebo) StdoutLine: {'line': b'symbolically linking /home/test/wf3/gazebo/agentsd_ws/build/smart_agent_gazebo/models/aws_robomaker_residential_DeskPortraitA_01/meshes/aws_DeskPortraitA_01_visual.DAE -> /home/test/wf3/gazebo/agentsd_ws/install/smart_agent_gazebo/share/smart_agent_gazebo/models/aws_robomaker_residential_DeskPortraitA_01/meshes\n'}
[1.368501] (smart_agent_gazebo) StdoutLine: {'line': b'creating /home/test/wf3/gazebo/agentsd_ws/install/smart_agent_gazebo/share/smart_agent_gazebo/models/aws_robomaker_residential_RoomWall_01\n'}
[1.368590] (smart_agent_gazebo) StdoutLine: {'line': b'symbolically linking /home/test/wf3/gazebo/agentsd_ws/build/smart_agent_gazebo/models/aws_robomaker_residential_RoomWall_01/model.config -> /home/test/wf3/gazebo/agentsd_ws/install/smart_agent_gazebo/share/smart_agent_gazebo/models/aws_robomaker_residential_RoomWall_01\n'}
[1.368680] (smart_agent_gazebo) StdoutLine: {'line': b'symbolically linking /home/test/wf3/gazebo/agentsd_ws/build/smart_agent_gazebo/models/aws_robomaker_residential_RoomWall_01/model.sdf -> /home/test/wf3/gazebo/agentsd_ws/install/smart_agent_gazebo/share/smart_agent_gazebo/models/aws_robomaker_residential_RoomWall_01\n'}
[1.368880] (smart_agent_gazebo) StdoutLine: {'line': b'creating /home/test/wf3/gazebo/agentsd_ws/install/smart_agent_gazebo/share/smart_agent_gazebo/models/aws_robomaker_residential_RoomWall_01/materials\n'}
[1.368973] (smart_agent_gazebo) StdoutLine: {'line': b'creating /home/test/wf3/gazebo/agentsd_ws/install/smart_agent_gazebo/share/smart_agent_gazebo/models/aws_robomaker_residential_RoomWall_01/materials/textures\n'}
[1.369077] (smart_agent_gazebo) StdoutLine: {'line': b'symbolically linking /home/test/wf3/gazebo/agentsd_ws/build/smart_agent_gazebo/models/aws_robomaker_residential_RoomWall_01/materials/textures/aws_RoomWall_01.png -> /home/test/wf3/gazebo/agentsd_ws/install/smart_agent_gazebo/share/smart_agent_gazebo/models/aws_robomaker_residential_RoomWall_01/materials/textures\n'}
[1.369172] (smart_agent_gazebo) StdoutLine: {'line': b'creating /home/test/wf3/gazebo/agentsd_ws/install/smart_agent_gazebo/share/smart_agent_gazebo/models/aws_robomaker_residential_RoomWall_01/meshes\n'}
[1.369263] (smart_agent_gazebo) StdoutLine: {'line': b'symbolically linking /home/test/wf3/gazebo/agentsd_ws/build/smart_agent_gazebo/models/aws_robomaker_residential_RoomWall_01/meshes/aws_RoomWall_01_visual.DAE -> /home/test/wf3/gazebo/agentsd_ws/install/smart_agent_gazebo/share/smart_agent_gazebo/models/aws_robomaker_residential_RoomWall_01/meshes\n'}
[1.369358] (smart_agent_gazebo) StdoutLine: {'line': b'symbolically linking /home/test/wf3/gazebo/agentsd_ws/build/smart_agent_gazebo/models/aws_robomaker_residential_RoomWall_01/meshes/aws_RoomWall_01_collision.DAE -> /home/test/wf3/gazebo/agentsd_ws/install/smart_agent_gazebo/share/smart_agent_gazebo/models/aws_robomaker_residential_RoomWall_01/meshes\n'}
[1.369544] (smart_agent_gazebo) CommandEnded: {'returncode': 0}
[1.410183] (smart_agent_gazebo) JobEnded: {'identifier': 'smart_agent_gazebo', 'rc': 0}
[1.411355] (-) EventReactorShutdown: {}
