[0.000000] (-) TimerEvent: {}
[0.000348] (smart_agent_gazebo) JobQueued: {'identifier': 'smart_agent_gazebo', 'dependencies': OrderedDict()}
[0.000463] (smart_agent_gazebo) JobStarted: {'identifier': 'smart_agent_gazebo'}
[0.099334] (-) TimerEvent: {}
[0.199606] (-) TimerEvent: {}
[0.305125] (-) TimerEvent: {}
[0.410469] (-) TimerEvent: {}
[0.510688] (-) TimerEvent: {}
[0.610874] (-) TimerEvent: {}
[0.677239] (smart_agent_gazebo) Command: {'cmd': ['/usr/bin/python3', '-W', 'ignore:setup.py install is deprecated', '-W', 'ignore:easy_install command is deprecated', 'setup.py', 'egg_info', '--egg-base', '../../build/smart_agent_gazebo', 'build', '--build-base', '/home/test/wf3/gazebo/agentsd_ws/build/smart_agent_gazebo/build', 'install', '--record', '/home/test/wf3/gazebo/agentsd_ws/build/smart_agent_gazebo/install.log', '--single-version-externally-managed', 'install_data'], 'cwd': '/home/test/wf3/gazebo/agentsd_ws/src/smart_agent_gazebo', 'env': {'LESSOPEN': '| /usr/bin/lesspipe %s', 'USER': 'test', 'SSH_CLIENT': '192.168.137.20 7287 22', 'XDG_SESSION_TYPE': 'tty', 'SHLVL': '1', 'LD_LIBRARY_PATH': '/usr/lib/x86_64-linux-gnu/gazebo-11/plugins:/opt/ros/humble/opt/rviz_ogre_vendor/lib:/opt/ros/humble/lib/x86_64-linux-gnu:/opt/ros/humble/lib:/usr/local/cuda-12.6/lib64:/usr/local/cuda-11.8/lib64:', 'MOTD_SHOWN': 'pam', 'HOME': '/home/test', 'OLDPWD': '/home/test/wf3/gazebo', 'SSH_TTY': '/dev/pts/8', 'ROS_PYTHON_VERSION': '3', 'DBUS_SESSION_BUS_ADDRESS': 'unix:path=/run/user/1010/bus', 'COLCON_PREFIX_PATH': '/home/test/wf3/gazebo/agentsd_ws/install', 'ROS_DISTRO': 'humble', 'LOGNAME': 'test', '_': '/usr/bin/colcon', 'ROS_VERSION': '2', 'XDG_SESSION_CLASS': 'user', 'TERM': 'xterm', 'XDG_SESSION_ID': '1547', 'ROS_LOCALHOST_ONLY': '0', 'PATH': '/home/test/.local/bin:/opt/ros/humble/bin:/usr/local/cuda-12.6/bin:/usr/local/cuda-11.8/bin:/usr/local/sbin:/usr/local/bin:/usr/sbin:/usr/bin:/sbin:/bin:/usr/games:/usr/local/games:/snap/bin', 'XDG_RUNTIME_DIR': '/run/user/1010', 'DISPLAY': 'localhost:10.0', 'LANG': 'en_US.UTF-8', 'LS_COLORS': 'rs=0:di=01;34:ln=01;36:mh=00:pi=40;33:so=01;35:do=01;35:bd=40;33;01:cd=40;33;01:or=40;31;01:mi=00:su=37;41:sg=30;43:ca=30;41:tw=30;42:ow=34;42:st=37;44:ex=01;32:*.tar=01;31:*.tgz=01;31:*.arc=01;31:*.arj=01;31:*.taz=01;31:*.lha=01;31:*.lz4=01;31:*.lzh=01;31:*.lzma=01;31:*.tlz=01;31:*.txz=01;31:*.tzo=01;31:*.t7z=01;31:*.zip=01;31:*.z=01;31:*.dz=01;31:*.gz=01;31:*.lrz=01;31:*.lz=01;31:*.lzo=01;31:*.xz=01;31:*.zst=01;31:*.tzst=01;31:*.bz2=01;31:*.bz=01;31:*.tbz=01;31:*.tbz2=01;31:*.tz=01;31:*.deb=01;31:*.rpm=01;31:*.jar=01;31:*.war=01;31:*.ear=01;31:*.sar=01;31:*.rar=01;31:*.alz=01;31:*.ace=01;31:*.zoo=01;31:*.cpio=01;31:*.7z=01;31:*.rz=01;31:*.cab=01;31:*.wim=01;31:*.swm=01;31:*.dwm=01;31:*.esd=01;31:*.jpg=01;35:*.jpeg=01;35:*.mjpg=01;35:*.mjpeg=01;35:*.gif=01;35:*.bmp=01;35:*.pbm=01;35:*.pgm=01;35:*.ppm=01;35:*.tga=01;35:*.xbm=01;35:*.xpm=01;35:*.tif=01;35:*.tiff=01;35:*.png=01;35:*.svg=01;35:*.svgz=01;35:*.mng=01;35:*.pcx=01;35:*.mov=01;35:*.mpg=01;35:*.mpeg=01;35:*.m2v=01;35:*.mkv=01;35:*.webm=01;35:*.webp=01;35:*.ogm=01;35:*.mp4=01;35:*.m4v=01;35:*.mp4v=01;35:*.vob=01;35:*.qt=01;35:*.nuv=01;35:*.wmv=01;35:*.asf=01;35:*.rm=01;35:*.rmvb=01;35:*.flc=01;35:*.avi=01;35:*.fli=01;35:*.flv=01;35:*.gl=01;35:*.dl=01;35:*.xcf=01;35:*.xwd=01;35:*.yuv=01;35:*.cgm=01;35:*.emf=01;35:*.ogv=01;35:*.ogx=01;35:*.aac=00;36:*.au=00;36:*.flac=00;36:*.m4a=00;36:*.mid=00;36:*.midi=00;36:*.mka=00;36:*.mp3=00;36:*.mpc=00;36:*.ogg=00;36:*.ra=00;36:*.wav=00;36:*.oga=00;36:*.opus=00;36:*.spx=00;36:*.xspf=00;36:', 'AMENT_PREFIX_PATH': '/home/test/wf3/gazebo/agentsd_ws/install/smart_agent_gazebo:/opt/ros/humble', 'SHELL': '/bin/bash', 'LESSCLOSE': '/usr/bin/lesspipe %s %s', 'PWD': '/home/test/wf3/gazebo/agentsd_ws/build/smart_agent_gazebo', 'SSH_CONNECTION': '192.168.137.20 7287 192.168.137.102 22', 'XDG_DATA_DIRS': '/usr/local/share:/usr/share:/var/lib/snapd/desktop', 'PYTHONPATH': '/home/test/wf3/gazebo/agentsd_ws/build/smart_agent_gazebo/prefix_override:/usr/lib/python3/dist-packages/colcon_core/task/python/colcon_distutils_commands:/home/test/wf3/gazebo/agentsd_ws/install/smart_agent_gazebo/lib/python3.10/site-packages:/home/test/wf3/gazebo/agentsd_ws/install/smart_agent_gazebo/lib/python3.10/site-packages:/opt/ros/humble/lib/python3.10/site-packages:/opt/ros/humble/local/lib/python3.10/dist-packages', 'COLCON': '1'}, 'shell': False}
[0.710971] (-) TimerEvent: {}
[0.811224] (-) TimerEvent: {}
[0.911418] (-) TimerEvent: {}
[0.956360] (smart_agent_gazebo) StdoutLine: {'line': b'running egg_info\n'}
[0.956774] (smart_agent_gazebo) StdoutLine: {'line': b'creating ../../build/smart_agent_gazebo/smart_agent_gazebo.egg-info\n'}
[0.956978] (smart_agent_gazebo) StdoutLine: {'line': b'writing ../../build/smart_agent_gazebo/smart_agent_gazebo.egg-info/PKG-INFO\n'}
[0.957193] (smart_agent_gazebo) StdoutLine: {'line': b'writing dependency_links to ../../build/smart_agent_gazebo/smart_agent_gazebo.egg-info/dependency_links.txt\n'}
[0.957448] (smart_agent_gazebo) StdoutLine: {'line': b'writing entry points to ../../build/smart_agent_gazebo/smart_agent_gazebo.egg-info/entry_points.txt\n'}
[0.957598] (smart_agent_gazebo) StdoutLine: {'line': b'writing requirements to ../../build/smart_agent_gazebo/smart_agent_gazebo.egg-info/requires.txt\n'}
[0.957736] (smart_agent_gazebo) StdoutLine: {'line': b'writing top-level names to ../../build/smart_agent_gazebo/smart_agent_gazebo.egg-info/top_level.txt\n'}
[0.957875] (smart_agent_gazebo) StdoutLine: {'line': b"writing manifest file '../../build/smart_agent_gazebo/smart_agent_gazebo.egg-info/SOURCES.txt'\n"}
[0.962568] (smart_agent_gazebo) StdoutLine: {'line': b"reading manifest file '../../build/smart_agent_gazebo/smart_agent_gazebo.egg-info/SOURCES.txt'\n"}
[0.967212] (smart_agent_gazebo) StdoutLine: {'line': b"writing manifest file '../../build/smart_agent_gazebo/smart_agent_gazebo.egg-info/SOURCES.txt'\n"}
[0.967408] (smart_agent_gazebo) StdoutLine: {'line': b'running build\n'}
[0.967606] (smart_agent_gazebo) StdoutLine: {'line': b'running build_py\n'}
[0.967866] (smart_agent_gazebo) StdoutLine: {'line': b'creating /home/test/wf3/gazebo/agentsd_ws/build/smart_agent_gazebo/build\n'}
[0.968023] (smart_agent_gazebo) StdoutLine: {'line': b'creating /home/test/wf3/gazebo/agentsd_ws/build/smart_agent_gazebo/build/lib\n'}
[0.968171] (smart_agent_gazebo) StdoutLine: {'line': b'creating /home/test/wf3/gazebo/agentsd_ws/build/smart_agent_gazebo/build/lib/smart_agent_gazebo\n'}
[0.968320] (smart_agent_gazebo) StdoutLine: {'line': b'copying smart_agent_gazebo/__init__.py -> /home/test/wf3/gazebo/agentsd_ws/build/smart_agent_gazebo/build/lib/smart_agent_gazebo\n'}
[0.968472] (smart_agent_gazebo) StdoutLine: {'line': b'copying smart_agent_gazebo/sensor_monitor.py -> /home/test/wf3/gazebo/agentsd_ws/build/smart_agent_gazebo/build/lib/smart_agent_gazebo\n'}
[0.968618] (smart_agent_gazebo) StdoutLine: {'line': b'copying smart_agent_gazebo/dataset_recorder.py -> /home/test/wf3/gazebo/agentsd_ws/build/smart_agent_gazebo/build/lib/smart_agent_gazebo\n'}
[0.968767] (smart_agent_gazebo) StdoutLine: {'line': b'copying smart_agent_gazebo/data_recorder.py -> /home/test/wf3/gazebo/agentsd_ws/build/smart_agent_gazebo/build/lib/smart_agent_gazebo\n'}
[0.968967] (smart_agent_gazebo) StdoutLine: {'line': b'copying smart_agent_gazebo/web_gateway.py -> /home/test/wf3/gazebo/agentsd_ws/build/smart_agent_gazebo/build/lib/smart_agent_gazebo\n'}
[0.969202] (smart_agent_gazebo) StdoutLine: {'line': b'copying smart_agent_gazebo/keyboard_teleop.py -> /home/test/wf3/gazebo/agentsd_ws/build/smart_agent_gazebo/build/lib/smart_agent_gazebo\n'}
[0.969371] (smart_agent_gazebo) StdoutLine: {'line': b'running install\n'}
[0.969523] (smart_agent_gazebo) StdoutLine: {'line': b'running install_lib\n'}
[0.969674] (smart_agent_gazebo) StdoutLine: {'line': b'creating /home/test/wf3/gazebo/agentsd_ws/install/smart_agent_gazebo/lib/python3.10/site-packages/smart_agent_gazebo\n'}
[0.969823] (smart_agent_gazebo) StdoutLine: {'line': b'copying /home/test/wf3/gazebo/agentsd_ws/build/smart_agent_gazebo/build/lib/smart_agent_gazebo/__init__.py -> /home/test/wf3/gazebo/agentsd_ws/install/smart_agent_gazebo/lib/python3.10/site-packages/smart_agent_gazebo\n'}
[0.970069] (smart_agent_gazebo) StdoutLine: {'line': b'copying /home/test/wf3/gazebo/agentsd_ws/build/smart_agent_gazebo/build/lib/smart_agent_gazebo/sensor_monitor.py -> /home/test/wf3/gazebo/agentsd_ws/install/smart_agent_gazebo/lib/python3.10/site-packages/smart_agent_gazebo\n'}
[0.970271] (smart_agent_gazebo) StdoutLine: {'line': b'copying /home/test/wf3/gazebo/agentsd_ws/build/smart_agent_gazebo/build/lib/smart_agent_gazebo/dataset_recorder.py -> /home/test/wf3/gazebo/agentsd_ws/install/smart_agent_gazebo/lib/python3.10/site-packages/smart_agent_gazebo\n'}
[0.970414] (smart_agent_gazebo) StdoutLine: {'line': b'copying /home/test/wf3/gazebo/agentsd_ws/build/smart_agent_gazebo/build/lib/smart_agent_gazebo/data_recorder.py -> /home/test/wf3/gazebo/agentsd_ws/install/smart_agent_gazebo/lib/python3.10/site-packages/smart_agent_gazebo\n'}
[0.970556] (smart_agent_gazebo) StdoutLine: {'line': b'copying /home/test/wf3/gazebo/agentsd_ws/build/smart_agent_gazebo/build/lib/smart_agent_gazebo/web_gateway.py -> /home/test/wf3/gazebo/agentsd_ws/install/smart_agent_gazebo/lib/python3.10/site-packages/smart_agent_gazebo\n'}
[0.970697] (smart_agent_gazebo) StdoutLine: {'line': b'copying /home/test/wf3/gazebo/agentsd_ws/build/smart_agent_gazebo/build/lib/smart_agent_gazebo/keyboard_teleop.py -> /home/test/wf3/gazebo/agentsd_ws/install/smart_agent_gazebo/lib/python3.10/site-packages/smart_agent_gazebo\n'}
[0.970832] (smart_agent_gazebo) StdoutLine: {'line': b'byte-compiling /home/test/wf3/gazebo/agentsd_ws/install/smart_agent_gazebo/lib/python3.10/site-packages/smart_agent_gazebo/__init__.py to __init__.cpython-310.pyc\n'}
[0.970970] (smart_agent_gazebo) StdoutLine: {'line': b'byte-compiling /home/test/wf3/gazebo/agentsd_ws/install/smart_agent_gazebo/lib/python3.10/site-packages/smart_agent_gazebo/sensor_monitor.py to sensor_monitor.cpython-310.pyc\n'}
[0.971105] (smart_agent_gazebo) StdoutLine: {'line': b'byte-compiling /home/test/wf3/gazebo/agentsd_ws/install/smart_agent_gazebo/lib/python3.10/site-packages/smart_agent_gazebo/dataset_recorder.py to dataset_recorder.cpython-310.pyc\n'}
[0.972179] (smart_agent_gazebo) StdoutLine: {'line': b'byte-compiling /home/test/wf3/gazebo/agentsd_ws/install/smart_agent_gazebo/lib/python3.10/site-packages/smart_agent_gazebo/data_recorder.py to data_recorder.cpython-310.pyc\n'}
[0.975720] (smart_agent_gazebo) StdoutLine: {'line': b'byte-compiling /home/test/wf3/gazebo/agentsd_ws/install/smart_agent_gazebo/lib/python3.10/site-packages/smart_agent_gazebo/web_gateway.py to web_gateway.cpython-310.pyc\n'}
[0.977892] (smart_agent_gazebo) StdoutLine: {'line': b'byte-compiling /home/test/wf3/gazebo/agentsd_ws/install/smart_agent_gazebo/lib/python3.10/site-packages/smart_agent_gazebo/keyboard_teleop.py to keyboard_teleop.cpython-310.pyc\n'}
[0.978436] (smart_agent_gazebo) StdoutLine: {'line': b'running install_data\n'}
[0.978706] (smart_agent_gazebo) StdoutLine: {'line': b'creating /home/test/wf3/gazebo/agentsd_ws/install/smart_agent_gazebo/share/ament_index\n'}
[0.978866] (smart_agent_gazebo) StdoutLine: {'line': b'creating /home/test/wf3/gazebo/agentsd_ws/install/smart_agent_gazebo/share/ament_index/resource_index\n'}
[0.979015] (smart_agent_gazebo) StdoutLine: {'line': b'creating /home/test/wf3/gazebo/agentsd_ws/install/smart_agent_gazebo/share/ament_index/resource_index/packages\n'}
[0.979158] (smart_agent_gazebo) StdoutLine: {'line': b'copying resource/smart_agent_gazebo -> /home/test/wf3/gazebo/agentsd_ws/install/smart_agent_gazebo/share/ament_index/resource_index/packages\n'}
[0.979303] (smart_agent_gazebo) StdoutLine: {'line': b'copying package.xml -> /home/test/wf3/gazebo/agentsd_ws/install/smart_agent_gazebo/share/smart_agent_gazebo\n'}
[0.979448] (smart_agent_gazebo) StdoutLine: {'line': b'creating /home/test/wf3/gazebo/agentsd_ws/install/smart_agent_gazebo/share/smart_agent_gazebo/launch\n'}
[0.979645] (smart_agent_gazebo) StdoutLine: {'line': b'copying launch/spawn_agent_with_record.launch.py -> /home/test/wf3/gazebo/agentsd_ws/install/smart_agent_gazebo/share/smart_agent_gazebo/launch\n'}
[0.979902] (smart_agent_gazebo) StdoutLine: {'line': b'copying launch/spawn_agent_no_record.launch.py -> /home/test/wf3/gazebo/agentsd_ws/install/smart_agent_gazebo/share/smart_agent_gazebo/launch\n'}
[0.980047] (smart_agent_gazebo) StdoutLine: {'line': b'copying launch/spawn_agent.launch.py -> /home/test/wf3/gazebo/agentsd_ws/install/smart_agent_gazebo/share/smart_agent_gazebo/launch\n'}
[0.980186] (smart_agent_gazebo) StdoutLine: {'line': b'copying launch/spawn_agent_headless_web.launch.py -> /home/test/wf3/gazebo/agentsd_ws/install/smart_agent_gazebo/share/smart_agent_gazebo/launch\n'}
[0.980321] (smart_agent_gazebo) StdoutLine: {'line': b'creating /home/test/wf3/gazebo/agentsd_ws/install/smart_agent_gazebo/share/smart_agent_gazebo/urdf\n'}
[0.980451] (smart_agent_gazebo) StdoutLine: {'line': b'copying urdf/smart_agent.urdf.xacro -> /home/test/wf3/gazebo/agentsd_ws/install/smart_agent_gazebo/share/smart_agent_gazebo/urdf\n'}
[0.980587] (smart_agent_gazebo) StdoutLine: {'line': b'creating /home/test/wf3/gazebo/agentsd_ws/install/smart_agent_gazebo/share/smart_agent_gazebo/worlds\n'}
[0.980720] (smart_agent_gazebo) StdoutLine: {'line': b'copying worlds/toposlam_validation.world -> /home/test/wf3/gazebo/agentsd_ws/install/smart_agent_gazebo/share/smart_agent_gazebo/worlds\n'}
[0.980855] (smart_agent_gazebo) StdoutLine: {'line': b'copying worlds/small_house.world -> /home/test/wf3/gazebo/agentsd_ws/install/smart_agent_gazebo/share/smart_agent_gazebo/worlds\n'}
[0.980990] (smart_agent_gazebo) StdoutLine: {'line': b'creating /home/test/wf3/gazebo/agentsd_ws/install/smart_agent_gazebo/share/photos\n'}
[0.981122] (smart_agent_gazebo) StdoutLine: {'line': b'copying photos/PortraitD_01.jpg -> /home/test/wf3/gazebo/agentsd_ws/install/smart_agent_gazebo/share/photos\n'}
[0.981254] (smart_agent_gazebo) StdoutLine: {'line': b'copying photos/PortraitC_01.jpg -> /home/test/wf3/gazebo/agentsd_ws/install/smart_agent_gazebo/share/photos\n'}
[0.981385] (smart_agent_gazebo) StdoutLine: {'line': b'copying photos/DeskPortraitB_02.jpg -> /home/test/wf3/gazebo/agentsd_ws/install/smart_agent_gazebo/share/photos\n'}
[0.983010] (smart_agent_gazebo) StdoutLine: {'line': b'copying photos/DeskPortraitA_02.jpg -> /home/test/wf3/gazebo/agentsd_ws/install/smart_agent_gazebo/share/photos\n'}
[0.983716] (smart_agent_gazebo) StdoutLine: {'line': b'copying photos/DeskPortraitD_04.jpg -> /home/test/wf3/gazebo/agentsd_ws/install/smart_agent_gazebo/share/photos\n'}
[0.983939] (smart_agent_gazebo) StdoutLine: {'line': b'copying photos/DeskPortraitD_02.jpg -> /home/test/wf3/gazebo/agentsd_ws/install/smart_agent_gazebo/share/photos\n'}
[0.984175] (smart_agent_gazebo) StdoutLine: {'line': b'copying photos/DeskPortraitC_02.jpg -> /home/test/wf3/gazebo/agentsd_ws/install/smart_agent_gazebo/share/photos\n'}
[0.984370] (smart_agent_gazebo) StdoutLine: {'line': b'copying photos/PortraitB_02.jpg -> /home/test/wf3/gazebo/agentsd_ws/install/smart_agent_gazebo/share/photos\n'}
[0.985793] (smart_agent_gazebo) StdoutLine: {'line': b'copying photos/DeskPortraitC_01.jpg -> /home/test/wf3/gazebo/agentsd_ws/install/smart_agent_gazebo/share/photos\n'}
[0.989091] (smart_agent_gazebo) StdoutLine: {'line': b'copying photos/PortraitB_01.jpg -> /home/test/wf3/gazebo/agentsd_ws/install/smart_agent_gazebo/share/photos\n'}
[0.989706] (smart_agent_gazebo) StdoutLine: {'line': b'copying photos/PortraitE_02.jpg -> /home/test/wf3/gazebo/agentsd_ws/install/smart_agent_gazebo/share/photos\n'}
[0.989894] (smart_agent_gazebo) StdoutLine: {'line': b'copying photos/DeskPortraitA_01.jpg -> /home/test/wf3/gazebo/agentsd_ws/install/smart_agent_gazebo/share/photos\n'}
[0.990063] (smart_agent_gazebo) StdoutLine: {'line': b'copying photos/DeskPortraitD_03.jpg -> /home/test/wf3/gazebo/agentsd_ws/install/smart_agent_gazebo/share/photos\n'}
[0.990276] (smart_agent_gazebo) StdoutLine: {'line': b'copying photos/DeskPortraitD_01.jpg -> /home/test/wf3/gazebo/agentsd_ws/install/smart_agent_gazebo/share/photos\n'}
[0.990595] (smart_agent_gazebo) StdoutLine: {'line': b'copying photos/PortraitA_02.jpg -> /home/test/wf3/gazebo/agentsd_ws/install/smart_agent_gazebo/share/photos\n'}
[0.991094] (smart_agent_gazebo) StdoutLine: {'line': b'copying photos/PortraitA_01.jpg -> /home/test/wf3/gazebo/agentsd_ws/install/smart_agent_gazebo/share/photos\n'}
[0.991273] (smart_agent_gazebo) StdoutLine: {'line': b'copying photos/PortraitD_02.jpg -> /home/test/wf3/gazebo/agentsd_ws/install/smart_agent_gazebo/share/photos\n'}
[0.991457] (smart_agent_gazebo) StdoutLine: {'line': b'copying photos/DeskPortraitB_01.jpg -> /home/test/wf3/gazebo/agentsd_ws/install/smart_agent_gazebo/share/photos\n'}
[0.991653] (smart_agent_gazebo) StdoutLine: {'line': b'copying photos/PortraitE_01.jpg -> /home/test/wf3/gazebo/agentsd_ws/install/smart_agent_gazebo/share/photos\n'}
[0.991857] (smart_agent_gazebo) StdoutLine: {'line': b'copying photos/PortraitB_03.jpg -> /home/test/wf3/gazebo/agentsd_ws/install/smart_agent_gazebo/share/photos\n'}
[0.992088] (smart_agent_gazebo) StdoutLine: {'line': b'creating /home/test/wf3/gazebo/agentsd_ws/install/smart_agent_gazebo/share/smart_agent_gazebo/photos\n'}
[0.992245] (smart_agent_gazebo) StdoutLine: {'line': b'copying photos/PortraitD_01.jpg -> /home/test/wf3/gazebo/agentsd_ws/install/smart_agent_gazebo/share/smart_agent_gazebo/photos\n'}
[0.992397] (smart_agent_gazebo) StdoutLine: {'line': b'copying photos/PortraitC_01.jpg -> /home/test/wf3/gazebo/agentsd_ws/install/smart_agent_gazebo/share/smart_agent_gazebo/photos\n'}
[0.992593] (smart_agent_gazebo) StdoutLine: {'line': b'copying photos/DeskPortraitB_02.jpg -> /home/test/wf3/gazebo/agentsd_ws/install/smart_agent_gazebo/share/smart_agent_gazebo/photos\n'}
[0.996304] (smart_agent_gazebo) StdoutLine: {'line': b'copying photos/DeskPortraitA_02.jpg -> /home/test/wf3/gazebo/agentsd_ws/install/smart_agent_gazebo/share/smart_agent_gazebo/photos\n'}
[0.997112] (smart_agent_gazebo) StdoutLine: {'line': b'copying photos/DeskPortraitD_04.jpg -> /home/test/wf3/gazebo/agentsd_ws/install/smart_agent_gazebo/share/smart_agent_gazebo/photos\n'}
[0.997362] (smart_agent_gazebo) StdoutLine: {'line': b'copying photos/DeskPortraitD_02.jpg -> /home/test/wf3/gazebo/agentsd_ws/install/smart_agent_gazebo/share/smart_agent_gazebo/photos\n'}
[0.997638] (smart_agent_gazebo) StdoutLine: {'line': b'copying photos/DeskPortraitC_02.jpg -> /home/test/wf3/gazebo/agentsd_ws/install/smart_agent_gazebo/share/smart_agent_gazebo/photos\n'}
[0.997823] (smart_agent_gazebo) StdoutLine: {'line': b'copying photos/PortraitB_02.jpg -> /home/test/wf3/gazebo/agentsd_ws/install/smart_agent_gazebo/share/smart_agent_gazebo/photos\n'}
[0.999400] (smart_agent_gazebo) StdoutLine: {'line': b'copying photos/DeskPortraitC_01.jpg -> /home/test/wf3/gazebo/agentsd_ws/install/smart_agent_gazebo/share/smart_agent_gazebo/photos\n'}
[1.002771] (smart_agent_gazebo) StdoutLine: {'line': b'copying photos/PortraitB_01.jpg -> /home/test/wf3/gazebo/agentsd_ws/install/smart_agent_gazebo/share/smart_agent_gazebo/photos\n'}
[1.003427] (smart_agent_gazebo) StdoutLine: {'line': b'copying photos/PortraitE_02.jpg -> /home/test/wf3/gazebo/agentsd_ws/install/smart_agent_gazebo/share/smart_agent_gazebo/photos\n'}
[1.003617] (smart_agent_gazebo) StdoutLine: {'line': b'copying photos/DeskPortraitA_01.jpg -> /home/test/wf3/gazebo/agentsd_ws/install/smart_agent_gazebo/share/smart_agent_gazebo/photos\n'}
[1.003809] (smart_agent_gazebo) StdoutLine: {'line': b'copying photos/DeskPortraitD_03.jpg -> /home/test/wf3/gazebo/agentsd_ws/install/smart_agent_gazebo/share/smart_agent_gazebo/photos\n'}
[1.003987] (smart_agent_gazebo) StdoutLine: {'line': b'copying photos/DeskPortraitD_01.jpg -> /home/test/wf3/gazebo/agentsd_ws/install/smart_agent_gazebo/share/smart_agent_gazebo/photos\n'}
[1.004319] (smart_agent_gazebo) StdoutLine: {'line': b'copying photos/PortraitA_02.jpg -> /home/test/wf3/gazebo/agentsd_ws/install/smart_agent_gazebo/share/smart_agent_gazebo/photos\n'}
[1.004832] (smart_agent_gazebo) StdoutLine: {'line': b'copying photos/PortraitA_01.jpg -> /home/test/wf3/gazebo/agentsd_ws/install/smart_agent_gazebo/share/smart_agent_gazebo/photos\n'}
[1.005017] (smart_agent_gazebo) StdoutLine: {'line': b'copying photos/PortraitD_02.jpg -> /home/test/wf3/gazebo/agentsd_ws/install/smart_agent_gazebo/share/smart_agent_gazebo/photos\n'}
[1.005192] (smart_agent_gazebo) StdoutLine: {'line': b'copying photos/DeskPortraitB_01.jpg -> /home/test/wf3/gazebo/agentsd_ws/install/smart_agent_gazebo/share/smart_agent_gazebo/photos\n'}
[1.005382] (smart_agent_gazebo) StdoutLine: {'line': b'copying photos/PortraitE_01.jpg -> /home/test/wf3/gazebo/agentsd_ws/install/smart_agent_gazebo/share/smart_agent_gazebo/photos\n'}
[1.005577] (smart_agent_gazebo) StdoutLine: {'line': b'copying photos/PortraitB_03.jpg -> /home/test/wf3/gazebo/agentsd_ws/install/smart_agent_gazebo/share/smart_agent_gazebo/photos\n'}
[1.005770] (smart_agent_gazebo) StdoutLine: {'line': b'creating /home/test/wf3/gazebo/agentsd_ws/install/smart_agent_gazebo/share/smart_agent_gazebo/models\n'}
[1.006025] (smart_agent_gazebo) StdoutLine: {'line': b'creating /home/test/wf3/gazebo/agentsd_ws/install/smart_agent_gazebo/share/smart_agent_gazebo/models/aws_robomaker_hospital_curtain_open_01\n'}
[1.006190] (smart_agent_gazebo) StdoutLine: {'line': b'copying models/aws_robomaker_hospital_curtain_open_01/model.config -> /home/test/wf3/gazebo/agentsd_ws/install/smart_agent_gazebo/share/smart_agent_gazebo/models/aws_robomaker_hospital_curtain_open_01\n'}
[1.006333] (smart_agent_gazebo) StdoutLine: {'line': b'copying models/aws_robomaker_hospital_curtain_open_01/model.sdf -> /home/test/wf3/gazebo/agentsd_ws/install/smart_agent_gazebo/share/smart_agent_gazebo/models/aws_robomaker_hospital_curtain_open_01\n'}
[1.006474] (smart_agent_gazebo) StdoutLine: {'line': b'creating /home/test/wf3/gazebo/agentsd_ws/install/smart_agent_gazebo/share/smart_agent_gazebo/models/aws_robomaker_hospital_curtain_open_01/meshes\n'}
[1.006617] (smart_agent_gazebo) StdoutLine: {'line': b'copying models/aws_robomaker_hospital_curtain_open_01/meshes/aws_robomaker_hospital_curtain_open_01_low_normal.png -> /home/test/wf3/gazebo/agentsd_ws/install/smart_agent_gazebo/share/smart_agent_gazebo/models/aws_robomaker_hospital_curtain_open_01/meshes\n'}
[1.006811] (smart_agent_gazebo) StdoutLine: {'line': b'copying models/aws_robomaker_hospital_curtain_open_01/meshes/aws_robomaker_hospital_curtain_open_01_visual.png -> /home/test/wf3/gazebo/agentsd_ws/install/smart_agent_gazebo/share/smart_agent_gazebo/models/aws_robomaker_hospital_curtain_open_01/meshes\n'}
[1.006955] (smart_agent_gazebo) StdoutLine: {'line': b'copying models/aws_robomaker_hospital_curtain_open_01/meshes/aws_robomaker_hospital_curtain_open_01_low.png -> /home/test/wf3/gazebo/agentsd_ws/install/smart_agent_gazebo/share/smart_agent_gazebo/models/aws_robomaker_hospital_curtain_open_01/meshes\n'}
[1.007414] (smart_agent_gazebo) StdoutLine: {'line': b'copying models/aws_robomaker_hospital_curtain_open_01/meshes/aws_robomaker_hospital_curtain_open_01_collision.dae -> /home/test/wf3/gazebo/agentsd_ws/install/smart_agent_gazebo/share/smart_agent_gazebo/models/aws_robomaker_hospital_curtain_open_01/meshes\n'}
[1.007600] (smart_agent_gazebo) StdoutLine: {'line': b'copying models/aws_robomaker_hospital_curtain_open_01/meshes/aws_robomaker_hospital_curtainrail_01_low_normal.png -> /home/test/wf3/gazebo/agentsd_ws/install/smart_agent_gazebo/share/smart_agent_gazebo/models/aws_robomaker_hospital_curtain_open_01/meshes\n'}
[1.007803] (smart_agent_gazebo) StdoutLine: {'line': b'copying models/aws_robomaker_hospital_curtain_open_01/meshes/aws_robomaker_hospital_curtainrail_01_visual.png -> /home/test/wf3/gazebo/agentsd_ws/install/smart_agent_gazebo/share/smart_agent_gazebo/models/aws_robomaker_hospital_curtain_open_01/meshes\n'}
[1.007999] (smart_agent_gazebo) StdoutLine: {'line': b'copying models/aws_robomaker_hospital_curtain_open_01/meshes/aws_robomaker_hospital_curtain_open_01_visual.dae -> /home/test/wf3/gazebo/agentsd_ws/install/smart_agent_gazebo/share/smart_agent_gazebo/models/aws_robomaker_hospital_curtain_open_01/meshes\n'}
[1.008194] (smart_agent_gazebo) StdoutLine: {'line': b'copying models/aws_robomaker_hospital_curtain_open_01/meshes/aws_robomaker_hospital_curtain_open_01_visual_normal.png -> /home/test/wf3/gazebo/agentsd_ws/install/smart_agent_gazebo/share/smart_agent_gazebo/models/aws_robomaker_hospital_curtain_open_01/meshes\n'}
[1.008429] (smart_agent_gazebo) StdoutLine: {'line': b'copying models/aws_robomaker_hospital_curtain_open_01/meshes/aws_robomaker_hospital_curtainrail_01_visual_normal.png -> /home/test/wf3/gazebo/agentsd_ws/install/smart_agent_gazebo/share/smart_agent_gazebo/models/aws_robomaker_hospital_curtain_open_01/meshes\n'}
[1.008579] (smart_agent_gazebo) StdoutLine: {'line': b'copying models/aws_robomaker_hospital_curtain_open_01/meshes/aws_robomaker_hospital_curtainrail_01_low.png -> /home/test/wf3/gazebo/agentsd_ws/install/smart_agent_gazebo/share/smart_agent_gazebo/models/aws_robomaker_hospital_curtain_open_01/meshes\n'}
[1.008733] (smart_agent_gazebo) StdoutLine: {'line': b'creating /home/test/wf3/gazebo/agentsd_ws/install/smart_agent_gazebo/share/smart_agent_gazebo/models/WhiteChipChair\n'}
[1.008912] (smart_agent_gazebo) StdoutLine: {'line': b'copying models/WhiteChipChair/model.config -> /home/test/wf3/gazebo/agentsd_ws/install/smart_agent_gazebo/share/smart_agent_gazebo/models/WhiteChipChair\n'}
[1.009066] (smart_agent_gazebo) StdoutLine: {'line': b'copying models/WhiteChipChair/model.sdf -> /home/test/wf3/gazebo/agentsd_ws/install/smart_agent_gazebo/share/smart_agent_gazebo/models/WhiteChipChair\n'}
[1.009330] (smart_agent_gazebo) StdoutLine: {'line': b'creating /home/test/wf3/gazebo/agentsd_ws/install/smart_agent_gazebo/share/smart_agent_gazebo/models/WhiteChipChair/thumbnails\n'}
[1.009486] (smart_agent_gazebo) StdoutLine: {'line': b'copying models/WhiteChipChair/thumbnails/2.png -> /home/test/wf3/gazebo/agentsd_ws/install/smart_agent_gazebo/share/smart_agent_gazebo/models/WhiteChipChair/thumbnails\n'}
[1.009631] (smart_agent_gazebo) StdoutLine: {'line': b'copying models/WhiteChipChair/thumbnails/1.png -> /home/test/wf3/gazebo/agentsd_ws/install/smart_agent_gazebo/share/smart_agent_gazebo/models/WhiteChipChair/thumbnails\n'}
[1.009775] (smart_agent_gazebo) StdoutLine: {'line': b'copying models/WhiteChipChair/thumbnails/4.png -> /home/test/wf3/gazebo/agentsd_ws/install/smart_agent_gazebo/share/smart_agent_gazebo/models/WhiteChipChair/thumbnails\n'}
[1.009921] (smart_agent_gazebo) StdoutLine: {'line': b'copying models/WhiteChipChair/thumbnails/3.png -> /home/test/wf3/gazebo/agentsd_ws/install/smart_agent_gazebo/share/smart_agent_gazebo/models/WhiteChipChair/thumbnails\n'}
[1.010066] (smart_agent_gazebo) StdoutLine: {'line': b'copying models/WhiteChipChair/thumbnails/5.png -> /home/test/wf3/gazebo/agentsd_ws/install/smart_agent_gazebo/share/smart_agent_gazebo/models/WhiteChipChair/thumbnails\n'}
[1.010278] (smart_agent_gazebo) StdoutLine: {'line': b'creating /home/test/wf3/gazebo/agentsd_ws/install/smart_agent_gazebo/share/smart_agent_gazebo/models/WhiteChipChair/meshes\n'}
[1.010593] (smart_agent_gazebo) StdoutLine: {'line': b'copying models/WhiteChipChair/meshes/WhiteChipChair.obj -> /home/test/wf3/gazebo/agentsd_ws/install/smart_agent_gazebo/share/smart_agent_gazebo/models/WhiteChipChair/meshes\n'}
[1.010746] (smart_agent_gazebo) StdoutLine: {'line': b'copying models/WhiteChipChair/meshes/WhiteChipChair.mtl -> /home/test/wf3/gazebo/agentsd_ws/install/smart_agent_gazebo/share/smart_agent_gazebo/models/WhiteChipChair/meshes\n'}
[1.010954] (smart_agent_gazebo) StdoutLine: {'line': b'copying models/WhiteChipChair/meshes/WhiteChipChairDiffuse.png -> /home/test/wf3/gazebo/agentsd_ws/install/smart_agent_gazebo/share/smart_agent_gazebo/models/WhiteChipChair/meshes\n'}
[1.011091] (smart_agent_gazebo) StdoutLine: {'line': b'copying models/WhiteChipChair/meshes/WhiteChipChair_Col.mtl -> /home/test/wf3/gazebo/agentsd_ws/install/smart_agent_gazebo/share/smart_agent_gazebo/models/WhiteChipChair/meshes\n'}
[1.011232] (smart_agent_gazebo) StdoutLine: {'line': b'copying models/WhiteChipChair/meshes/WhiteChipChair_Col.obj -> /home/test/wf3/gazebo/agentsd_ws/install/smart_agent_gazebo/share/smart_agent_gazebo/models/WhiteChipChair/meshes\n'}
[1.011371] (smart_agent_gazebo) StdoutLine: {'line': b'creating /home/test/wf3/gazebo/agentsd_ws/install/smart_agent_gazebo/share/smart_agent_gazebo/models/aws_robomaker_residential_LightC_01\n'}
[1.011501] (-) TimerEvent: {}
[1.011678] (smart_agent_gazebo) StdoutLine: {'line': b'copying models/aws_robomaker_residential_LightC_01/model.config -> /home/test/wf3/gazebo/agentsd_ws/install/smart_agent_gazebo/share/smart_agent_gazebo/models/aws_robomaker_residential_LightC_01\n'}
[1.011849] (smart_agent_gazebo) StdoutLine: {'line': b'copying models/aws_robomaker_residential_LightC_01/model.sdf -> /home/test/wf3/gazebo/agentsd_ws/install/smart_agent_gazebo/share/smart_agent_gazebo/models/aws_robomaker_residential_LightC_01\n'}
[1.011995] (smart_agent_gazebo) StdoutLine: {'line': b'creating /home/test/wf3/gazebo/agentsd_ws/install/smart_agent_gazebo/share/smart_agent_gazebo/models/aws_robomaker_residential_LightC_01/materials\n'}
[1.012139] (smart_agent_gazebo) StdoutLine: {'line': b'creating /home/test/wf3/gazebo/agentsd_ws/install/smart_agent_gazebo/share/smart_agent_gazebo/models/aws_robomaker_residential_LightC_01/materials/textures\n'}
[1.012291] (smart_agent_gazebo) StdoutLine: {'line': b'copying models/aws_robomaker_residential_LightC_01/materials/textures/aws_LightC_01.png -> /home/test/wf3/gazebo/agentsd_ws/install/smart_agent_gazebo/share/smart_agent_gazebo/models/aws_robomaker_residential_LightC_01/materials/textures\n'}
[1.012436] (smart_agent_gazebo) StdoutLine: {'line': b'creating /home/test/wf3/gazebo/agentsd_ws/install/smart_agent_gazebo/share/smart_agent_gazebo/models/aws_robomaker_residential_LightC_01/meshes\n'}
[1.012574] (smart_agent_gazebo) StdoutLine: {'line': b'copying models/aws_robomaker_residential_LightC_01/meshes/aws_LightC_01_collision.DAE -> /home/test/wf3/gazebo/agentsd_ws/install/smart_agent_gazebo/share/smart_agent_gazebo/models/aws_robomaker_residential_LightC_01/meshes\n'}
[1.012713] (smart_agent_gazebo) StdoutLine: {'line': b'copying models/aws_robomaker_residential_LightC_01/meshes/aws_LightC_01_visual.DAE -> /home/test/wf3/gazebo/agentsd_ws/install/smart_agent_gazebo/share/smart_agent_gazebo/models/aws_robomaker_residential_LightC_01/meshes\n'}
[1.012864] (smart_agent_gazebo) StdoutLine: {'line': b'creating /home/test/wf3/gazebo/agentsd_ws/install/smart_agent_gazebo/share/smart_agent_gazebo/models/Toilet\n'}
[1.013004] (smart_agent_gazebo) StdoutLine: {'line': b'copying models/Toilet/model.config -> /home/test/wf3/gazebo/agentsd_ws/install/smart_agent_gazebo/share/smart_agent_gazebo/models/Toilet\n'}
[1.013140] (smart_agent_gazebo) StdoutLine: {'line': b'copying models/Toilet/model.sdf -> /home/test/wf3/gazebo/agentsd_ws/install/smart_agent_gazebo/share/smart_agent_gazebo/models/Toilet\n'}
[1.013271] (smart_agent_gazebo) StdoutLine: {'line': b'creating /home/test/wf3/gazebo/agentsd_ws/install/smart_agent_gazebo/share/smart_agent_gazebo/models/Toilet/thumbnails\n'}
[1.013438] (smart_agent_gazebo) StdoutLine: {'line': b'copying models/Toilet/thumbnails/2.png -> /home/test/wf3/gazebo/agentsd_ws/install/smart_agent_gazebo/share/smart_agent_gazebo/models/Toilet/thumbnails\n'}
[1.013577] (smart_agent_gazebo) StdoutLine: {'line': b'copying models/Toilet/thumbnails/1.png -> /home/test/wf3/gazebo/agentsd_ws/install/smart_agent_gazebo/share/smart_agent_gazebo/models/Toilet/thumbnails\n'}
[1.013711] (smart_agent_gazebo) StdoutLine: {'line': b'copying models/Toilet/thumbnails/4.png -> /home/test/wf3/gazebo/agentsd_ws/install/smart_agent_gazebo/share/smart_agent_gazebo/models/Toilet/thumbnails\n'}
[1.013840] (smart_agent_gazebo) StdoutLine: {'line': b'copying models/Toilet/thumbnails/3.png -> /home/test/wf3/gazebo/agentsd_ws/install/smart_agent_gazebo/share/smart_agent_gazebo/models/Toilet/thumbnails\n'}
[1.013980] (smart_agent_gazebo) StdoutLine: {'line': b'copying models/Toilet/thumbnails/5.png -> /home/test/wf3/gazebo/agentsd_ws/install/smart_agent_gazebo/share/smart_agent_gazebo/models/Toilet/thumbnails\n'}
[1.014247] (smart_agent_gazebo) StdoutLine: {'line': b'creating /home/test/wf3/gazebo/agentsd_ws/install/smart_agent_gazebo/share/smart_agent_gazebo/models/Toilet/meshes\n'}
[1.014386] (smart_agent_gazebo) StdoutLine: {'line': b'copying models/Toilet/meshes/toilet.mtl -> /home/test/wf3/gazebo/agentsd_ws/install/smart_agent_gazebo/share/smart_agent_gazebo/models/Toilet/meshes\n'}
[1.014522] (smart_agent_gazebo) StdoutLine: {'line': b'copying models/Toilet/meshes/toilet.obj -> /home/test/wf3/gazebo/agentsd_ws/install/smart_agent_gazebo/share/smart_agent_gazebo/models/Toilet/meshes\n'}
[1.014652] (smart_agent_gazebo) StdoutLine: {'line': b'creating /home/test/wf3/gazebo/agentsd_ws/install/smart_agent_gazebo/share/smart_agent_gazebo/models/aws_robomaker_hospital_floor_02_floor\n'}
[1.014785] (smart_agent_gazebo) StdoutLine: {'line': b'copying models/aws_robomaker_hospital_floor_02_floor/model.config -> /home/test/wf3/gazebo/agentsd_ws/install/smart_agent_gazebo/share/smart_agent_gazebo/models/aws_robomaker_hospital_floor_02_floor\n'}
[1.014937] (smart_agent_gazebo) StdoutLine: {'line': b'copying models/aws_robomaker_hospital_floor_02_floor/model.sdf -> /home/test/wf3/gazebo/agentsd_ws/install/smart_agent_gazebo/share/smart_agent_gazebo/models/aws_robomaker_hospital_floor_02_floor\n'}
[1.015070] (smart_agent_gazebo) StdoutLine: {'line': b'creating /home/test/wf3/gazebo/agentsd_ws/install/smart_agent_gazebo/share/smart_agent_gazebo/models/aws_robomaker_hospital_floor_02_floor/meshes\n'}
[1.015202] (smart_agent_gazebo) StdoutLine: {'line': b'copying models/aws_robomaker_hospital_floor_02_floor/meshes/aws_robomaker_hospital_floor_02_floor_collision.dae -> /home/test/wf3/gazebo/agentsd_ws/install/smart_agent_gazebo/share/smart_agent_gazebo/models/aws_robomaker_hospital_floor_02_floor/meshes\n'}
[1.015339] (smart_agent_gazebo) StdoutLine: {'line': b'copying models/aws_robomaker_hospital_floor_02_floor/meshes/aws_robomaker_hospital_floor_02_floor.png -> /home/test/wf3/gazebo/agentsd_ws/install/smart_agent_gazebo/share/smart_agent_gazebo/models/aws_robomaker_hospital_floor_02_floor/meshes\n'}
[1.015479] (smart_agent_gazebo) StdoutLine: {'line': b'copying models/aws_robomaker_hospital_floor_02_floor/meshes/aws_robomaker_hospital_floor_02_floor_normal.png -> /home/test/wf3/gazebo/agentsd_ws/install/smart_agent_gazebo/share/smart_agent_gazebo/models/aws_robomaker_hospital_floor_02_floor/meshes\n'}
[1.015624] (smart_agent_gazebo) StdoutLine: {'line': b'copying models/aws_robomaker_hospital_floor_02_floor/meshes/aws_robomaker_hospital_floor_02_floor_visual.dae -> /home/test/wf3/gazebo/agentsd_ws/install/smart_agent_gazebo/share/smart_agent_gazebo/models/aws_robomaker_hospital_floor_02_floor/meshes\n'}
[1.015772] (smart_agent_gazebo) StdoutLine: {'line': b'creating /home/test/wf3/gazebo/agentsd_ws/install/smart_agent_gazebo/share/smart_agent_gazebo/models/aws_robomaker_retail_BookshelfB_01\n'}
[1.015925] (smart_agent_gazebo) StdoutLine: {'line': b'copying models/aws_robomaker_retail_BookshelfB_01/model.config -> /home/test/wf3/gazebo/agentsd_ws/install/smart_agent_gazebo/share/smart_agent_gazebo/models/aws_robomaker_retail_BookshelfB_01\n'}
[1.016072] (smart_agent_gazebo) StdoutLine: {'line': b'copying models/aws_robomaker_retail_BookshelfB_01/model.sdf -> /home/test/wf3/gazebo/agentsd_ws/install/smart_agent_gazebo/share/smart_agent_gazebo/models/aws_robomaker_retail_BookshelfB_01\n'}
[1.016249] (smart_agent_gazebo) StdoutLine: {'line': b'creating /home/test/wf3/gazebo/agentsd_ws/install/smart_agent_gazebo/share/smart_agent_gazebo/models/aws_robomaker_retail_BookshelfB_01/materials\n'}
[1.016397] (smart_agent_gazebo) StdoutLine: {'line': b'creating /home/test/wf3/gazebo/agentsd_ws/install/smart_agent_gazebo/share/smart_agent_gazebo/models/aws_robomaker_retail_BookshelfB_01/materials/textures\n'}
[1.016542] (smart_agent_gazebo) StdoutLine: {'line': b'copying models/aws_robomaker_retail_BookshelfB_01/materials/textures/aws_BookshelfB_01.png -> /home/test/wf3/gazebo/agentsd_ws/install/smart_agent_gazebo/share/smart_agent_gazebo/models/aws_robomaker_retail_BookshelfB_01/materials/textures\n'}
[1.016815] (smart_agent_gazebo) StdoutLine: {'line': b'copying models/aws_robomaker_retail_BookshelfB_01/materials/textures/aws_BookshelfB_02.png -> /home/test/wf3/gazebo/agentsd_ws/install/smart_agent_gazebo/share/smart_agent_gazebo/models/aws_robomaker_retail_BookshelfB_01/materials/textures\n'}
[1.016963] (smart_agent_gazebo) StdoutLine: {'line': b'creating /home/test/wf3/gazebo/agentsd_ws/install/smart_agent_gazebo/share/smart_agent_gazebo/models/aws_robomaker_retail_BookshelfB_01/meshes\n'}
[1.017109] (smart_agent_gazebo) StdoutLine: {'line': b'copying models/aws_robomaker_retail_BookshelfB_01/meshes/aws_BookshelfB_01_visual.DAE -> /home/test/wf3/gazebo/agentsd_ws/install/smart_agent_gazebo/share/smart_agent_gazebo/models/aws_robomaker_retail_BookshelfB_01/meshes\n'}
[1.017257] (smart_agent_gazebo) StdoutLine: {'line': b'copying models/aws_robomaker_retail_BookshelfB_01/meshes/aws_BookshelfB_01_collision.DAE -> /home/test/wf3/gazebo/agentsd_ws/install/smart_agent_gazebo/share/smart_agent_gazebo/models/aws_robomaker_retail_BookshelfB_01/meshes\n'}
[1.017405] (smart_agent_gazebo) StdoutLine: {'line': b'creating /home/test/wf3/gazebo/agentsd_ws/install/smart_agent_gazebo/share/smart_agent_gazebo/models/aws_robomaker_residential_Quilt_01\n'}
[1.017553] (smart_agent_gazebo) StdoutLine: {'line': b'copying models/aws_robomaker_residential_Quilt_01/model.config -> /home/test/wf3/gazebo/agentsd_ws/install/smart_agent_gazebo/share/smart_agent_gazebo/models/aws_robomaker_residential_Quilt_01\n'}
[1.017699] (smart_agent_gazebo) StdoutLine: {'line': b'copying models/aws_robomaker_residential_Quilt_01/model.sdf -> /home/test/wf3/gazebo/agentsd_ws/install/smart_agent_gazebo/share/smart_agent_gazebo/models/aws_robomaker_residential_Quilt_01\n'}
[1.017842] (smart_agent_gazebo) StdoutLine: {'line': b'creating /home/test/wf3/gazebo/agentsd_ws/install/smart_agent_gazebo/share/smart_agent_gazebo/models/aws_robomaker_residential_Quilt_01/materials\n'}
[1.017981] (smart_agent_gazebo) StdoutLine: {'line': b'creating /home/test/wf3/gazebo/agentsd_ws/install/smart_agent_gazebo/share/smart_agent_gazebo/models/aws_robomaker_residential_Quilt_01/materials/textures\n'}
[1.018313] (smart_agent_gazebo) StdoutLine: {'line': b'copying models/aws_robomaker_residential_Quilt_01/materials/textures/aws_Quilt_01.png -> /home/test/wf3/gazebo/agentsd_ws/install/smart_agent_gazebo/share/smart_agent_gazebo/models/aws_robomaker_residential_Quilt_01/materials/textures\n'}
[1.018459] (smart_agent_gazebo) StdoutLine: {'line': b'creating /home/test/wf3/gazebo/agentsd_ws/install/smart_agent_gazebo/share/smart_agent_gazebo/models/aws_robomaker_residential_Quilt_01/meshes\n'}
[1.018596] (smart_agent_gazebo) StdoutLine: {'line': b'copying models/aws_robomaker_residential_Quilt_01/meshes/aws_Quilt_01_collision.DAE -> /home/test/wf3/gazebo/agentsd_ws/install/smart_agent_gazebo/share/smart_agent_gazebo/models/aws_robomaker_residential_Quilt_01/meshes\n'}
[1.018730] (smart_agent_gazebo) StdoutLine: {'line': b'copying models/aws_robomaker_residential_Quilt_01/meshes/aws_Quilt_01_visual.DAE -> /home/test/wf3/gazebo/agentsd_ws/install/smart_agent_gazebo/share/smart_agent_gazebo/models/aws_robomaker_residential_Quilt_01/meshes\n'}
[1.018862] (smart_agent_gazebo) StdoutLine: {'line': b'creating /home/test/wf3/gazebo/agentsd_ws/install/smart_agent_gazebo/share/smart_agent_gazebo/models/aws_robomaker_residential_RoomCeiling_01\n'}
[1.018994] (smart_agent_gazebo) StdoutLine: {'line': b'copying models/aws_robomaker_residential_RoomCeiling_01/model.config -> /home/test/wf3/gazebo/agentsd_ws/install/smart_agent_gazebo/share/smart_agent_gazebo/models/aws_robomaker_residential_RoomCeiling_01\n'}
[1.019131] (smart_agent_gazebo) StdoutLine: {'line': b'copying models/aws_robomaker_residential_RoomCeiling_01/model.sdf -> /home/test/wf3/gazebo/agentsd_ws/install/smart_agent_gazebo/share/smart_agent_gazebo/models/aws_robomaker_residential_RoomCeiling_01\n'}
[1.019271] (smart_agent_gazebo) StdoutLine: {'line': b'creating /home/test/wf3/gazebo/agentsd_ws/install/smart_agent_gazebo/share/smart_agent_gazebo/models/aws_robomaker_residential_RoomCeiling_01/materials\n'}
[1.019449] (smart_agent_gazebo) StdoutLine: {'line': b'creating /home/test/wf3/gazebo/agentsd_ws/install/smart_agent_gazebo/share/smart_agent_gazebo/models/aws_robomaker_residential_RoomCeiling_01/materials/textures\n'}
[1.019650] (smart_agent_gazebo) StdoutLine: {'line': b'copying models/aws_robomaker_residential_RoomCeiling_01/materials/textures/aws_RoomCeiling_01.png -> /home/test/wf3/gazebo/agentsd_ws/install/smart_agent_gazebo/share/smart_agent_gazebo/models/aws_robomaker_residential_RoomCeiling_01/materials/textures\n'}
[1.019798] (smart_agent_gazebo) StdoutLine: {'line': b'creating /home/test/wf3/gazebo/agentsd_ws/install/smart_agent_gazebo/share/smart_agent_gazebo/models/aws_robomaker_residential_RoomCeiling_01/meshes\n'}
[1.019946] (smart_agent_gazebo) StdoutLine: {'line': b'copying models/aws_robomaker_residential_RoomCeiling_01/meshes/aws_RoomCeiling_01_collision.DAE -> /home/test/wf3/gazebo/agentsd_ws/install/smart_agent_gazebo/share/smart_agent_gazebo/models/aws_robomaker_residential_RoomCeiling_01/meshes\n'}
[1.020097] (smart_agent_gazebo) StdoutLine: {'line': b'copying models/aws_robomaker_residential_RoomCeiling_01/meshes/aws_RoomCeiling_01_visual.DAE -> /home/test/wf3/gazebo/agentsd_ws/install/smart_agent_gazebo/share/smart_agent_gazebo/models/aws_robomaker_residential_RoomCeiling_01/meshes\n'}
[1.020244] (smart_agent_gazebo) StdoutLine: {'line': b'creating /home/test/wf3/gazebo/agentsd_ws/install/smart_agent_gazebo/share/smart_agent_gazebo/models/aws_robomaker_hospital_floor_01_walls\n'}
[1.020389] (smart_agent_gazebo) StdoutLine: {'line': b'copying models/aws_robomaker_hospital_floor_01_walls/aws_robomaker_hospital_floor_01_handrail.png -> /home/test/wf3/gazebo/agentsd_ws/install/smart_agent_gazebo/share/smart_agent_gazebo/models/aws_robomaker_hospital_floor_01_walls\n'}
[1.020537] (smart_agent_gazebo) StdoutLine: {'line': b'copying models/aws_robomaker_hospital_floor_01_walls/aws_robomaker_hospital_floor_01_walls.png -> /home/test/wf3/gazebo/agentsd_ws/install/smart_agent_gazebo/share/smart_agent_gazebo/models/aws_robomaker_hospital_floor_01_walls\n'}
[1.020680] (smart_agent_gazebo) StdoutLine: {'line': b'copying models/aws_robomaker_hospital_floor_01_walls/aws_robomaker_hospital_floor_01_stairs.png -> /home/test/wf3/gazebo/agentsd_ws/install/smart_agent_gazebo/share/smart_agent_gazebo/models/aws_robomaker_hospital_floor_01_walls\n'}
[1.020823] (smart_agent_gazebo) StdoutLine: {'line': b'copying models/aws_robomaker_hospital_floor_01_walls/aws_robomaker_hospital_floor_01_doorframes_big.png -> /home/test/wf3/gazebo/agentsd_ws/install/smart_agent_gazebo/share/smart_agent_gazebo/models/aws_robomaker_hospital_floor_01_walls\n'}
[1.020967] (smart_agent_gazebo) StdoutLine: {'line': b'copying models/aws_robomaker_hospital_floor_01_walls/model.config -> /home/test/wf3/gazebo/agentsd_ws/install/smart_agent_gazebo/share/smart_agent_gazebo/models/aws_robomaker_hospital_floor_01_walls\n'}
[1.021115] (smart_agent_gazebo) StdoutLine: {'line': b'copying models/aws_robomaker_hospital_floor_01_walls/aws_robomaker_hospital_floor_01_doorsign.png -> /home/test/wf3/gazebo/agentsd_ws/install/smart_agent_gazebo/share/smart_agent_gazebo/models/aws_robomaker_hospital_floor_01_walls\n'}
[1.021362] (smart_agent_gazebo) StdoutLine: {'line': b'copying models/aws_robomaker_hospital_floor_01_walls/aws_robomaker_hospital_floor_01_windows.png -> /home/test/wf3/gazebo/agentsd_ws/install/smart_agent_gazebo/share/smart_agent_gazebo/models/aws_robomaker_hospital_floor_01_walls\n'}
[1.021502] (smart_agent_gazebo) StdoutLine: {'line': b'copying models/aws_robomaker_hospital_floor_01_walls/model.sdf -> /home/test/wf3/gazebo/agentsd_ws/install/smart_agent_gazebo/share/smart_agent_gazebo/models/aws_robomaker_hospital_floor_01_walls\n'}
[1.021640] (smart_agent_gazebo) StdoutLine: {'line': b'copying models/aws_robomaker_hospital_floor_01_walls/aws_robomaker_hospital_floor_01_bumprail.png -> /home/test/wf3/gazebo/agentsd_ws/install/smart_agent_gazebo/share/smart_agent_gazebo/models/aws_robomaker_hospital_floor_01_walls\n'}
[1.021780] (smart_agent_gazebo) StdoutLine: {'line': b'copying models/aws_robomaker_hospital_floor_01_walls/aws_robomaker_hospital_floor_01_doorframes_small.png -> /home/test/wf3/gazebo/agentsd_ws/install/smart_agent_gazebo/share/smart_agent_gazebo/models/aws_robomaker_hospital_floor_01_walls\n'}
[1.021914] (smart_agent_gazebo) StdoutLine: {'line': b'creating /home/test/wf3/gazebo/agentsd_ws/install/smart_agent_gazebo/share/smart_agent_gazebo/models/aws_robomaker_hospital_floor_01_walls/meshes\n'}
[1.022052] (smart_agent_gazebo) StdoutLine: {'line': b'copying models/aws_robomaker_hospital_floor_01_walls/meshes/aws_robomaker_hospital_floor_01_handrail.png -> /home/test/wf3/gazebo/agentsd_ws/install/smart_agent_gazebo/share/smart_agent_gazebo/models/aws_robomaker_hospital_floor_01_walls/meshes\n'}
[1.022264] (smart_agent_gazebo) StdoutLine: {'line': b'copying models/aws_robomaker_hospital_floor_01_walls/meshes/aws_robomaker_hospital_floor_01_walls.png -> /home/test/wf3/gazebo/agentsd_ws/install/smart_agent_gazebo/share/smart_agent_gazebo/models/aws_robomaker_hospital_floor_01_walls/meshes\n'}
[1.022439] (smart_agent_gazebo) StdoutLine: {'line': b'copying models/aws_robomaker_hospital_floor_01_walls/meshes/aws_robomaker_hospital_floor_01_stairs.png -> /home/test/wf3/gazebo/agentsd_ws/install/smart_agent_gazebo/share/smart_agent_gazebo/models/aws_robomaker_hospital_floor_01_walls/meshes\n'}
[1.022617] (smart_agent_gazebo) StdoutLine: {'line': b'copying models/aws_robomaker_hospital_floor_01_walls/meshes/aws_robomaker_hospital_floor_01_walls_collision.dae -> /home/test/wf3/gazebo/agentsd_ws/install/smart_agent_gazebo/share/smart_agent_gazebo/models/aws_robomaker_hospital_floor_01_walls/meshes\n'}
[1.022765] (smart_agent_gazebo) StdoutLine: {'line': b'copying models/aws_robomaker_hospital_floor_01_walls/meshes/aws_robomaker_hospital_floor_01_doorframes_big.png -> /home/test/wf3/gazebo/agentsd_ws/install/smart_agent_gazebo/share/smart_agent_gazebo/models/aws_robomaker_hospital_floor_01_walls/meshes\n'}
[1.022909] (smart_agent_gazebo) StdoutLine: {'line': b'copying models/aws_robomaker_hospital_floor_01_walls/meshes/aws_robomaker_hospital_floor_01_doorsign.png -> /home/test/wf3/gazebo/agentsd_ws/install/smart_agent_gazebo/share/smart_agent_gazebo/models/aws_robomaker_hospital_floor_01_walls/meshes\n'}
[1.023055] (smart_agent_gazebo) StdoutLine: {'line': b'copying models/aws_robomaker_hospital_floor_01_walls/meshes/aws_robomaker_hospital_floor_01_windows.png -> /home/test/wf3/gazebo/agentsd_ws/install/smart_agent_gazebo/share/smart_agent_gazebo/models/aws_robomaker_hospital_floor_01_walls/meshes\n'}
[1.023255] (smart_agent_gazebo) StdoutLine: {'line': b'copying models/aws_robomaker_hospital_floor_01_walls/meshes/aws_robomaker_hospital_floor_01_walls_visual.dae -> /home/test/wf3/gazebo/agentsd_ws/install/smart_agent_gazebo/share/smart_agent_gazebo/models/aws_robomaker_hospital_floor_01_walls/meshes\n'}
[1.023495] (smart_agent_gazebo) StdoutLine: {'line': b'copying models/aws_robomaker_hospital_floor_01_walls/meshes/aws_robomaker_hospital_floor_01_bumprail.png -> /home/test/wf3/gazebo/agentsd_ws/install/smart_agent_gazebo/share/smart_agent_gazebo/models/aws_robomaker_hospital_floor_01_walls/meshes\n'}
[1.023649] (smart_agent_gazebo) StdoutLine: {'line': b'copying models/aws_robomaker_hospital_floor_01_walls/meshes/aws_robomaker_hospital_floor_01_doorframes_small.png -> /home/test/wf3/gazebo/agentsd_ws/install/smart_agent_gazebo/share/smart_agent_gazebo/models/aws_robomaker_hospital_floor_01_walls/meshes\n'}
[1.023794] (smart_agent_gazebo) StdoutLine: {'line': b'creating /home/test/wf3/gazebo/agentsd_ws/install/smart_agent_gazebo/share/smart_agent_gazebo/models/aws_robomaker_warehouse_ClutteringA_01\n'}
[1.023938] (smart_agent_gazebo) StdoutLine: {'line': b'copying models/aws_robomaker_warehouse_ClutteringA_01/model.config -> /home/test/wf3/gazebo/agentsd_ws/install/smart_agent_gazebo/share/smart_agent_gazebo/models/aws_robomaker_warehouse_ClutteringA_01\n'}
[1.024140] (smart_agent_gazebo) StdoutLine: {'line': b'copying models/aws_robomaker_warehouse_ClutteringA_01/model.sdf -> /home/test/wf3/gazebo/agentsd_ws/install/smart_agent_gazebo/share/smart_agent_gazebo/models/aws_robomaker_warehouse_ClutteringA_01\n'}
[1.024283] (smart_agent_gazebo) StdoutLine: {'line': b'creating /home/test/wf3/gazebo/agentsd_ws/install/smart_agent_gazebo/share/smart_agent_gazebo/models/aws_robomaker_warehouse_ClutteringA_01/materials\n'}
[1.024584] (smart_agent_gazebo) StdoutLine: {'line': b'creating /home/test/wf3/gazebo/agentsd_ws/install/smart_agent_gazebo/share/smart_agent_gazebo/models/aws_robomaker_warehouse_ClutteringA_01/materials/textures\n'}
[1.024732] (smart_agent_gazebo) StdoutLine: {'line': b'copying models/aws_robomaker_warehouse_ClutteringA_01/materials/textures/aws_robomaker_warehouse_ClutteringA_02.png -> /home/test/wf3/gazebo/agentsd_ws/install/smart_agent_gazebo/share/smart_agent_gazebo/models/aws_robomaker_warehouse_ClutteringA_01/materials/textures\n'}
[1.024883] (smart_agent_gazebo) StdoutLine: {'line': b'copying models/aws_robomaker_warehouse_ClutteringA_01/materials/textures/aws_robomaker_warehouse_ClutteringA_03.png -> /home/test/wf3/gazebo/agentsd_ws/install/smart_agent_gazebo/share/smart_agent_gazebo/models/aws_robomaker_warehouse_ClutteringA_01/materials/textures\n'}
[1.025033] (smart_agent_gazebo) StdoutLine: {'line': b'copying models/aws_robomaker_warehouse_ClutteringA_01/materials/textures/aws_robomaker_warehouse_ClutteringA_01.png -> /home/test/wf3/gazebo/agentsd_ws/install/smart_agent_gazebo/share/smart_agent_gazebo/models/aws_robomaker_warehouse_ClutteringA_01/materials/textures\n'}
[1.025179] (smart_agent_gazebo) StdoutLine: {'line': b'creating /home/test/wf3/gazebo/agentsd_ws/install/smart_agent_gazebo/share/smart_agent_gazebo/models/aws_robomaker_warehouse_ClutteringA_01/meshes\n'}
[1.025327] (smart_agent_gazebo) StdoutLine: {'line': b'copying models/aws_robomaker_warehouse_ClutteringA_01/meshes/aws_robomaker_warehouse_ClutteringA_01_visual.DAE -> /home/test/wf3/gazebo/agentsd_ws/install/smart_agent_gazebo/share/smart_agent_gazebo/models/aws_robomaker_warehouse_ClutteringA_01/meshes\n'}
[1.025507] (smart_agent_gazebo) StdoutLine: {'line': b'copying models/aws_robomaker_warehouse_ClutteringA_01/meshes/aws_robomaker_warehouse_ClutteringA_01_collision.DAE -> /home/test/wf3/gazebo/agentsd_ws/install/smart_agent_gazebo/share/smart_agent_gazebo/models/aws_robomaker_warehouse_ClutteringA_01/meshes\n'}
[1.025653] (smart_agent_gazebo) StdoutLine: {'line': b'creating /home/test/wf3/gazebo/agentsd_ws/install/smart_agent_gazebo/share/smart_agent_gazebo/models/VendingMachine\n'}
[1.025798] (smart_agent_gazebo) StdoutLine: {'line': b'copying models/VendingMachine/model.config -> /home/test/wf3/gazebo/agentsd_ws/install/smart_agent_gazebo/share/smart_agent_gazebo/models/VendingMachine\n'}
[1.025940] (smart_agent_gazebo) StdoutLine: {'line': b'copying models/VendingMachine/model.sdf -> /home/test/wf3/gazebo/agentsd_ws/install/smart_agent_gazebo/share/smart_agent_gazebo/models/VendingMachine\n'}
[1.026083] (smart_agent_gazebo) StdoutLine: {'line': b'creating /home/test/wf3/gazebo/agentsd_ws/install/smart_agent_gazebo/share/smart_agent_gazebo/models/VendingMachine/thumbnails\n'}
[1.026428] (smart_agent_gazebo) StdoutLine: {'line': b'copying models/VendingMachine/thumbnails/2.png -> /home/test/wf3/gazebo/agentsd_ws/install/smart_agent_gazebo/share/smart_agent_gazebo/models/VendingMachine/thumbnails\n'}
[1.026569] (smart_agent_gazebo) StdoutLine: {'line': b'copying models/VendingMachine/thumbnails/1.png -> /home/test/wf3/gazebo/agentsd_ws/install/smart_agent_gazebo/share/smart_agent_gazebo/models/VendingMachine/thumbnails\n'}
[1.026703] (smart_agent_gazebo) StdoutLine: {'line': b'copying models/VendingMachine/thumbnails/4.png -> /home/test/wf3/gazebo/agentsd_ws/install/smart_agent_gazebo/share/smart_agent_gazebo/models/VendingMachine/thumbnails\n'}
[1.026837] (smart_agent_gazebo) StdoutLine: {'line': b'copying models/VendingMachine/thumbnails/3.png -> /home/test/wf3/gazebo/agentsd_ws/install/smart_agent_gazebo/share/smart_agent_gazebo/models/VendingMachine/thumbnails\n'}
[1.027013] (smart_agent_gazebo) StdoutLine: {'line': b'copying models/VendingMachine/thumbnails/5.png -> /home/test/wf3/gazebo/agentsd_ws/install/smart_agent_gazebo/share/smart_agent_gazebo/models/VendingMachine/thumbnails\n'}
[1.027157] (smart_agent_gazebo) StdoutLine: {'line': b'creating /home/test/wf3/gazebo/agentsd_ws/install/smart_agent_gazebo/share/smart_agent_gazebo/models/VendingMachine/meshes\n'}
[1.027300] (smart_agent_gazebo) StdoutLine: {'line': b'copying models/VendingMachine/meshes/VendingMachine_Diffuse.png -> /home/test/wf3/gazebo/agentsd_ws/install/smart_agent_gazebo/share/smart_agent_gazebo/models/VendingMachine/meshes\n'}
[1.027447] (smart_agent_gazebo) StdoutLine: {'line': b'copying models/VendingMachine/meshes/VendingMachine.mtl -> /home/test/wf3/gazebo/agentsd_ws/install/smart_agent_gazebo/share/smart_agent_gazebo/models/VendingMachine/meshes\n'}
[1.027593] (smart_agent_gazebo) StdoutLine: {'line': b'copying models/VendingMachine/meshes/VendingMachine.obj -> /home/test/wf3/gazebo/agentsd_ws/install/smart_agent_gazebo/share/smart_agent_gazebo/models/VendingMachine/meshes\n'}
[1.027733] (smart_agent_gazebo) StdoutLine: {'line': b'creating /home/test/wf3/gazebo/agentsd_ws/install/smart_agent_gazebo/share/smart_agent_gazebo/models/aws_robomaker_residential_Refrigerator_01\n'}
[1.027878] (smart_agent_gazebo) StdoutLine: {'line': b'copying models/aws_robomaker_residential_Refrigerator_01/model.config -> /home/test/wf3/gazebo/agentsd_ws/install/smart_agent_gazebo/share/smart_agent_gazebo/models/aws_robomaker_residential_Refrigerator_01\n'}
[1.028224] (smart_agent_gazebo) StdoutLine: {'line': b'copying models/aws_robomaker_residential_Refrigerator_01/model.sdf -> /home/test/wf3/gazebo/agentsd_ws/install/smart_agent_gazebo/share/smart_agent_gazebo/models/aws_robomaker_residential_Refrigerator_01\n'}
[1.028369] (smart_agent_gazebo) StdoutLine: {'line': b'creating /home/test/wf3/gazebo/agentsd_ws/install/smart_agent_gazebo/share/smart_agent_gazebo/models/aws_robomaker_residential_Refrigerator_01/materials\n'}
[1.028505] (smart_agent_gazebo) StdoutLine: {'line': b'creating /home/test/wf3/gazebo/agentsd_ws/install/smart_agent_gazebo/share/smart_agent_gazebo/models/aws_robomaker_residential_Refrigerator_01/materials/textures\n'}
[1.028637] (smart_agent_gazebo) StdoutLine: {'line': b'copying models/aws_robomaker_residential_Refrigerator_01/materials/textures/aws_Refrigerator_01.png -> /home/test/wf3/gazebo/agentsd_ws/install/smart_agent_gazebo/share/smart_agent_gazebo/models/aws_robomaker_residential_Refrigerator_01/materials/textures\n'}
[1.028774] (smart_agent_gazebo) StdoutLine: {'line': b'copying models/aws_robomaker_residential_Refrigerator_01/materials/textures/aws_Refrigerator_02.png -> /home/test/wf3/gazebo/agentsd_ws/install/smart_agent_gazebo/share/smart_agent_gazebo/models/aws_robomaker_residential_Refrigerator_01/materials/textures\n'}
[1.028912] (smart_agent_gazebo) StdoutLine: {'line': b'creating /home/test/wf3/gazebo/agentsd_ws/install/smart_agent_gazebo/share/smart_agent_gazebo/models/aws_robomaker_residential_Refrigerator_01/meshes\n'}
[1.029054] (smart_agent_gazebo) StdoutLine: {'line': b'copying models/aws_robomaker_residential_Refrigerator_01/meshes/aws_Refrigerator_01_visual.DAE -> /home/test/wf3/gazebo/agentsd_ws/install/smart_agent_gazebo/share/smart_agent_gazebo/models/aws_robomaker_residential_Refrigerator_01/meshes\n'}
[1.029233] (smart_agent_gazebo) StdoutLine: {'line': b'copying models/aws_robomaker_residential_Refrigerator_01/meshes/aws_Refrigerator_01.DAE -> /home/test/wf3/gazebo/agentsd_ws/install/smart_agent_gazebo/share/smart_agent_gazebo/models/aws_robomaker_residential_Refrigerator_01/meshes\n'}
[1.029377] (smart_agent_gazebo) StdoutLine: {'line': b'copying models/aws_robomaker_residential_Refrigerator_01/meshes/aws_Refrigerator_01_collision.DAE -> /home/test/wf3/gazebo/agentsd_ws/install/smart_agent_gazebo/share/smart_agent_gazebo/models/aws_robomaker_residential_Refrigerator_01/meshes\n'}
[1.029600] (smart_agent_gazebo) StdoutLine: {'line': b'creating /home/test/wf3/gazebo/agentsd_ws/install/smart_agent_gazebo/share/smart_agent_gazebo/models/aws_robomaker_residential_PortraitD_02\n'}
[1.029747] (smart_agent_gazebo) StdoutLine: {'line': b'copying models/aws_robomaker_residential_PortraitD_02/model.config -> /home/test/wf3/gazebo/agentsd_ws/install/smart_agent_gazebo/share/smart_agent_gazebo/models/aws_robomaker_residential_PortraitD_02\n'}
[1.029893] (smart_agent_gazebo) StdoutLine: {'line': b'copying models/aws_robomaker_residential_PortraitD_02/model.sdf -> /home/test/wf3/gazebo/agentsd_ws/install/smart_agent_gazebo/share/smart_agent_gazebo/models/aws_robomaker_residential_PortraitD_02\n'}
[1.030037] (smart_agent_gazebo) StdoutLine: {'line': b'creating /home/test/wf3/gazebo/agentsd_ws/install/smart_agent_gazebo/share/smart_agent_gazebo/models/aws_robomaker_residential_PortraitD_02/materials\n'}
[1.030252] (smart_agent_gazebo) StdoutLine: {'line': b'creating /home/test/wf3/gazebo/agentsd_ws/install/smart_agent_gazebo/share/smart_agent_gazebo/models/aws_robomaker_residential_PortraitD_02/materials/textures\n'}
[1.030399] (smart_agent_gazebo) StdoutLine: {'line': b'copying models/aws_robomaker_residential_PortraitD_02/materials/textures/aws_PortraitD_01.png -> /home/test/wf3/gazebo/agentsd_ws/install/smart_agent_gazebo/share/smart_agent_gazebo/models/aws_robomaker_residential_PortraitD_02/materials/textures\n'}
[1.030543] (smart_agent_gazebo) StdoutLine: {'line': b'copying models/aws_robomaker_residential_PortraitD_02/materials/textures/aws_PortraitD_02.png -> /home/test/wf3/gazebo/agentsd_ws/install/smart_agent_gazebo/share/smart_agent_gazebo/models/aws_robomaker_residential_PortraitD_02/materials/textures\n'}
[1.030692] (smart_agent_gazebo) StdoutLine: {'line': b'creating /home/test/wf3/gazebo/agentsd_ws/install/smart_agent_gazebo/share/smart_agent_gazebo/models/aws_robomaker_residential_PortraitD_02/meshes\n'}
[1.030837] (smart_agent_gazebo) StdoutLine: {'line': b'copying models/aws_robomaker_residential_PortraitD_02/meshes/aws_PortraitD_01_visual.DAE -> /home/test/wf3/gazebo/agentsd_ws/install/smart_agent_gazebo/share/smart_agent_gazebo/models/aws_robomaker_residential_PortraitD_02/meshes\n'}
[1.030984] (smart_agent_gazebo) StdoutLine: {'line': b'copying models/aws_robomaker_residential_PortraitD_02/meshes/aws_PortraitD_01_collision.DAE -> /home/test/wf3/gazebo/agentsd_ws/install/smart_agent_gazebo/share/smart_agent_gazebo/models/aws_robomaker_residential_PortraitD_02/meshes\n'}
[1.031132] (smart_agent_gazebo) StdoutLine: {'line': b'creating /home/test/wf3/gazebo/agentsd_ws/install/smart_agent_gazebo/share/smart_agent_gazebo/models/aws_robomaker_residential_PortraitE_02\n'}
[1.031279] (smart_agent_gazebo) StdoutLine: {'line': b'copying models/aws_robomaker_residential_PortraitE_02/model.config -> /home/test/wf3/gazebo/agentsd_ws/install/smart_agent_gazebo/share/smart_agent_gazebo/models/aws_robomaker_residential_PortraitE_02\n'}
[1.031577] (smart_agent_gazebo) StdoutLine: {'line': b'copying models/aws_robomaker_residential_PortraitE_02/model.sdf -> /home/test/wf3/gazebo/agentsd_ws/install/smart_agent_gazebo/share/smart_agent_gazebo/models/aws_robomaker_residential_PortraitE_02\n'}
[1.031713] (smart_agent_gazebo) StdoutLine: {'line': b'creating /home/test/wf3/gazebo/agentsd_ws/install/smart_agent_gazebo/share/smart_agent_gazebo/models/aws_robomaker_residential_PortraitE_02/materials\n'}
[1.031847] (smart_agent_gazebo) StdoutLine: {'line': b'creating /home/test/wf3/gazebo/agentsd_ws/install/smart_agent_gazebo/share/smart_agent_gazebo/models/aws_robomaker_residential_PortraitE_02/materials/textures\n'}
[1.032012] (smart_agent_gazebo) StdoutLine: {'line': b'copying models/aws_robomaker_residential_PortraitE_02/materials/textures/aws_PortraitE_01.png -> /home/test/wf3/gazebo/agentsd_ws/install/smart_agent_gazebo/share/smart_agent_gazebo/models/aws_robomaker_residential_PortraitE_02/materials/textures\n'}
[1.032156] (smart_agent_gazebo) StdoutLine: {'line': b'copying models/aws_robomaker_residential_PortraitE_02/materials/textures/aws_PortraitE_02.png -> /home/test/wf3/gazebo/agentsd_ws/install/smart_agent_gazebo/share/smart_agent_gazebo/models/aws_robomaker_residential_PortraitE_02/materials/textures\n'}
[1.032443] (smart_agent_gazebo) StdoutLine: {'line': b'creating /home/test/wf3/gazebo/agentsd_ws/install/smart_agent_gazebo/share/smart_agent_gazebo/models/aws_robomaker_residential_PortraitE_02/meshes\n'}
[1.032588] (smart_agent_gazebo) StdoutLine: {'line': b'copying models/aws_robomaker_residential_PortraitE_02/meshes/aws_PortraitE_01_collision.DAE -> /home/test/wf3/gazebo/agentsd_ws/install/smart_agent_gazebo/share/smart_agent_gazebo/models/aws_robomaker_residential_PortraitE_02/meshes\n'}
[1.032733] (smart_agent_gazebo) StdoutLine: {'line': b'copying models/aws_robomaker_residential_PortraitE_02/meshes/aws_PortraitE_01_visual.DAE -> /home/test/wf3/gazebo/agentsd_ws/install/smart_agent_gazebo/share/smart_agent_gazebo/models/aws_robomaker_residential_PortraitE_02/meshes\n'}
[1.032878] (smart_agent_gazebo) StdoutLine: {'line': b'creating /home/test/wf3/gazebo/agentsd_ws/install/smart_agent_gazebo/share/smart_agent_gazebo/models/aws_robomaker_residential_Door_01\n'}
[1.033021] (smart_agent_gazebo) StdoutLine: {'line': b'copying models/aws_robomaker_residential_Door_01/model.config -> /home/test/wf3/gazebo/agentsd_ws/install/smart_agent_gazebo/share/smart_agent_gazebo/models/aws_robomaker_residential_Door_01\n'}
[1.033165] (smart_agent_gazebo) StdoutLine: {'line': b'copying models/aws_robomaker_residential_Door_01/model.sdf -> /home/test/wf3/gazebo/agentsd_ws/install/smart_agent_gazebo/share/smart_agent_gazebo/models/aws_robomaker_residential_Door_01\n'}
[1.033306] (smart_agent_gazebo) StdoutLine: {'line': b'creating /home/test/wf3/gazebo/agentsd_ws/install/smart_agent_gazebo/share/smart_agent_gazebo/models/aws_robomaker_residential_Door_01/materials\n'}
[1.033447] (smart_agent_gazebo) StdoutLine: {'line': b'creating /home/test/wf3/gazebo/agentsd_ws/install/smart_agent_gazebo/share/smart_agent_gazebo/models/aws_robomaker_residential_Door_01/materials/textures\n'}
[1.033588] (smart_agent_gazebo) StdoutLine: {'line': b'copying models/aws_robomaker_residential_Door_01/materials/textures/aws_Door_01.png -> /home/test/wf3/gazebo/agentsd_ws/install/smart_agent_gazebo/share/smart_agent_gazebo/models/aws_robomaker_residential_Door_01/materials/textures\n'}
[1.033728] (smart_agent_gazebo) StdoutLine: {'line': b'creating /home/test/wf3/gazebo/agentsd_ws/install/smart_agent_gazebo/share/smart_agent_gazebo/models/aws_robomaker_residential_Door_01/meshes\n'}
[1.033865] (smart_agent_gazebo) StdoutLine: {'line': b'copying models/aws_robomaker_residential_Door_01/meshes/aws_Door_01_collision.DAE -> /home/test/wf3/gazebo/agentsd_ws/install/smart_agent_gazebo/share/smart_agent_gazebo/models/aws_robomaker_residential_Door_01/meshes\n'}
[1.034011] (smart_agent_gazebo) StdoutLine: {'line': b'copying models/aws_robomaker_residential_Door_01/meshes/aws_Door_01_visual.DAE -> /home/test/wf3/gazebo/agentsd_ws/install/smart_agent_gazebo/share/smart_agent_gazebo/models/aws_robomaker_residential_Door_01/meshes\n'}
[1.034171] (smart_agent_gazebo) StdoutLine: {'line': b'creating /home/test/wf3/gazebo/agentsd_ws/install/smart_agent_gazebo/share/smart_agent_gazebo/models/AnesthesiaMachine\n'}
[1.034535] (smart_agent_gazebo) StdoutLine: {'line': b'copying models/AnesthesiaMachine/model.config -> /home/test/wf3/gazebo/agentsd_ws/install/smart_agent_gazebo/share/smart_agent_gazebo/models/AnesthesiaMachine\n'}
[1.034678] (smart_agent_gazebo) StdoutLine: {'line': b'copying models/AnesthesiaMachine/model.sdf -> /home/test/wf3/gazebo/agentsd_ws/install/smart_agent_gazebo/share/smart_agent_gazebo/models/AnesthesiaMachine\n'}
[1.034820] (smart_agent_gazebo) StdoutLine: {'line': b'creating /home/test/wf3/gazebo/agentsd_ws/install/smart_agent_gazebo/share/smart_agent_gazebo/models/AnesthesiaMachine/thumbnails\n'}
[1.034964] (smart_agent_gazebo) StdoutLine: {'line': b'copying models/AnesthesiaMachine/thumbnails/2.png -> /home/test/wf3/gazebo/agentsd_ws/install/smart_agent_gazebo/share/smart_agent_gazebo/models/AnesthesiaMachine/thumbnails\n'}
[1.035193] (smart_agent_gazebo) StdoutLine: {'line': b'copying models/AnesthesiaMachine/thumbnails/1.png -> /home/test/wf3/gazebo/agentsd_ws/install/smart_agent_gazebo/share/smart_agent_gazebo/models/AnesthesiaMachine/thumbnails\n'}
[1.035334] (smart_agent_gazebo) StdoutLine: {'line': b'copying models/AnesthesiaMachine/thumbnails/4.png -> /home/test/wf3/gazebo/agentsd_ws/install/smart_agent_gazebo/share/smart_agent_gazebo/models/AnesthesiaMachine/thumbnails\n'}
[1.035478] (smart_agent_gazebo) StdoutLine: {'line': b'copying models/AnesthesiaMachine/thumbnails/3.png -> /home/test/wf3/gazebo/agentsd_ws/install/smart_agent_gazebo/share/smart_agent_gazebo/models/AnesthesiaMachine/thumbnails\n'}
[1.035618] (smart_agent_gazebo) StdoutLine: {'line': b'copying models/AnesthesiaMachine/thumbnails/5.png -> /home/test/wf3/gazebo/agentsd_ws/install/smart_agent_gazebo/share/smart_agent_gazebo/models/AnesthesiaMachine/thumbnails\n'}
[1.035758] (smart_agent_gazebo) StdoutLine: {'line': b'creating /home/test/wf3/gazebo/agentsd_ws/install/smart_agent_gazebo/share/smart_agent_gazebo/models/AnesthesiaMachine/meshes\n'}
[1.035896] (smart_agent_gazebo) StdoutLine: {'line': b'copying models/AnesthesiaMachine/meshes/AnesthesiaMachine_Col.mtl -> /home/test/wf3/gazebo/agentsd_ws/install/smart_agent_gazebo/share/smart_agent_gazebo/models/AnesthesiaMachine/meshes\n'}
[1.036068] (smart_agent_gazebo) StdoutLine: {'line': b'copying models/AnesthesiaMachine/meshes/AnesthesiaMachine.mtl -> /home/test/wf3/gazebo/agentsd_ws/install/smart_agent_gazebo/share/smart_agent_gazebo/models/AnesthesiaMachine/meshes\n'}
[1.036207] (smart_agent_gazebo) StdoutLine: {'line': b'copying models/AnesthesiaMachine/meshes/AnesthesiaMachine_Col.obj -> /home/test/wf3/gazebo/agentsd_ws/install/smart_agent_gazebo/share/smart_agent_gazebo/models/AnesthesiaMachine/meshes\n'}
[1.036346] (smart_agent_gazebo) StdoutLine: {'line': b'copying models/AnesthesiaMachine/meshes/AnesthesiaMachine.png -> /home/test/wf3/gazebo/agentsd_ws/install/smart_agent_gazebo/share/smart_agent_gazebo/models/AnesthesiaMachine/meshes\n'}
[1.036486] (smart_agent_gazebo) StdoutLine: {'line': b'copying models/AnesthesiaMachine/meshes/AnesthesiaMachine.obj -> /home/test/wf3/gazebo/agentsd_ws/install/smart_agent_gazebo/share/smart_agent_gazebo/models/AnesthesiaMachine/meshes\n'}
[1.036626] (smart_agent_gazebo) StdoutLine: {'line': b'creating /home/test/wf3/gazebo/agentsd_ws/install/smart_agent_gazebo/share/smart_agent_gazebo/models/aws_robomaker_hospital_curtain_closed_01\n'}
[1.036765] (smart_agent_gazebo) StdoutLine: {'line': b'copying models/aws_robomaker_hospital_curtain_closed_01/model.config -> /home/test/wf3/gazebo/agentsd_ws/install/smart_agent_gazebo/share/smart_agent_gazebo/models/aws_robomaker_hospital_curtain_closed_01\n'}
[1.036909] (smart_agent_gazebo) StdoutLine: {'line': b'copying models/aws_robomaker_hospital_curtain_closed_01/model.sdf -> /home/test/wf3/gazebo/agentsd_ws/install/smart_agent_gazebo/share/smart_agent_gazebo/models/aws_robomaker_hospital_curtain_closed_01\n'}
[1.037048] (smart_agent_gazebo) StdoutLine: {'line': b'creating /home/test/wf3/gazebo/agentsd_ws/install/smart_agent_gazebo/share/smart_agent_gazebo/models/aws_robomaker_hospital_curtain_closed_01/meshes\n'}
[1.037190] (smart_agent_gazebo) StdoutLine: {'line': b'copying models/aws_robomaker_hospital_curtain_closed_01/meshes/aws_robomaker_hospital_curtain_closed_01_visual.dae -> /home/test/wf3/gazebo/agentsd_ws/install/smart_agent_gazebo/share/smart_agent_gazebo/models/aws_robomaker_hospital_curtain_closed_01/meshes\n'}
[1.037332] (smart_agent_gazebo) StdoutLine: {'line': b'copying models/aws_robomaker_hospital_curtain_closed_01/meshes/aws_robomaker_hospital_curtain_closed_01_visual.png -> /home/test/wf3/gazebo/agentsd_ws/install/smart_agent_gazebo/share/smart_agent_gazebo/models/aws_robomaker_hospital_curtain_closed_01/meshes\n'}
[1.037473] (smart_agent_gazebo) StdoutLine: {'line': b'copying models/aws_robomaker_hospital_curtain_closed_01/meshes/aws_robomaker_hospital_curtainrail_01_low_normal.png -> /home/test/wf3/gazebo/agentsd_ws/install/smart_agent_gazebo/share/smart_agent_gazebo/models/aws_robomaker_hospital_curtain_closed_01/meshes\n'}
[1.037706] (smart_agent_gazebo) StdoutLine: {'line': b'copying models/aws_robomaker_hospital_curtain_closed_01/meshes/aws_robomaker_hospital_curtainrail_01_visual.png -> /home/test/wf3/gazebo/agentsd_ws/install/smart_agent_gazebo/share/smart_agent_gazebo/models/aws_robomaker_hospital_curtain_closed_01/meshes\n'}
[1.037849] (smart_agent_gazebo) StdoutLine: {'line': b'copying models/aws_robomaker_hospital_curtain_closed_01/meshes/aws_robomaker_hospital_curtain_closed_01_visual_normal.png -> /home/test/wf3/gazebo/agentsd_ws/install/smart_agent_gazebo/share/smart_agent_gazebo/models/aws_robomaker_hospital_curtain_closed_01/meshes\n'}
[1.037991] (smart_agent_gazebo) StdoutLine: {'line': b'copying models/aws_robomaker_hospital_curtain_closed_01/meshes/aws_robomaker_hospital_curtain_closed_01_low_normal.png -> /home/test/wf3/gazebo/agentsd_ws/install/smart_agent_gazebo/share/smart_agent_gazebo/models/aws_robomaker_hospital_curtain_closed_01/meshes\n'}
[1.038141] (smart_agent_gazebo) StdoutLine: {'line': b'copying models/aws_robomaker_hospital_curtain_closed_01/meshes/aws_robomaker_hospital_curtain_closed_01_low.png -> /home/test/wf3/gazebo/agentsd_ws/install/smart_agent_gazebo/share/smart_agent_gazebo/models/aws_robomaker_hospital_curtain_closed_01/meshes\n'}
[1.038533] (smart_agent_gazebo) StdoutLine: {'line': b'copying models/aws_robomaker_hospital_curtain_closed_01/meshes/aws_robomaker_hospital_curtain_closed_01_collision.dae -> /home/test/wf3/gazebo/agentsd_ws/install/smart_agent_gazebo/share/smart_agent_gazebo/models/aws_robomaker_hospital_curtain_closed_01/meshes\n'}
[1.038674] (smart_agent_gazebo) StdoutLine: {'line': b'copying models/aws_robomaker_hospital_curtain_closed_01/meshes/aws_robomaker_hospital_curtainrail_01_visual_normal.png -> /home/test/wf3/gazebo/agentsd_ws/install/smart_agent_gazebo/share/smart_agent_gazebo/models/aws_robomaker_hospital_curtain_closed_01/meshes\n'}
[1.038814] (smart_agent_gazebo) StdoutLine: {'line': b'copying models/aws_robomaker_hospital_curtain_closed_01/meshes/aws_robomaker_hospital_curtainrail_01_low.png -> /home/test/wf3/gazebo/agentsd_ws/install/smart_agent_gazebo/share/smart_agent_gazebo/models/aws_robomaker_hospital_curtain_closed_01/meshes\n'}
[1.038993] (smart_agent_gazebo) StdoutLine: {'line': b'creating /home/test/wf3/gazebo/agentsd_ws/install/smart_agent_gazebo/share/smart_agent_gazebo/models/BloodPressureMonitor\n'}
[1.039138] (smart_agent_gazebo) StdoutLine: {'line': b'copying models/BloodPressureMonitor/model.config -> /home/test/wf3/gazebo/agentsd_ws/install/smart_agent_gazebo/share/smart_agent_gazebo/models/BloodPressureMonitor\n'}
[1.039278] (smart_agent_gazebo) StdoutLine: {'line': b'copying models/BloodPressureMonitor/model.sdf -> /home/test/wf3/gazebo/agentsd_ws/install/smart_agent_gazebo/share/smart_agent_gazebo/models/BloodPressureMonitor\n'}
[1.039421] (smart_agent_gazebo) StdoutLine: {'line': b'creating /home/test/wf3/gazebo/agentsd_ws/install/smart_agent_gazebo/share/smart_agent_gazebo/models/BloodPressureMonitor/thumbnails\n'}
[1.039558] (smart_agent_gazebo) StdoutLine: {'line': b'copying models/BloodPressureMonitor/thumbnails/2.png -> /home/test/wf3/gazebo/agentsd_ws/install/smart_agent_gazebo/share/smart_agent_gazebo/models/BloodPressureMonitor/thumbnails\n'}
[1.039697] (smart_agent_gazebo) StdoutLine: {'line': b'copying models/BloodPressureMonitor/thumbnails/1.png -> /home/test/wf3/gazebo/agentsd_ws/install/smart_agent_gazebo/share/smart_agent_gazebo/models/BloodPressureMonitor/thumbnails\n'}
[1.039837] (smart_agent_gazebo) StdoutLine: {'line': b'copying models/BloodPressureMonitor/thumbnails/4.png -> /home/test/wf3/gazebo/agentsd_ws/install/smart_agent_gazebo/share/smart_agent_gazebo/models/BloodPressureMonitor/thumbnails\n'}
[1.039977] (smart_agent_gazebo) StdoutLine: {'line': b'copying models/BloodPressureMonitor/thumbnails/3.png -> /home/test/wf3/gazebo/agentsd_ws/install/smart_agent_gazebo/share/smart_agent_gazebo/models/BloodPressureMonitor/thumbnails\n'}
[1.040166] (smart_agent_gazebo) StdoutLine: {'line': b'copying models/BloodPressureMonitor/thumbnails/5.png -> /home/test/wf3/gazebo/agentsd_ws/install/smart_agent_gazebo/share/smart_agent_gazebo/models/BloodPressureMonitor/thumbnails\n'}
[1.040308] (smart_agent_gazebo) StdoutLine: {'line': b'creating /home/test/wf3/gazebo/agentsd_ws/install/smart_agent_gazebo/share/smart_agent_gazebo/models/BloodPressureMonitor/meshes\n'}
[1.040454] (smart_agent_gazebo) StdoutLine: {'line': b'copying models/BloodPressureMonitor/meshes/BloodPressureMonitor_Col.obj -> /home/test/wf3/gazebo/agentsd_ws/install/smart_agent_gazebo/share/smart_agent_gazebo/models/BloodPressureMonitor/meshes\n'}
[1.040602] (smart_agent_gazebo) StdoutLine: {'line': b'copying models/BloodPressureMonitor/meshes/BloodPressureMonitor.png -> /home/test/wf3/gazebo/agentsd_ws/install/smart_agent_gazebo/share/smart_agent_gazebo/models/BloodPressureMonitor/meshes\n'}
[1.040746] (smart_agent_gazebo) StdoutLine: {'line': b'copying models/BloodPressureMonitor/meshes/BloodPressureMonitor.mtl -> /home/test/wf3/gazebo/agentsd_ws/install/smart_agent_gazebo/share/smart_agent_gazebo/models/BloodPressureMonitor/meshes\n'}
[1.040890] (smart_agent_gazebo) StdoutLine: {'line': b'copying models/BloodPressureMonitor/meshes/BloodPressureMonitor.obj -> /home/test/wf3/gazebo/agentsd_ws/install/smart_agent_gazebo/share/smart_agent_gazebo/models/BloodPressureMonitor/meshes\n'}
[1.041028] (smart_agent_gazebo) StdoutLine: {'line': b'copying models/BloodPressureMonitor/meshes/BloodPressureMonitor_Col.mtl -> /home/test/wf3/gazebo/agentsd_ws/install/smart_agent_gazebo/share/smart_agent_gazebo/models/BloodPressureMonitor/meshes\n'}
[1.041167] (smart_agent_gazebo) StdoutLine: {'line': b'creating /home/test/wf3/gazebo/agentsd_ws/install/smart_agent_gazebo/share/smart_agent_gazebo/models/aws_robomaker_residential_DeskPortraitC_01\n'}
[1.041305] (smart_agent_gazebo) StdoutLine: {'line': b'copying models/aws_robomaker_residential_DeskPortraitC_01/model.config -> /home/test/wf3/gazebo/agentsd_ws/install/smart_agent_gazebo/share/smart_agent_gazebo/models/aws_robomaker_residential_DeskPortraitC_01\n'}
[1.041447] (smart_agent_gazebo) StdoutLine: {'line': b'copying models/aws_robomaker_residential_DeskPortraitC_01/model.sdf -> /home/test/wf3/gazebo/agentsd_ws/install/smart_agent_gazebo/share/smart_agent_gazebo/models/aws_robomaker_residential_DeskPortraitC_01\n'}
[1.041592] (smart_agent_gazebo) StdoutLine: {'line': b'creating /home/test/wf3/gazebo/agentsd_ws/install/smart_agent_gazebo/share/smart_agent_gazebo/models/aws_robomaker_residential_DeskPortraitC_01/materials\n'}
[1.042007] (smart_agent_gazebo) StdoutLine: {'line': b'creating /home/test/wf3/gazebo/agentsd_ws/install/smart_agent_gazebo/share/smart_agent_gazebo/models/aws_robomaker_residential_DeskPortraitC_01/materials/textures\n'}
[1.042153] (smart_agent_gazebo) StdoutLine: {'line': b'copying models/aws_robomaker_residential_DeskPortraitC_01/materials/textures/aws_DeskPortraitC_01.png -> /home/test/wf3/gazebo/agentsd_ws/install/smart_agent_gazebo/share/smart_agent_gazebo/models/aws_robomaker_residential_DeskPortraitC_01/materials/textures\n'}
[1.042300] (smart_agent_gazebo) StdoutLine: {'line': b'copying models/aws_robomaker_residential_DeskPortraitC_01/materials/textures/aws_DeskPortraitC_02.png -> /home/test/wf3/gazebo/agentsd_ws/install/smart_agent_gazebo/share/smart_agent_gazebo/models/aws_robomaker_residential_DeskPortraitC_01/materials/textures\n'}
[1.042446] (smart_agent_gazebo) StdoutLine: {'line': b'creating /home/test/wf3/gazebo/agentsd_ws/install/smart_agent_gazebo/share/smart_agent_gazebo/models/aws_robomaker_residential_DeskPortraitC_01/meshes\n'}
[1.042591] (smart_agent_gazebo) StdoutLine: {'line': b'copying models/aws_robomaker_residential_DeskPortraitC_01/meshes/aws_DeskPortraitC_01_visual.DAE -> /home/test/wf3/gazebo/agentsd_ws/install/smart_agent_gazebo/share/smart_agent_gazebo/models/aws_robomaker_residential_DeskPortraitC_01/meshes\n'}
[1.042773] (smart_agent_gazebo) StdoutLine: {'line': b'copying models/aws_robomaker_residential_DeskPortraitC_01/meshes/aws_DeskPortraitC_01_collision.DAE -> /home/test/wf3/gazebo/agentsd_ws/install/smart_agent_gazebo/share/smart_agent_gazebo/models/aws_robomaker_residential_DeskPortraitC_01/meshes\n'}
[1.042918] (smart_agent_gazebo) StdoutLine: {'line': b'creating /home/test/wf3/gazebo/agentsd_ws/install/smart_agent_gazebo/share/smart_agent_gazebo/models/aws_robomaker_hospital_elevator_01_door\n'}
[1.043060] (smart_agent_gazebo) StdoutLine: {'line': b'copying models/aws_robomaker_hospital_elevator_01_door/model.config -> /home/test/wf3/gazebo/agentsd_ws/install/smart_agent_gazebo/share/smart_agent_gazebo/models/aws_robomaker_hospital_elevator_01_door\n'}
[1.043205] (smart_agent_gazebo) StdoutLine: {'line': b'copying models/aws_robomaker_hospital_elevator_01_door/model.sdf -> /home/test/wf3/gazebo/agentsd_ws/install/smart_agent_gazebo/share/smart_agent_gazebo/models/aws_robomaker_hospital_elevator_01_door\n'}
[1.043345] (smart_agent_gazebo) StdoutLine: {'line': b'creating /home/test/wf3/gazebo/agentsd_ws/install/smart_agent_gazebo/share/smart_agent_gazebo/models/aws_robomaker_hospital_elevator_01_door/meshes\n'}
[1.043486] (smart_agent_gazebo) StdoutLine: {'line': b'copying models/aws_robomaker_hospital_elevator_01_door/meshes/aws_robomaker_hospital_elevator_01_low.png -> /home/test/wf3/gazebo/agentsd_ws/install/smart_agent_gazebo/share/smart_agent_gazebo/models/aws_robomaker_hospital_elevator_01_door/meshes\n'}
[1.043627] (smart_agent_gazebo) StdoutLine: {'line': b'copying models/aws_robomaker_hospital_elevator_01_door/meshes/aws_robomaker_hospital_elevator_01_visual_normal.png -> /home/test/wf3/gazebo/agentsd_ws/install/smart_agent_gazebo/share/smart_agent_gazebo/models/aws_robomaker_hospital_elevator_01_door/meshes\n'}
[1.043774] (smart_agent_gazebo) StdoutLine: {'line': b'copying models/aws_robomaker_hospital_elevator_01_door/meshes/aws_robomaker_hospital_elevator_01_door_visual.dae -> /home/test/wf3/gazebo/agentsd_ws/install/smart_agent_gazebo/share/smart_agent_gazebo/models/aws_robomaker_hospital_elevator_01_door/meshes\n'}
[1.043923] (smart_agent_gazebo) StdoutLine: {'line': b'copying models/aws_robomaker_hospital_elevator_01_door/meshes/aws_robomaker_hospital_elevator_01_low_normal.png -> /home/test/wf3/gazebo/agentsd_ws/install/smart_agent_gazebo/share/smart_agent_gazebo/models/aws_robomaker_hospital_elevator_01_door/meshes\n'}
[1.044067] (smart_agent_gazebo) StdoutLine: {'line': b'copying models/aws_robomaker_hospital_elevator_01_door/meshes/aws_robomaker_hospital_elevator_01_visual.png -> /home/test/wf3/gazebo/agentsd_ws/install/smart_agent_gazebo/share/smart_agent_gazebo/models/aws_robomaker_hospital_elevator_01_door/meshes\n'}
[1.044213] (smart_agent_gazebo) StdoutLine: {'line': b'copying models/aws_robomaker_hospital_elevator_01_door/meshes/aws_robomaker_hospital_elevator_01_door_low.dae -> /home/test/wf3/gazebo/agentsd_ws/install/smart_agent_gazebo/share/smart_agent_gazebo/models/aws_robomaker_hospital_elevator_01_door/meshes\n'}
[1.044357] (smart_agent_gazebo) StdoutLine: {'line': b'copying models/aws_robomaker_hospital_elevator_01_door/meshes/aws_robomaker_hospital_elevator_01_door_collision.dae -> /home/test/wf3/gazebo/agentsd_ws/install/smart_agent_gazebo/share/smart_agent_gazebo/models/aws_robomaker_hospital_elevator_01_door/meshes\n'}
[1.044500] (smart_agent_gazebo) StdoutLine: {'line': b'creating /home/test/wf3/gazebo/agentsd_ws/install/smart_agent_gazebo/share/smart_agent_gazebo/models/aws_robomaker_residential_PortraitD_01\n'}
[1.044642] (smart_agent_gazebo) StdoutLine: {'line': b'copying models/aws_robomaker_residential_PortraitD_01/model.config -> /home/test/wf3/gazebo/agentsd_ws/install/smart_agent_gazebo/share/smart_agent_gazebo/models/aws_robomaker_residential_PortraitD_01\n'}
[1.045009] (smart_agent_gazebo) StdoutLine: {'line': b'copying models/aws_robomaker_residential_PortraitD_01/model.sdf -> /home/test/wf3/gazebo/agentsd_ws/install/smart_agent_gazebo/share/smart_agent_gazebo/models/aws_robomaker_residential_PortraitD_01\n'}
[1.045171] (smart_agent_gazebo) StdoutLine: {'line': b'creating /home/test/wf3/gazebo/agentsd_ws/install/smart_agent_gazebo/share/smart_agent_gazebo/models/aws_robomaker_residential_PortraitD_01/materials\n'}
[1.045309] (smart_agent_gazebo) StdoutLine: {'line': b'creating /home/test/wf3/gazebo/agentsd_ws/install/smart_agent_gazebo/share/smart_agent_gazebo/models/aws_robomaker_residential_PortraitD_01/materials/textures\n'}
[1.045450] (smart_agent_gazebo) StdoutLine: {'line': b'copying models/aws_robomaker_residential_PortraitD_01/materials/textures/aws_PortraitD_01.png -> /home/test/wf3/gazebo/agentsd_ws/install/smart_agent_gazebo/share/smart_agent_gazebo/models/aws_robomaker_residential_PortraitD_01/materials/textures\n'}
[1.045596] (smart_agent_gazebo) StdoutLine: {'line': b'copying models/aws_robomaker_residential_PortraitD_01/materials/textures/aws_PortraitD_02.png -> /home/test/wf3/gazebo/agentsd_ws/install/smart_agent_gazebo/share/smart_agent_gazebo/models/aws_robomaker_residential_PortraitD_01/materials/textures\n'}
[1.045739] (smart_agent_gazebo) StdoutLine: {'line': b'creating /home/test/wf3/gazebo/agentsd_ws/install/smart_agent_gazebo/share/smart_agent_gazebo/models/aws_robomaker_residential_PortraitD_01/meshes\n'}
[1.045884] (smart_agent_gazebo) StdoutLine: {'line': b'copying models/aws_robomaker_residential_PortraitD_01/meshes/aws_PortraitD_01_visual.DAE -> /home/test/wf3/gazebo/agentsd_ws/install/smart_agent_gazebo/share/smart_agent_gazebo/models/aws_robomaker_residential_PortraitD_01/meshes\n'}
[1.046031] (smart_agent_gazebo) StdoutLine: {'line': b'copying models/aws_robomaker_residential_PortraitD_01/meshes/aws_PortraitD_01_collision.DAE -> /home/test/wf3/gazebo/agentsd_ws/install/smart_agent_gazebo/share/smart_agent_gazebo/models/aws_robomaker_residential_PortraitD_01/meshes\n'}
[1.046187] (smart_agent_gazebo) StdoutLine: {'line': b'creating /home/test/wf3/gazebo/agentsd_ws/install/smart_agent_gazebo/share/smart_agent_gazebo/models/aws_robomaker_residential_TVCabinet_01\n'}
[1.046375] (smart_agent_gazebo) StdoutLine: {'line': b'copying models/aws_robomaker_residential_TVCabinet_01/model.config -> /home/test/wf3/gazebo/agentsd_ws/install/smart_agent_gazebo/share/smart_agent_gazebo/models/aws_robomaker_residential_TVCabinet_01\n'}
[1.046524] (smart_agent_gazebo) StdoutLine: {'line': b'copying models/aws_robomaker_residential_TVCabinet_01/model.sdf -> /home/test/wf3/gazebo/agentsd_ws/install/smart_agent_gazebo/share/smart_agent_gazebo/models/aws_robomaker_residential_TVCabinet_01\n'}
[1.046668] (smart_agent_gazebo) StdoutLine: {'line': b'creating /home/test/wf3/gazebo/agentsd_ws/install/smart_agent_gazebo/share/smart_agent_gazebo/models/aws_robomaker_residential_TVCabinet_01/materials\n'}
[1.046813] (smart_agent_gazebo) StdoutLine: {'line': b'creating /home/test/wf3/gazebo/agentsd_ws/install/smart_agent_gazebo/share/smart_agent_gazebo/models/aws_robomaker_residential_TVCabinet_01/materials/textures\n'}
[1.046956] (smart_agent_gazebo) StdoutLine: {'line': b'copying models/aws_robomaker_residential_TVCabinet_01/materials/textures/aws_TVCabinet_01.png -> /home/test/wf3/gazebo/agentsd_ws/install/smart_agent_gazebo/share/smart_agent_gazebo/models/aws_robomaker_residential_TVCabinet_01/materials/textures\n'}
[1.047099] (smart_agent_gazebo) StdoutLine: {'line': b'creating /home/test/wf3/gazebo/agentsd_ws/install/smart_agent_gazebo/share/smart_agent_gazebo/models/aws_robomaker_residential_TVCabinet_01/meshes\n'}
[1.047241] (smart_agent_gazebo) StdoutLine: {'line': b'copying models/aws_robomaker_residential_TVCabinet_01/meshes/aws_TVCabinet_01_collision.DAE -> /home/test/wf3/gazebo/agentsd_ws/install/smart_agent_gazebo/share/smart_agent_gazebo/models/aws_robomaker_residential_TVCabinet_01/meshes\n'}
[1.047383] (smart_agent_gazebo) StdoutLine: {'line': b'copying models/aws_robomaker_residential_TVCabinet_01/meshes/aws_TVCabinet_01_visual.DAE -> /home/test/wf3/gazebo/agentsd_ws/install/smart_agent_gazebo/share/smart_agent_gazebo/models/aws_robomaker_residential_TVCabinet_01/meshes\n'}
[1.047622] (smart_agent_gazebo) StdoutLine: {'line': b'creating /home/test/wf3/gazebo/agentsd_ws/install/smart_agent_gazebo/share/smart_agent_gazebo/models/InstrumentCart2\n'}
[1.047765] (smart_agent_gazebo) StdoutLine: {'line': b'copying models/InstrumentCart2/model.config -> /home/test/wf3/gazebo/agentsd_ws/install/smart_agent_gazebo/share/smart_agent_gazebo/models/InstrumentCart2\n'}
[1.047907] (smart_agent_gazebo) StdoutLine: {'line': b'copying models/InstrumentCart2/model.sdf -> /home/test/wf3/gazebo/agentsd_ws/install/smart_agent_gazebo/share/smart_agent_gazebo/models/InstrumentCart2\n'}
[1.048050] (smart_agent_gazebo) StdoutLine: {'line': b'creating /home/test/wf3/gazebo/agentsd_ws/install/smart_agent_gazebo/share/smart_agent_gazebo/models/InstrumentCart2/thumbnails\n'}
[1.048189] (smart_agent_gazebo) StdoutLine: {'line': b'copying models/InstrumentCart2/thumbnails/2.png -> /home/test/wf3/gazebo/agentsd_ws/install/smart_agent_gazebo/share/smart_agent_gazebo/models/InstrumentCart2/thumbnails\n'}
[1.048608] (smart_agent_gazebo) StdoutLine: {'line': b'copying models/InstrumentCart2/thumbnails/1.png -> /home/test/wf3/gazebo/agentsd_ws/install/smart_agent_gazebo/share/smart_agent_gazebo/models/InstrumentCart2/thumbnails\n'}
[1.048819] (smart_agent_gazebo) StdoutLine: {'line': b'copying models/InstrumentCart2/thumbnails/4.png -> /home/test/wf3/gazebo/agentsd_ws/install/smart_agent_gazebo/share/smart_agent_gazebo/models/InstrumentCart2/thumbnails\n'}
[1.048954] (smart_agent_gazebo) StdoutLine: {'line': b'copying models/InstrumentCart2/thumbnails/3.png -> /home/test/wf3/gazebo/agentsd_ws/install/smart_agent_gazebo/share/smart_agent_gazebo/models/InstrumentCart2/thumbnails\n'}
[1.049093] (smart_agent_gazebo) StdoutLine: {'line': b'copying models/InstrumentCart2/thumbnails/5.png -> /home/test/wf3/gazebo/agentsd_ws/install/smart_agent_gazebo/share/smart_agent_gazebo/models/InstrumentCart2/thumbnails\n'}
[1.049232] (smart_agent_gazebo) StdoutLine: {'line': b'creating /home/test/wf3/gazebo/agentsd_ws/install/smart_agent_gazebo/share/smart_agent_gazebo/models/InstrumentCart2/meshes\n'}
[1.049372] (smart_agent_gazebo) StdoutLine: {'line': b'copying models/InstrumentCart2/meshes/InstrumentCart2.obj -> /home/test/wf3/gazebo/agentsd_ws/install/smart_agent_gazebo/share/smart_agent_gazebo/models/InstrumentCart2/meshes\n'}
[1.049516] (smart_agent_gazebo) StdoutLine: {'line': b'copying models/InstrumentCart2/meshes/texture.png -> /home/test/wf3/gazebo/agentsd_ws/install/smart_agent_gazebo/share/smart_agent_gazebo/models/InstrumentCart2/meshes\n'}
[1.049654] (smart_agent_gazebo) StdoutLine: {'line': b'copying models/InstrumentCart2/meshes/InstrumentCart2.mtl -> /home/test/wf3/gazebo/agentsd_ws/install/smart_agent_gazebo/share/smart_agent_gazebo/models/InstrumentCart2/meshes\n'}
[1.049798] (smart_agent_gazebo) StdoutLine: {'line': b'creating /home/test/wf3/gazebo/agentsd_ws/install/smart_agent_gazebo/share/smart_agent_gazebo/models/aws_robomaker_residential_DeskPortraitB_02\n'}
[1.049939] (smart_agent_gazebo) StdoutLine: {'line': b'copying models/aws_robomaker_residential_DeskPortraitB_02/model.config -> /home/test/wf3/gazebo/agentsd_ws/install/smart_agent_gazebo/share/smart_agent_gazebo/models/aws_robomaker_residential_DeskPortraitB_02\n'}
[1.050094] (smart_agent_gazebo) StdoutLine: {'line': b'copying models/aws_robomaker_residential_DeskPortraitB_02/model.sdf -> /home/test/wf3/gazebo/agentsd_ws/install/smart_agent_gazebo/share/smart_agent_gazebo/models/aws_robomaker_residential_DeskPortraitB_02\n'}
[1.050803] (smart_agent_gazebo) StdoutLine: {'line': b'creating /home/test/wf3/gazebo/agentsd_ws/install/smart_agent_gazebo/share/smart_agent_gazebo/models/aws_robomaker_residential_DeskPortraitB_02/materials\n'}
[1.050953] (smart_agent_gazebo) StdoutLine: {'line': b'creating /home/test/wf3/gazebo/agentsd_ws/install/smart_agent_gazebo/share/smart_agent_gazebo/models/aws_robomaker_residential_DeskPortraitB_02/materials/textures\n'}
[1.051098] (smart_agent_gazebo) StdoutLine: {'line': b'copying models/aws_robomaker_residential_DeskPortraitB_02/materials/textures/aws_DeskPortraitB_02.png -> /home/test/wf3/gazebo/agentsd_ws/install/smart_agent_gazebo/share/smart_agent_gazebo/models/aws_robomaker_residential_DeskPortraitB_02/materials/textures\n'}
[1.051285] (smart_agent_gazebo) StdoutLine: {'line': b'copying models/aws_robomaker_residential_DeskPortraitB_02/materials/textures/aws_DeskPortraitB_01.png -> /home/test/wf3/gazebo/agentsd_ws/install/smart_agent_gazebo/share/smart_agent_gazebo/models/aws_robomaker_residential_DeskPortraitB_02/materials/textures\n'}
[1.051433] (smart_agent_gazebo) StdoutLine: {'line': b'creating /home/test/wf3/gazebo/agentsd_ws/install/smart_agent_gazebo/share/smart_agent_gazebo/models/aws_robomaker_residential_DeskPortraitB_02/meshes\n'}
[1.051580] (smart_agent_gazebo) StdoutLine: {'line': b'copying models/aws_robomaker_residential_DeskPortraitB_02/meshes/aws_DeskPortraitB_01_visual.DAE -> /home/test/wf3/gazebo/agentsd_ws/install/smart_agent_gazebo/share/smart_agent_gazebo/models/aws_robomaker_residential_DeskPortraitB_02/meshes\n'}
[1.051726] (smart_agent_gazebo) StdoutLine: {'line': b'copying models/aws_robomaker_residential_DeskPortraitB_02/meshes/aws_DeskPortraitB_01_collision.DAE -> /home/test/wf3/gazebo/agentsd_ws/install/smart_agent_gazebo/share/smart_agent_gazebo/models/aws_robomaker_residential_DeskPortraitB_02/meshes\n'}
[1.051869] (smart_agent_gazebo) StdoutLine: {'line': b'creating /home/test/wf3/gazebo/agentsd_ws/install/smart_agent_gazebo/share/smart_agent_gazebo/models/IVStand\n'}
[1.052011] (smart_agent_gazebo) StdoutLine: {'line': b'copying models/IVStand/model.config -> /home/test/wf3/gazebo/agentsd_ws/install/smart_agent_gazebo/share/smart_agent_gazebo/models/IVStand\n'}
[1.052151] (smart_agent_gazebo) StdoutLine: {'line': b'copying models/IVStand/model.sdf -> /home/test/wf3/gazebo/agentsd_ws/install/smart_agent_gazebo/share/smart_agent_gazebo/models/IVStand\n'}
[1.052291] (smart_agent_gazebo) StdoutLine: {'line': b'creating /home/test/wf3/gazebo/agentsd_ws/install/smart_agent_gazebo/share/smart_agent_gazebo/models/IVStand/thumbnails\n'}
[1.052431] (smart_agent_gazebo) StdoutLine: {'line': b'copying models/IVStand/thumbnails/2.png -> /home/test/wf3/gazebo/agentsd_ws/install/smart_agent_gazebo/share/smart_agent_gazebo/models/IVStand/thumbnails\n'}
[1.052836] (smart_agent_gazebo) StdoutLine: {'line': b'copying models/IVStand/thumbnails/1.png -> /home/test/wf3/gazebo/agentsd_ws/install/smart_agent_gazebo/share/smart_agent_gazebo/models/IVStand/thumbnails\n'}
[1.052987] (smart_agent_gazebo) StdoutLine: {'line': b'copying models/IVStand/thumbnails/4.png -> /home/test/wf3/gazebo/agentsd_ws/install/smart_agent_gazebo/share/smart_agent_gazebo/models/IVStand/thumbnails\n'}
[1.053134] (smart_agent_gazebo) StdoutLine: {'line': b'copying models/IVStand/thumbnails/3.png -> /home/test/wf3/gazebo/agentsd_ws/install/smart_agent_gazebo/share/smart_agent_gazebo/models/IVStand/thumbnails\n'}
[1.053272] (smart_agent_gazebo) StdoutLine: {'line': b'copying models/IVStand/thumbnails/5.png -> /home/test/wf3/gazebo/agentsd_ws/install/smart_agent_gazebo/share/smart_agent_gazebo/models/IVStand/thumbnails\n'}
[1.053416] (smart_agent_gazebo) StdoutLine: {'line': b'creating /home/test/wf3/gazebo/agentsd_ws/install/smart_agent_gazebo/share/smart_agent_gazebo/models/IVStand/meshes\n'}
[1.053561] (smart_agent_gazebo) StdoutLine: {'line': b'copying models/IVStand/meshes/IVStand_Diffuse.png -> /home/test/wf3/gazebo/agentsd_ws/install/smart_agent_gazebo/share/smart_agent_gazebo/models/IVStand/meshes\n'}
[1.053704] (smart_agent_gazebo) StdoutLine: {'line': b'copying models/IVStand/meshes/Carts_Wheels_Diffuse.png -> /home/test/wf3/gazebo/agentsd_ws/install/smart_agent_gazebo/share/smart_agent_gazebo/models/IVStand/meshes\n'}
[1.053847] (smart_agent_gazebo) StdoutLine: {'line': b'copying models/IVStand/meshes/IVStand.obj -> /home/test/wf3/gazebo/agentsd_ws/install/smart_agent_gazebo/share/smart_agent_gazebo/models/IVStand/meshes\n'}
[1.053988] (smart_agent_gazebo) StdoutLine: {'line': b'copying models/IVStand/meshes/IVStand.mtl -> /home/test/wf3/gazebo/agentsd_ws/install/smart_agent_gazebo/share/smart_agent_gazebo/models/IVStand/meshes\n'}
[1.054279] (smart_agent_gazebo) StdoutLine: {'line': b'creating /home/test/wf3/gazebo/agentsd_ws/install/smart_agent_gazebo/share/smart_agent_gazebo/models/PotatoChipChair\n'}
[1.054487] (smart_agent_gazebo) StdoutLine: {'line': b'copying models/PotatoChipChair/model.config -> /home/test/wf3/gazebo/agentsd_ws/install/smart_agent_gazebo/share/smart_agent_gazebo/models/PotatoChipChair\n'}
[1.054628] (smart_agent_gazebo) StdoutLine: {'line': b'copying models/PotatoChipChair/model.sdf -> /home/test/wf3/gazebo/agentsd_ws/install/smart_agent_gazebo/share/smart_agent_gazebo/models/PotatoChipChair\n'}
[1.054762] (smart_agent_gazebo) StdoutLine: {'line': b'creating /home/test/wf3/gazebo/agentsd_ws/install/smart_agent_gazebo/share/smart_agent_gazebo/models/PotatoChipChair/thumbnails\n'}
[1.054898] (smart_agent_gazebo) StdoutLine: {'line': b'copying models/PotatoChipChair/thumbnails/2.png -> /home/test/wf3/gazebo/agentsd_ws/install/smart_agent_gazebo/share/smart_agent_gazebo/models/PotatoChipChair/thumbnails\n'}
[1.055038] (smart_agent_gazebo) StdoutLine: {'line': b'copying models/PotatoChipChair/thumbnails/1.png -> /home/test/wf3/gazebo/agentsd_ws/install/smart_agent_gazebo/share/smart_agent_gazebo/models/PotatoChipChair/thumbnails\n'}
[1.055179] (smart_agent_gazebo) StdoutLine: {'line': b'copying models/PotatoChipChair/thumbnails/4.png -> /home/test/wf3/gazebo/agentsd_ws/install/smart_agent_gazebo/share/smart_agent_gazebo/models/PotatoChipChair/thumbnails\n'}
[1.055319] (smart_agent_gazebo) StdoutLine: {'line': b'copying models/PotatoChipChair/thumbnails/3.png -> /home/test/wf3/gazebo/agentsd_ws/install/smart_agent_gazebo/share/smart_agent_gazebo/models/PotatoChipChair/thumbnails\n'}
[1.055456] (smart_agent_gazebo) StdoutLine: {'line': b'copying models/PotatoChipChair/thumbnails/5.png -> /home/test/wf3/gazebo/agentsd_ws/install/smart_agent_gazebo/share/smart_agent_gazebo/models/PotatoChipChair/thumbnails\n'}
[1.055595] (smart_agent_gazebo) StdoutLine: {'line': b'creating /home/test/wf3/gazebo/agentsd_ws/install/smart_agent_gazebo/share/smart_agent_gazebo/models/PotatoChipChair/meshes\n'}
[1.055734] (smart_agent_gazebo) StdoutLine: {'line': b'copying models/PotatoChipChair/meshes/PotatoChipChairDiffuse.png -> /home/test/wf3/gazebo/agentsd_ws/install/smart_agent_gazebo/share/smart_agent_gazebo/models/PotatoChipChair/meshes\n'}
[1.055877] (smart_agent_gazebo) StdoutLine: {'line': b'copying models/PotatoChipChair/meshes/PotatoChipChair.mtl -> /home/test/wf3/gazebo/agentsd_ws/install/smart_agent_gazebo/share/smart_agent_gazebo/models/PotatoChipChair/meshes\n'}
[1.056018] (smart_agent_gazebo) StdoutLine: {'line': b'copying models/PotatoChipChair/meshes/PotatoChipChair_Col.obj -> /home/test/wf3/gazebo/agentsd_ws/install/smart_agent_gazebo/share/smart_agent_gazebo/models/PotatoChipChair/meshes\n'}
[1.056155] (smart_agent_gazebo) StdoutLine: {'line': b'copying models/PotatoChipChair/meshes/PotatoChipChair.obj -> /home/test/wf3/gazebo/agentsd_ws/install/smart_agent_gazebo/share/smart_agent_gazebo/models/PotatoChipChair/meshes\n'}
[1.056292] (smart_agent_gazebo) StdoutLine: {'line': b'copying models/PotatoChipChair/meshes/PotatoChipChair_Col.mtl -> /home/test/wf3/gazebo/agentsd_ws/install/smart_agent_gazebo/share/smart_agent_gazebo/models/PotatoChipChair/meshes\n'}
[1.056427] (smart_agent_gazebo) StdoutLine: {'line': b'creating /home/test/wf3/gazebo/agentsd_ws/install/smart_agent_gazebo/share/smart_agent_gazebo/models/aws_robomaker_residential_DeskPortraitD_01\n'}
[1.056601] (smart_agent_gazebo) StdoutLine: {'line': b'copying models/aws_robomaker_residential_DeskPortraitD_01/model.config -> /home/test/wf3/gazebo/agentsd_ws/install/smart_agent_gazebo/share/smart_agent_gazebo/models/aws_robomaker_residential_DeskPortraitD_01\n'}
[1.056895] (smart_agent_gazebo) StdoutLine: {'line': b'copying models/aws_robomaker_residential_DeskPortraitD_01/model.sdf -> /home/test/wf3/gazebo/agentsd_ws/install/smart_agent_gazebo/share/smart_agent_gazebo/models/aws_robomaker_residential_DeskPortraitD_01\n'}
[1.057034] (smart_agent_gazebo) StdoutLine: {'line': b'creating /home/test/wf3/gazebo/agentsd_ws/install/smart_agent_gazebo/share/smart_agent_gazebo/models/aws_robomaker_residential_DeskPortraitD_01/materials\n'}
[1.057161] (smart_agent_gazebo) StdoutLine: {'line': b'creating /home/test/wf3/gazebo/agentsd_ws/install/smart_agent_gazebo/share/smart_agent_gazebo/models/aws_robomaker_residential_DeskPortraitD_01/materials/textures\n'}
[1.057292] (smart_agent_gazebo) StdoutLine: {'line': b'copying models/aws_robomaker_residential_DeskPortraitD_01/materials/textures/aws_DeskPortraitD_02.png -> /home/test/wf3/gazebo/agentsd_ws/install/smart_agent_gazebo/share/smart_agent_gazebo/models/aws_robomaker_residential_DeskPortraitD_01/materials/textures\n'}
[1.057427] (smart_agent_gazebo) StdoutLine: {'line': b'copying models/aws_robomaker_residential_DeskPortraitD_01/materials/textures/aws_DeskPortraitD_01.png -> /home/test/wf3/gazebo/agentsd_ws/install/smart_agent_gazebo/share/smart_agent_gazebo/models/aws_robomaker_residential_DeskPortraitD_01/materials/textures\n'}
[1.057570] (smart_agent_gazebo) StdoutLine: {'line': b'creating /home/test/wf3/gazebo/agentsd_ws/install/smart_agent_gazebo/share/smart_agent_gazebo/models/aws_robomaker_residential_DeskPortraitD_01/meshes\n'}
[1.057712] (smart_agent_gazebo) StdoutLine: {'line': b'copying models/aws_robomaker_residential_DeskPortraitD_01/meshes/aws_DeskPortraitD_01_visual.DAE -> /home/test/wf3/gazebo/agentsd_ws/install/smart_agent_gazebo/share/smart_agent_gazebo/models/aws_robomaker_residential_DeskPortraitD_01/meshes\n'}
[1.057855] (smart_agent_gazebo) StdoutLine: {'line': b'copying models/aws_robomaker_residential_DeskPortraitD_01/meshes/aws_DeskPortraitD_01_collision.DAE -> /home/test/wf3/gazebo/agentsd_ws/install/smart_agent_gazebo/share/smart_agent_gazebo/models/aws_robomaker_residential_DeskPortraitD_01/meshes\n'}
[1.057997] (smart_agent_gazebo) StdoutLine: {'line': b'creating /home/test/wf3/gazebo/agentsd_ws/install/smart_agent_gazebo/share/smart_agent_gazebo/models/aws_robomaker_residential_Trash_01\n'}
[1.058146] (smart_agent_gazebo) StdoutLine: {'line': b'copying models/aws_robomaker_residential_Trash_01/model.config -> /home/test/wf3/gazebo/agentsd_ws/install/smart_agent_gazebo/share/smart_agent_gazebo/models/aws_robomaker_residential_Trash_01\n'}
[1.058354] (smart_agent_gazebo) StdoutLine: {'line': b'copying models/aws_robomaker_residential_Trash_01/model.sdf -> /home/test/wf3/gazebo/agentsd_ws/install/smart_agent_gazebo/share/smart_agent_gazebo/models/aws_robomaker_residential_Trash_01\n'}
[1.058496] (smart_agent_gazebo) StdoutLine: {'line': b'creating /home/test/wf3/gazebo/agentsd_ws/install/smart_agent_gazebo/share/smart_agent_gazebo/models/aws_robomaker_residential_Trash_01/materials\n'}
[1.058638] (smart_agent_gazebo) StdoutLine: {'line': b'creating /home/test/wf3/gazebo/agentsd_ws/install/smart_agent_gazebo/share/smart_agent_gazebo/models/aws_robomaker_residential_Trash_01/materials/textures\n'}
[1.058774] (smart_agent_gazebo) StdoutLine: {'line': b'copying models/aws_robomaker_residential_Trash_01/materials/textures/aws_Trash_01.png -> /home/test/wf3/gazebo/agentsd_ws/install/smart_agent_gazebo/share/smart_agent_gazebo/models/aws_robomaker_residential_Trash_01/materials/textures\n'}
[1.058911] (smart_agent_gazebo) StdoutLine: {'line': b'creating /home/test/wf3/gazebo/agentsd_ws/install/smart_agent_gazebo/share/smart_agent_gazebo/models/aws_robomaker_residential_Trash_01/meshes\n'}
[1.059049] (smart_agent_gazebo) StdoutLine: {'line': b'copying models/aws_robomaker_residential_Trash_01/meshes/aws_Trash_01_visual.DAE -> /home/test/wf3/gazebo/agentsd_ws/install/smart_agent_gazebo/share/smart_agent_gazebo/models/aws_robomaker_residential_Trash_01/meshes\n'}
[1.059189] (smart_agent_gazebo) StdoutLine: {'line': b'copying models/aws_robomaker_residential_Trash_01/meshes/aws_Trash_01_collision.DAE -> /home/test/wf3/gazebo/agentsd_ws/install/smart_agent_gazebo/share/smart_agent_gazebo/models/aws_robomaker_residential_Trash_01/meshes\n'}
[1.059373] (smart_agent_gazebo) StdoutLine: {'line': b'creating /home/test/wf3/gazebo/agentsd_ws/install/smart_agent_gazebo/share/smart_agent_gazebo/models/AdjTable\n'}
[1.059512] (smart_agent_gazebo) StdoutLine: {'line': b'copying models/AdjTable/model.config -> /home/test/wf3/gazebo/agentsd_ws/install/smart_agent_gazebo/share/smart_agent_gazebo/models/AdjTable\n'}
[1.059650] (smart_agent_gazebo) StdoutLine: {'line': b'copying models/AdjTable/model.sdf -> /home/test/wf3/gazebo/agentsd_ws/install/smart_agent_gazebo/share/smart_agent_gazebo/models/AdjTable\n'}
[1.059884] (smart_agent_gazebo) StdoutLine: {'line': b'creating /home/test/wf3/gazebo/agentsd_ws/install/smart_agent_gazebo/share/smart_agent_gazebo/models/AdjTable/thumbnails\n'}
[1.060023] (smart_agent_gazebo) StdoutLine: {'line': b'copying models/AdjTable/thumbnails/2.png -> /home/test/wf3/gazebo/agentsd_ws/install/smart_agent_gazebo/share/smart_agent_gazebo/models/AdjTable/thumbnails\n'}
[1.060162] (smart_agent_gazebo) StdoutLine: {'line': b'copying models/AdjTable/thumbnails/1.png -> /home/test/wf3/gazebo/agentsd_ws/install/smart_agent_gazebo/share/smart_agent_gazebo/models/AdjTable/thumbnails\n'}
[1.060498] (smart_agent_gazebo) StdoutLine: {'line': b'copying models/AdjTable/thumbnails/4.png -> /home/test/wf3/gazebo/agentsd_ws/install/smart_agent_gazebo/share/smart_agent_gazebo/models/AdjTable/thumbnails\n'}
[1.060648] (smart_agent_gazebo) StdoutLine: {'line': b'copying models/AdjTable/thumbnails/3.png -> /home/test/wf3/gazebo/agentsd_ws/install/smart_agent_gazebo/share/smart_agent_gazebo/models/AdjTable/thumbnails\n'}
[1.060791] (smart_agent_gazebo) StdoutLine: {'line': b'copying models/AdjTable/thumbnails/5.png -> /home/test/wf3/gazebo/agentsd_ws/install/smart_agent_gazebo/share/smart_agent_gazebo/models/AdjTable/thumbnails\n'}
[1.060927] (smart_agent_gazebo) StdoutLine: {'line': b'creating /home/test/wf3/gazebo/agentsd_ws/install/smart_agent_gazebo/share/smart_agent_gazebo/models/AdjTable/meshes\n'}
[1.061061] (smart_agent_gazebo) StdoutLine: {'line': b'copying models/AdjTable/meshes/AdjTable.mtl -> /home/test/wf3/gazebo/agentsd_ws/install/smart_agent_gazebo/share/smart_agent_gazebo/models/AdjTable/meshes\n'}
[1.061197] (smart_agent_gazebo) StdoutLine: {'line': b'copying models/AdjTable/meshes/AdjTable_Col.obj -> /home/test/wf3/gazebo/agentsd_ws/install/smart_agent_gazebo/share/smart_agent_gazebo/models/AdjTable/meshes\n'}
[1.061335] (smart_agent_gazebo) StdoutLine: {'line': b'copying models/AdjTable/meshes/AdjTable_Col.mtl -> /home/test/wf3/gazebo/agentsd_ws/install/smart_agent_gazebo/share/smart_agent_gazebo/models/AdjTable/meshes\n'}
[1.061473] (smart_agent_gazebo) StdoutLine: {'line': b'copying models/AdjTable/meshes/AdjTable.obj -> /home/test/wf3/gazebo/agentsd_ws/install/smart_agent_gazebo/share/smart_agent_gazebo/models/AdjTable/meshes\n'}
[1.061609] (smart_agent_gazebo) StdoutLine: {'line': b'copying models/AdjTable/meshes/AdjTable_Diffuse.png -> /home/test/wf3/gazebo/agentsd_ws/install/smart_agent_gazebo/share/smart_agent_gazebo/models/AdjTable/meshes\n'}
[1.061749] (smart_agent_gazebo) StdoutLine: {'line': b'creating /home/test/wf3/gazebo/agentsd_ws/install/smart_agent_gazebo/share/smart_agent_gazebo/models/smart_agent\n'}
[1.061888] (smart_agent_gazebo) StdoutLine: {'line': b'copying models/smart_agent/model.config -> /home/test/wf3/gazebo/agentsd_ws/install/smart_agent_gazebo/share/smart_agent_gazebo/models/smart_agent\n'}
[1.062032] (smart_agent_gazebo) StdoutLine: {'line': b'copying models/smart_agent/model.sdf -> /home/test/wf3/gazebo/agentsd_ws/install/smart_agent_gazebo/share/smart_agent_gazebo/models/smart_agent\n'}
[1.062228] (smart_agent_gazebo) StdoutLine: {'line': b'creating /home/test/wf3/gazebo/agentsd_ws/install/smart_agent_gazebo/share/smart_agent_gazebo/models/aws_robomaker_residential_RoomWindow_01\n'}
[1.062530] (smart_agent_gazebo) StdoutLine: {'line': b'copying models/aws_robomaker_residential_RoomWindow_01/model.config -> /home/test/wf3/gazebo/agentsd_ws/install/smart_agent_gazebo/share/smart_agent_gazebo/models/aws_robomaker_residential_RoomWindow_01\n'}
[1.062751] (smart_agent_gazebo) StdoutLine: {'line': b'copying models/aws_robomaker_residential_RoomWindow_01/model.sdf -> /home/test/wf3/gazebo/agentsd_ws/install/smart_agent_gazebo/share/smart_agent_gazebo/models/aws_robomaker_residential_RoomWindow_01\n'}
[1.062898] (smart_agent_gazebo) StdoutLine: {'line': b'creating /home/test/wf3/gazebo/agentsd_ws/install/smart_agent_gazebo/share/smart_agent_gazebo/models/aws_robomaker_residential_RoomWindow_01/materials\n'}
[1.063047] (smart_agent_gazebo) StdoutLine: {'line': b'creating /home/test/wf3/gazebo/agentsd_ws/install/smart_agent_gazebo/share/smart_agent_gazebo/models/aws_robomaker_residential_RoomWindow_01/materials/textures\n'}
[1.063194] (smart_agent_gazebo) StdoutLine: {'line': b'copying models/aws_robomaker_residential_RoomWindow_01/materials/textures/aws_RoomWindow_01.png -> /home/test/wf3/gazebo/agentsd_ws/install/smart_agent_gazebo/share/smart_agent_gazebo/models/aws_robomaker_residential_RoomWindow_01/materials/textures\n'}
[1.063342] (smart_agent_gazebo) StdoutLine: {'line': b'creating /home/test/wf3/gazebo/agentsd_ws/install/smart_agent_gazebo/share/smart_agent_gazebo/models/aws_robomaker_residential_RoomWindow_01/meshes\n'}
[1.063489] (smart_agent_gazebo) StdoutLine: {'line': b'copying models/aws_robomaker_residential_RoomWindow_01/meshes/aws_RoomWindow_01_collision.DAE -> /home/test/wf3/gazebo/agentsd_ws/install/smart_agent_gazebo/share/smart_agent_gazebo/models/aws_robomaker_residential_RoomWindow_01/meshes\n'}
[1.063637] (smart_agent_gazebo) StdoutLine: {'line': b'copying models/aws_robomaker_residential_RoomWindow_01/meshes/aws_RoomWindow_01_visual.DAE -> /home/test/wf3/gazebo/agentsd_ws/install/smart_agent_gazebo/share/smart_agent_gazebo/models/aws_robomaker_residential_RoomWindow_01/meshes\n'}
[1.063843] (smart_agent_gazebo) StdoutLine: {'line': b'creating /home/test/wf3/gazebo/agentsd_ws/install/smart_agent_gazebo/share/smart_agent_gazebo/models/OfficeChairBlack\n'}
[1.063986] (smart_agent_gazebo) StdoutLine: {'line': b'copying models/OfficeChairBlack/model.config -> /home/test/wf3/gazebo/agentsd_ws/install/smart_agent_gazebo/share/smart_agent_gazebo/models/OfficeChairBlack\n'}
[1.064127] (smart_agent_gazebo) StdoutLine: {'line': b'copying models/OfficeChairBlack/model.sdf -> /home/test/wf3/gazebo/agentsd_ws/install/smart_agent_gazebo/share/smart_agent_gazebo/models/OfficeChairBlack\n'}
[1.064268] (smart_agent_gazebo) StdoutLine: {'line': b'creating /home/test/wf3/gazebo/agentsd_ws/install/smart_agent_gazebo/share/smart_agent_gazebo/models/OfficeChairBlack/thumbnails\n'}
[1.064537] (smart_agent_gazebo) StdoutLine: {'line': b'copying models/OfficeChairBlack/thumbnails/2.png -> /home/test/wf3/gazebo/agentsd_ws/install/smart_agent_gazebo/share/smart_agent_gazebo/models/OfficeChairBlack/thumbnails\n'}
[1.064673] (smart_agent_gazebo) StdoutLine: {'line': b'copying models/OfficeChairBlack/thumbnails/1.png -> /home/test/wf3/gazebo/agentsd_ws/install/smart_agent_gazebo/share/smart_agent_gazebo/models/OfficeChairBlack/thumbnails\n'}
[1.064804] (smart_agent_gazebo) StdoutLine: {'line': b'copying models/OfficeChairBlack/thumbnails/4.png -> /home/test/wf3/gazebo/agentsd_ws/install/smart_agent_gazebo/share/smart_agent_gazebo/models/OfficeChairBlack/thumbnails\n'}
[1.064932] (smart_agent_gazebo) StdoutLine: {'line': b'copying models/OfficeChairBlack/thumbnails/3.png -> /home/test/wf3/gazebo/agentsd_ws/install/smart_agent_gazebo/share/smart_agent_gazebo/models/OfficeChairBlack/thumbnails\n'}
[1.065065] (smart_agent_gazebo) StdoutLine: {'line': b'copying models/OfficeChairBlack/thumbnails/5.png -> /home/test/wf3/gazebo/agentsd_ws/install/smart_agent_gazebo/share/smart_agent_gazebo/models/OfficeChairBlack/thumbnails\n'}
[1.065195] (smart_agent_gazebo) StdoutLine: {'line': b'creating /home/test/wf3/gazebo/agentsd_ws/install/smart_agent_gazebo/share/smart_agent_gazebo/models/OfficeChairBlack/thumbnails/meta\n'}
[1.065326] (smart_agent_gazebo) StdoutLine: {'line': b'copying models/OfficeChairBlack/thumbnails/meta/2.png -> /home/test/wf3/gazebo/agentsd_ws/install/smart_agent_gazebo/share/smart_agent_gazebo/models/OfficeChairBlack/thumbnails/meta\n'}
[1.065462] (smart_agent_gazebo) StdoutLine: {'line': b'copying models/OfficeChairBlack/thumbnails/meta/1.png -> /home/test/wf3/gazebo/agentsd_ws/install/smart_agent_gazebo/share/smart_agent_gazebo/models/OfficeChairBlack/thumbnails/meta\n'}
[1.065593] (smart_agent_gazebo) StdoutLine: {'line': b'copying models/OfficeChairBlack/thumbnails/meta/4.png -> /home/test/wf3/gazebo/agentsd_ws/install/smart_agent_gazebo/share/smart_agent_gazebo/models/OfficeChairBlack/thumbnails/meta\n'}
[1.065723] (smart_agent_gazebo) StdoutLine: {'line': b'copying models/OfficeChairBlack/thumbnails/meta/3.png -> /home/test/wf3/gazebo/agentsd_ws/install/smart_agent_gazebo/share/smart_agent_gazebo/models/OfficeChairBlack/thumbnails/meta\n'}
[1.065851] (smart_agent_gazebo) StdoutLine: {'line': b'copying models/OfficeChairBlack/thumbnails/meta/5.png -> /home/test/wf3/gazebo/agentsd_ws/install/smart_agent_gazebo/share/smart_agent_gazebo/models/OfficeChairBlack/thumbnails/meta\n'}
[1.065984] (smart_agent_gazebo) StdoutLine: {'line': b'creating /home/test/wf3/gazebo/agentsd_ws/install/smart_agent_gazebo/share/smart_agent_gazebo/models/OfficeChairBlack/meshes\n'}
[1.066122] (smart_agent_gazebo) StdoutLine: {'line': b'copying models/OfficeChairBlack/meshes/OfficeChairBlack_Col.mtl -> /home/test/wf3/gazebo/agentsd_ws/install/smart_agent_gazebo/share/smart_agent_gazebo/models/OfficeChairBlack/meshes\n'}
[1.066382] (smart_agent_gazebo) StdoutLine: {'line': b'copying models/OfficeChairBlack/meshes/OfficeChairBlack.obj -> /home/test/wf3/gazebo/agentsd_ws/install/smart_agent_gazebo/share/smart_agent_gazebo/models/OfficeChairBlack/meshes\n'}
[1.066524] (smart_agent_gazebo) StdoutLine: {'line': b'copying models/OfficeChairBlack/meshes/OfficeChairBlack.mtl -> /home/test/wf3/gazebo/agentsd_ws/install/smart_agent_gazebo/share/smart_agent_gazebo/models/OfficeChairBlack/meshes\n'}
[1.066667] (smart_agent_gazebo) StdoutLine: {'line': b'copying models/OfficeChairBlack/meshes/OfficeChairBlack_Col.obj -> /home/test/wf3/gazebo/agentsd_ws/install/smart_agent_gazebo/share/smart_agent_gazebo/models/OfficeChairBlack/meshes\n'}
[1.066806] (smart_agent_gazebo) StdoutLine: {'line': b'copying models/OfficeChairBlack/meshes/OfficeChairBlack.png -> /home/test/wf3/gazebo/agentsd_ws/install/smart_agent_gazebo/share/smart_agent_gazebo/models/OfficeChairBlack/meshes\n'}
[1.066946] (smart_agent_gazebo) StdoutLine: {'line': b'creating /home/test/wf3/gazebo/agentsd_ws/install/smart_agent_gazebo/share/smart_agent_gazebo/models/aws_robomaker_retail_Computer_01\n'}
[1.067085] (smart_agent_gazebo) StdoutLine: {'line': b'copying models/aws_robomaker_retail_Computer_01/model.config -> /home/test/wf3/gazebo/agentsd_ws/install/smart_agent_gazebo/share/smart_agent_gazebo/models/aws_robomaker_retail_Computer_01\n'}
[1.067261] (smart_agent_gazebo) StdoutLine: {'line': b'copying models/aws_robomaker_retail_Computer_01/model.sdf -> /home/test/wf3/gazebo/agentsd_ws/install/smart_agent_gazebo/share/smart_agent_gazebo/models/aws_robomaker_retail_Computer_01\n'}
[1.067406] (smart_agent_gazebo) StdoutLine: {'line': b'creating /home/test/wf3/gazebo/agentsd_ws/install/smart_agent_gazebo/share/smart_agent_gazebo/models/aws_robomaker_retail_Computer_01/materials\n'}
[1.067549] (smart_agent_gazebo) StdoutLine: {'line': b'creating /home/test/wf3/gazebo/agentsd_ws/install/smart_agent_gazebo/share/smart_agent_gazebo/models/aws_robomaker_retail_Computer_01/materials/textures\n'}
[1.067688] (smart_agent_gazebo) StdoutLine: {'line': b'copying models/aws_robomaker_retail_Computer_01/materials/textures/aws_Computer_01.png -> /home/test/wf3/gazebo/agentsd_ws/install/smart_agent_gazebo/share/smart_agent_gazebo/models/aws_robomaker_retail_Computer_01/materials/textures\n'}
[1.067829] (smart_agent_gazebo) StdoutLine: {'line': b'creating /home/test/wf3/gazebo/agentsd_ws/install/smart_agent_gazebo/share/smart_agent_gazebo/models/aws_robomaker_retail_Computer_01/meshes\n'}
[1.068160] (smart_agent_gazebo) StdoutLine: {'line': b'copying models/aws_robomaker_retail_Computer_01/meshes/aws_Computer_01_collision.DAE -> /home/test/wf3/gazebo/agentsd_ws/install/smart_agent_gazebo/share/smart_agent_gazebo/models/aws_robomaker_retail_Computer_01/meshes\n'}
[1.068337] (smart_agent_gazebo) StdoutLine: {'line': b'copying models/aws_robomaker_retail_Computer_01/meshes/aws_Computer_01_visual.DAE -> /home/test/wf3/gazebo/agentsd_ws/install/smart_agent_gazebo/share/smart_agent_gazebo/models/aws_robomaker_retail_Computer_01/meshes\n'}
[1.068478] (smart_agent_gazebo) StdoutLine: {'line': b'creating /home/test/wf3/gazebo/agentsd_ws/install/smart_agent_gazebo/share/smart_agent_gazebo/models/aws_robomaker_residential_Handle_01\n'}
[1.068615] (smart_agent_gazebo) StdoutLine: {'line': b'copying models/aws_robomaker_residential_Handle_01/model.config -> /home/test/wf3/gazebo/agentsd_ws/install/smart_agent_gazebo/share/smart_agent_gazebo/models/aws_robomaker_residential_Handle_01\n'}
[1.068752] (smart_agent_gazebo) StdoutLine: {'line': b'copying models/aws_robomaker_residential_Handle_01/model.sdf -> /home/test/wf3/gazebo/agentsd_ws/install/smart_agent_gazebo/share/smart_agent_gazebo/models/aws_robomaker_residential_Handle_01\n'}
[1.068887] (smart_agent_gazebo) StdoutLine: {'line': b'creating /home/test/wf3/gazebo/agentsd_ws/install/smart_agent_gazebo/share/smart_agent_gazebo/models/aws_robomaker_residential_Handle_01/materials\n'}
[1.069021] (smart_agent_gazebo) StdoutLine: {'line': b'creating /home/test/wf3/gazebo/agentsd_ws/install/smart_agent_gazebo/share/smart_agent_gazebo/models/aws_robomaker_residential_Handle_01/materials/textures\n'}
[1.069153] (smart_agent_gazebo) StdoutLine: {'line': b'copying models/aws_robomaker_residential_Handle_01/materials/textures/aws_Handle_01.png -> /home/test/wf3/gazebo/agentsd_ws/install/smart_agent_gazebo/share/smart_agent_gazebo/models/aws_robomaker_residential_Handle_01/materials/textures\n'}
[1.069287] (smart_agent_gazebo) StdoutLine: {'line': b'creating /home/test/wf3/gazebo/agentsd_ws/install/smart_agent_gazebo/share/smart_agent_gazebo/models/aws_robomaker_residential_Handle_01/meshes\n'}
[1.069423] (smart_agent_gazebo) StdoutLine: {'line': b'copying models/aws_robomaker_residential_Handle_01/meshes/aws_ handle_01_collision.DAE -> /home/test/wf3/gazebo/agentsd_ws/install/smart_agent_gazebo/share/smart_agent_gazebo/models/aws_robomaker_residential_Handle_01/meshes\n'}
[1.069563] (smart_agent_gazebo) StdoutLine: {'line': b'copying models/aws_robomaker_residential_Handle_01/meshes/aws_Handle_01_visual.DAE -> /home/test/wf3/gazebo/agentsd_ws/install/smart_agent_gazebo/share/smart_agent_gazebo/models/aws_robomaker_residential_Handle_01/meshes\n'}
[1.069703] (smart_agent_gazebo) StdoutLine: {'line': b'copying models/aws_robomaker_residential_Handle_01/meshes/aws_Handle_01_collision.DAE -> /home/test/wf3/gazebo/agentsd_ws/install/smart_agent_gazebo/share/smart_agent_gazebo/models/aws_robomaker_residential_Handle_01/meshes\n'}
[1.069845] (smart_agent_gazebo) StdoutLine: {'line': b'creating /home/test/wf3/gazebo/agentsd_ws/install/smart_agent_gazebo/share/smart_agent_gazebo/models/aws_robomaker_residential_TV_02\n'}
[1.069984] (smart_agent_gazebo) StdoutLine: {'line': b'copying models/aws_robomaker_residential_TV_02/model.config -> /home/test/wf3/gazebo/agentsd_ws/install/smart_agent_gazebo/share/smart_agent_gazebo/models/aws_robomaker_residential_TV_02\n'}
[1.070136] (smart_agent_gazebo) StdoutLine: {'line': b'copying models/aws_robomaker_residential_TV_02/model.sdf -> /home/test/wf3/gazebo/agentsd_ws/install/smart_agent_gazebo/share/smart_agent_gazebo/models/aws_robomaker_residential_TV_02\n'}
[1.070444] (smart_agent_gazebo) StdoutLine: {'line': b'creating /home/test/wf3/gazebo/agentsd_ws/install/smart_agent_gazebo/share/smart_agent_gazebo/models/aws_robomaker_residential_TV_02/materials\n'}
[1.070588] (smart_agent_gazebo) StdoutLine: {'line': b'creating /home/test/wf3/gazebo/agentsd_ws/install/smart_agent_gazebo/share/smart_agent_gazebo/models/aws_robomaker_residential_TV_02/materials/textures\n'}
[1.070727] (smart_agent_gazebo) StdoutLine: {'line': b'copying models/aws_robomaker_residential_TV_02/materials/textures/aws_TV_01.png -> /home/test/wf3/gazebo/agentsd_ws/install/smart_agent_gazebo/share/smart_agent_gazebo/models/aws_robomaker_residential_TV_02/materials/textures\n'}
[1.070863] (smart_agent_gazebo) StdoutLine: {'line': b'creating /home/test/wf3/gazebo/agentsd_ws/install/smart_agent_gazebo/share/smart_agent_gazebo/models/aws_robomaker_residential_TV_02/meshes\n'}
[1.070993] (smart_agent_gazebo) StdoutLine: {'line': b'copying models/aws_robomaker_residential_TV_02/meshes/aws_TV_01_collision.DAE -> /home/test/wf3/gazebo/agentsd_ws/install/smart_agent_gazebo/share/smart_agent_gazebo/models/aws_robomaker_residential_TV_02/meshes\n'}
[1.071126] (smart_agent_gazebo) StdoutLine: {'line': b'copying models/aws_robomaker_residential_TV_02/meshes/aws_TV_01_visual.DAE -> /home/test/wf3/gazebo/agentsd_ws/install/smart_agent_gazebo/share/smart_agent_gazebo/models/aws_robomaker_residential_TV_02/meshes\n'}
[1.071288] (smart_agent_gazebo) StdoutLine: {'line': b'creating /home/test/wf3/gazebo/agentsd_ws/install/smart_agent_gazebo/share/smart_agent_gazebo/models/aws_robomaker_residential_PortraitE_01\n'}
[1.071499] (smart_agent_gazebo) StdoutLine: {'line': b'copying models/aws_robomaker_residential_PortraitE_01/model.config -> /home/test/wf3/gazebo/agentsd_ws/install/smart_agent_gazebo/share/smart_agent_gazebo/models/aws_robomaker_residential_PortraitE_01\n'}
[1.071633] (smart_agent_gazebo) StdoutLine: {'line': b'copying models/aws_robomaker_residential_PortraitE_01/model.sdf -> /home/test/wf3/gazebo/agentsd_ws/install/smart_agent_gazebo/share/smart_agent_gazebo/models/aws_robomaker_residential_PortraitE_01\n'}
[1.071764] (smart_agent_gazebo) StdoutLine: {'line': b'creating /home/test/wf3/gazebo/agentsd_ws/install/smart_agent_gazebo/share/smart_agent_gazebo/models/aws_robomaker_residential_PortraitE_01/materials\n'}
[1.071897] (smart_agent_gazebo) StdoutLine: {'line': b'creating /home/test/wf3/gazebo/agentsd_ws/install/smart_agent_gazebo/share/smart_agent_gazebo/models/aws_robomaker_residential_PortraitE_01/materials/textures\n'}
[1.072033] (smart_agent_gazebo) StdoutLine: {'line': b'copying models/aws_robomaker_residential_PortraitE_01/materials/textures/aws_PortraitE_01.png -> /home/test/wf3/gazebo/agentsd_ws/install/smart_agent_gazebo/share/smart_agent_gazebo/models/aws_robomaker_residential_PortraitE_01/materials/textures\n'}
[1.072177] (smart_agent_gazebo) StdoutLine: {'line': b'copying models/aws_robomaker_residential_PortraitE_01/materials/textures/aws_PortraitE_02.png -> /home/test/wf3/gazebo/agentsd_ws/install/smart_agent_gazebo/share/smart_agent_gazebo/models/aws_robomaker_residential_PortraitE_01/materials/textures\n'}
[1.072322] (smart_agent_gazebo) StdoutLine: {'line': b'creating /home/test/wf3/gazebo/agentsd_ws/install/smart_agent_gazebo/share/smart_agent_gazebo/models/aws_robomaker_residential_PortraitE_01/meshes\n'}
[1.072472] (smart_agent_gazebo) StdoutLine: {'line': b'copying models/aws_robomaker_residential_PortraitE_01/meshes/aws_PortraitE_01_collision.DAE -> /home/test/wf3/gazebo/agentsd_ws/install/smart_agent_gazebo/share/smart_agent_gazebo/models/aws_robomaker_residential_PortraitE_01/meshes\n'}
[1.072623] (smart_agent_gazebo) StdoutLine: {'line': b'copying models/aws_robomaker_residential_PortraitE_01/meshes/aws_PortraitE_01_visual.DAE -> /home/test/wf3/gazebo/agentsd_ws/install/smart_agent_gazebo/share/smart_agent_gazebo/models/aws_robomaker_residential_PortraitE_01/meshes\n'}
[1.072768] (smart_agent_gazebo) StdoutLine: {'line': b'creating /home/test/wf3/gazebo/agentsd_ws/install/smart_agent_gazebo/share/smart_agent_gazebo/models/aws_robomaker_residential_PortraitA_02\n'}
[1.072910] (smart_agent_gazebo) StdoutLine: {'line': b'copying models/aws_robomaker_residential_PortraitA_02/model.config -> /home/test/wf3/gazebo/agentsd_ws/install/smart_agent_gazebo/share/smart_agent_gazebo/models/aws_robomaker_residential_PortraitA_02\n'}
[1.073050] (smart_agent_gazebo) StdoutLine: {'line': b'copying models/aws_robomaker_residential_PortraitA_02/model.sdf -> /home/test/wf3/gazebo/agentsd_ws/install/smart_agent_gazebo/share/smart_agent_gazebo/models/aws_robomaker_residential_PortraitA_02\n'}
[1.073231] (smart_agent_gazebo) StdoutLine: {'line': b'creating /home/test/wf3/gazebo/agentsd_ws/install/smart_agent_gazebo/share/smart_agent_gazebo/models/aws_robomaker_residential_PortraitA_02/materials\n'}
[1.073373] (smart_agent_gazebo) StdoutLine: {'line': b'creating /home/test/wf3/gazebo/agentsd_ws/install/smart_agent_gazebo/share/smart_agent_gazebo/models/aws_robomaker_residential_PortraitA_02/materials/textures\n'}
[1.073515] (smart_agent_gazebo) StdoutLine: {'line': b'copying models/aws_robomaker_residential_PortraitA_02/materials/textures/aws_PortraitA_02.png -> /home/test/wf3/gazebo/agentsd_ws/install/smart_agent_gazebo/share/smart_agent_gazebo/models/aws_robomaker_residential_PortraitA_02/materials/textures\n'}
[1.073737] (smart_agent_gazebo) StdoutLine: {'line': b'copying models/aws_robomaker_residential_PortraitA_02/materials/textures/aws_PortraitA_01.png -> /home/test/wf3/gazebo/agentsd_ws/install/smart_agent_gazebo/share/smart_agent_gazebo/models/aws_robomaker_residential_PortraitA_02/materials/textures\n'}
[1.073883] (smart_agent_gazebo) StdoutLine: {'line': b'creating /home/test/wf3/gazebo/agentsd_ws/install/smart_agent_gazebo/share/smart_agent_gazebo/models/aws_robomaker_residential_PortraitA_02/meshes\n'}
[1.074025] (smart_agent_gazebo) StdoutLine: {'line': b'copying models/aws_robomaker_residential_PortraitA_02/meshes/aws_PortraitA_01_collision.DAE -> /home/test/wf3/gazebo/agentsd_ws/install/smart_agent_gazebo/share/smart_agent_gazebo/models/aws_robomaker_residential_PortraitA_02/meshes\n'}
[1.074214] (smart_agent_gazebo) StdoutLine: {'line': b'copying models/aws_robomaker_residential_PortraitA_02/meshes/aws_PortraitA_01_visual.DAE -> /home/test/wf3/gazebo/agentsd_ws/install/smart_agent_gazebo/share/smart_agent_gazebo/models/aws_robomaker_residential_PortraitA_02/meshes\n'}
[1.074420] (smart_agent_gazebo) StdoutLine: {'line': b'creating /home/test/wf3/gazebo/agentsd_ws/install/smart_agent_gazebo/share/smart_agent_gazebo/models/aws_robomaker_residential_FloorB_01\n'}
[1.074559] (smart_agent_gazebo) StdoutLine: {'line': b'copying models/aws_robomaker_residential_FloorB_01/model.config -> /home/test/wf3/gazebo/agentsd_ws/install/smart_agent_gazebo/share/smart_agent_gazebo/models/aws_robomaker_residential_FloorB_01\n'}
[1.074765] (smart_agent_gazebo) StdoutLine: {'line': b'copying models/aws_robomaker_residential_FloorB_01/model.sdf -> /home/test/wf3/gazebo/agentsd_ws/install/smart_agent_gazebo/share/smart_agent_gazebo/models/aws_robomaker_residential_FloorB_01\n'}
[1.074914] (smart_agent_gazebo) StdoutLine: {'line': b'creating /home/test/wf3/gazebo/agentsd_ws/install/smart_agent_gazebo/share/smart_agent_gazebo/models/aws_robomaker_residential_FloorB_01/materials\n'}
[1.075060] (smart_agent_gazebo) StdoutLine: {'line': b'creating /home/test/wf3/gazebo/agentsd_ws/install/smart_agent_gazebo/share/smart_agent_gazebo/models/aws_robomaker_residential_FloorB_01/materials/textures\n'}
[1.075205] (smart_agent_gazebo) StdoutLine: {'line': b'copying models/aws_robomaker_residential_FloorB_01/materials/textures/aws_FloorB_01.png -> /home/test/wf3/gazebo/agentsd_ws/install/smart_agent_gazebo/share/smart_agent_gazebo/models/aws_robomaker_residential_FloorB_01/materials/textures\n'}
[1.075349] (smart_agent_gazebo) StdoutLine: {'line': b'creating /home/test/wf3/gazebo/agentsd_ws/install/smart_agent_gazebo/share/smart_agent_gazebo/models/aws_robomaker_residential_FloorB_01/meshes\n'}
[1.075490] (smart_agent_gazebo) StdoutLine: {'line': b'copying models/aws_robomaker_residential_FloorB_01/meshes/aws_FloorB_01_visual.DAE -> /home/test/wf3/gazebo/agentsd_ws/install/smart_agent_gazebo/share/smart_agent_gazebo/models/aws_robomaker_residential_FloorB_01/meshes\n'}
[1.075632] (smart_agent_gazebo) StdoutLine: {'line': b'copying models/aws_robomaker_residential_FloorB_01/meshes/aws_FloorB_01_collision.DAE -> /home/test/wf3/gazebo/agentsd_ws/install/smart_agent_gazebo/share/smart_agent_gazebo/models/aws_robomaker_residential_FloorB_01/meshes\n'}
[1.075811] (smart_agent_gazebo) StdoutLine: {'line': b'creating /home/test/wf3/gazebo/agentsd_ws/install/smart_agent_gazebo/share/smart_agent_gazebo/models/aws_robomaker_residential_ShoeRack_01\n'}
[1.075955] (smart_agent_gazebo) StdoutLine: {'line': b'copying models/aws_robomaker_residential_ShoeRack_01/model.config -> /home/test/wf3/gazebo/agentsd_ws/install/smart_agent_gazebo/share/smart_agent_gazebo/models/aws_robomaker_residential_ShoeRack_01\n'}
[1.076103] (smart_agent_gazebo) StdoutLine: {'line': b'copying models/aws_robomaker_residential_ShoeRack_01/model.sdf -> /home/test/wf3/gazebo/agentsd_ws/install/smart_agent_gazebo/share/smart_agent_gazebo/models/aws_robomaker_residential_ShoeRack_01\n'}
[1.076248] (smart_agent_gazebo) StdoutLine: {'line': b'creating /home/test/wf3/gazebo/agentsd_ws/install/smart_agent_gazebo/share/smart_agent_gazebo/models/aws_robomaker_residential_ShoeRack_01/materials\n'}
[1.076391] (smart_agent_gazebo) StdoutLine: {'line': b'creating /home/test/wf3/gazebo/agentsd_ws/install/smart_agent_gazebo/share/smart_agent_gazebo/models/aws_robomaker_residential_ShoeRack_01/materials/textures\n'}
[1.076532] (smart_agent_gazebo) StdoutLine: {'line': b'copying models/aws_robomaker_residential_ShoeRack_01/materials/textures/aws_ShoeRack_01.png -> /home/test/wf3/gazebo/agentsd_ws/install/smart_agent_gazebo/share/smart_agent_gazebo/models/aws_robomaker_residential_ShoeRack_01/materials/textures\n'}
[1.076673] (smart_agent_gazebo) StdoutLine: {'line': b'creating /home/test/wf3/gazebo/agentsd_ws/install/smart_agent_gazebo/share/smart_agent_gazebo/models/aws_robomaker_residential_ShoeRack_01/meshes\n'}
[1.076813] (smart_agent_gazebo) StdoutLine: {'line': b'copying models/aws_robomaker_residential_ShoeRack_01/meshes/aws_ShoeRack_01_collision.DAE -> /home/test/wf3/gazebo/agentsd_ws/install/smart_agent_gazebo/share/smart_agent_gazebo/models/aws_robomaker_residential_ShoeRack_01/meshes\n'}
[1.077093] (smart_agent_gazebo) StdoutLine: {'line': b'copying models/aws_robomaker_residential_ShoeRack_01/meshes/aws_ShoeRack_01_visual.DAE -> /home/test/wf3/gazebo/agentsd_ws/install/smart_agent_gazebo/share/smart_agent_gazebo/models/aws_robomaker_residential_ShoeRack_01/meshes\n'}
[1.077241] (smart_agent_gazebo) StdoutLine: {'line': b'creating /home/test/wf3/gazebo/agentsd_ws/install/smart_agent_gazebo/share/smart_agent_gazebo/models/aws_robomaker_residential_Tableware_01\n'}
[1.077383] (smart_agent_gazebo) StdoutLine: {'line': b'copying models/aws_robomaker_residential_Tableware_01/model.config -> /home/test/wf3/gazebo/agentsd_ws/install/smart_agent_gazebo/share/smart_agent_gazebo/models/aws_robomaker_residential_Tableware_01\n'}
[1.077524] (smart_agent_gazebo) StdoutLine: {'line': b'copying models/aws_robomaker_residential_Tableware_01/model.sdf -> /home/test/wf3/gazebo/agentsd_ws/install/smart_agent_gazebo/share/smart_agent_gazebo/models/aws_robomaker_residential_Tableware_01\n'}
[1.077663] (smart_agent_gazebo) StdoutLine: {'line': b'creating /home/test/wf3/gazebo/agentsd_ws/install/smart_agent_gazebo/share/smart_agent_gazebo/models/aws_robomaker_residential_Tableware_01/materials\n'}
[1.077802] (smart_agent_gazebo) StdoutLine: {'line': b'creating /home/test/wf3/gazebo/agentsd_ws/install/smart_agent_gazebo/share/smart_agent_gazebo/models/aws_robomaker_residential_Tableware_01/materials/textures\n'}
[1.077943] (smart_agent_gazebo) StdoutLine: {'line': b'copying models/aws_robomaker_residential_Tableware_01/materials/textures/aws_Tableware_01.png -> /home/test/wf3/gazebo/agentsd_ws/install/smart_agent_gazebo/share/smart_agent_gazebo/models/aws_robomaker_residential_Tableware_01/materials/textures\n'}
[1.078377] (smart_agent_gazebo) StdoutLine: {'line': b'creating /home/test/wf3/gazebo/agentsd_ws/install/smart_agent_gazebo/share/smart_agent_gazebo/models/aws_robomaker_residential_Tableware_01/meshes\n'}
[1.078606] (smart_agent_gazebo) StdoutLine: {'line': b'copying models/aws_robomaker_residential_Tableware_01/meshes/aws_Tableware_01_collision.DAE -> /home/test/wf3/gazebo/agentsd_ws/install/smart_agent_gazebo/share/smart_agent_gazebo/models/aws_robomaker_residential_Tableware_01/meshes\n'}
[1.078806] (smart_agent_gazebo) StdoutLine: {'line': b'copying models/aws_robomaker_residential_Tableware_01/meshes/aws_Tableware_01_visual.DAE -> /home/test/wf3/gazebo/agentsd_ws/install/smart_agent_gazebo/share/smart_agent_gazebo/models/aws_robomaker_residential_Tableware_01/meshes\n'}
[1.078962] (smart_agent_gazebo) StdoutLine: {'line': b'creating /home/test/wf3/gazebo/agentsd_ws/install/smart_agent_gazebo/share/smart_agent_gazebo/models/aws_robomaker_residential_DeskPortraitC_02\n'}
[1.079117] (smart_agent_gazebo) StdoutLine: {'line': b'copying models/aws_robomaker_residential_DeskPortraitC_02/model.config -> /home/test/wf3/gazebo/agentsd_ws/install/smart_agent_gazebo/share/smart_agent_gazebo/models/aws_robomaker_residential_DeskPortraitC_02\n'}
[1.079264] (smart_agent_gazebo) StdoutLine: {'line': b'copying models/aws_robomaker_residential_DeskPortraitC_02/model.sdf -> /home/test/wf3/gazebo/agentsd_ws/install/smart_agent_gazebo/share/smart_agent_gazebo/models/aws_robomaker_residential_DeskPortraitC_02\n'}
[1.079409] (smart_agent_gazebo) StdoutLine: {'line': b'creating /home/test/wf3/gazebo/agentsd_ws/install/smart_agent_gazebo/share/smart_agent_gazebo/models/aws_robomaker_residential_DeskPortraitC_02/materials\n'}
[1.079551] (smart_agent_gazebo) StdoutLine: {'line': b'creating /home/test/wf3/gazebo/agentsd_ws/install/smart_agent_gazebo/share/smart_agent_gazebo/models/aws_robomaker_residential_DeskPortraitC_02/materials/textures\n'}
[1.079692] (smart_agent_gazebo) StdoutLine: {'line': b'copying models/aws_robomaker_residential_DeskPortraitC_02/materials/textures/aws_DeskPortraitC_01.png -> /home/test/wf3/gazebo/agentsd_ws/install/smart_agent_gazebo/share/smart_agent_gazebo/models/aws_robomaker_residential_DeskPortraitC_02/materials/textures\n'}
[1.079838] (smart_agent_gazebo) StdoutLine: {'line': b'copying models/aws_robomaker_residential_DeskPortraitC_02/materials/textures/aws_DeskPortraitC_02.png -> /home/test/wf3/gazebo/agentsd_ws/install/smart_agent_gazebo/share/smart_agent_gazebo/models/aws_robomaker_residential_DeskPortraitC_02/materials/textures\n'}
[1.079981] (smart_agent_gazebo) StdoutLine: {'line': b'creating /home/test/wf3/gazebo/agentsd_ws/install/smart_agent_gazebo/share/smart_agent_gazebo/models/aws_robomaker_residential_DeskPortraitC_02/meshes\n'}
[1.080129] (smart_agent_gazebo) StdoutLine: {'line': b'copying models/aws_robomaker_residential_DeskPortraitC_02/meshes/aws_DeskPortraitC_01_visual.DAE -> /home/test/wf3/gazebo/agentsd_ws/install/smart_agent_gazebo/share/smart_agent_gazebo/models/aws_robomaker_residential_DeskPortraitC_02/meshes\n'}
[1.080275] (smart_agent_gazebo) StdoutLine: {'line': b'copying models/aws_robomaker_residential_DeskPortraitC_02/meshes/aws_DeskPortraitC_01_collision.DAE -> /home/test/wf3/gazebo/agentsd_ws/install/smart_agent_gazebo/share/smart_agent_gazebo/models/aws_robomaker_residential_DeskPortraitC_02/meshes\n'}
[1.080456] (smart_agent_gazebo) StdoutLine: {'line': b'creating /home/test/wf3/gazebo/agentsd_ws/install/smart_agent_gazebo/share/smart_agent_gazebo/models/aws_robomaker_hospital_floor_02_ceiling\n'}
[1.080605] (smart_agent_gazebo) StdoutLine: {'line': b'copying models/aws_robomaker_hospital_floor_02_ceiling/model.config -> /home/test/wf3/gazebo/agentsd_ws/install/smart_agent_gazebo/share/smart_agent_gazebo/models/aws_robomaker_hospital_floor_02_ceiling\n'}
[1.080749] (smart_agent_gazebo) StdoutLine: {'line': b'copying models/aws_robomaker_hospital_floor_02_ceiling/model.sdf -> /home/test/wf3/gazebo/agentsd_ws/install/smart_agent_gazebo/share/smart_agent_gazebo/models/aws_robomaker_hospital_floor_02_ceiling\n'}
[1.080893] (smart_agent_gazebo) StdoutLine: {'line': b'creating /home/test/wf3/gazebo/agentsd_ws/install/smart_agent_gazebo/share/smart_agent_gazebo/models/aws_robomaker_hospital_floor_02_ceiling/materials\n'}
[1.081034] (smart_agent_gazebo) StdoutLine: {'line': b'copying models/aws_robomaker_hospital_floor_02_ceiling/materials/model.sdf -> /home/test/wf3/gazebo/agentsd_ws/install/smart_agent_gazebo/share/smart_agent_gazebo/models/aws_robomaker_hospital_floor_02_ceiling/materials\n'}
[1.081357] (smart_agent_gazebo) StdoutLine: {'line': b'creating /home/test/wf3/gazebo/agentsd_ws/install/smart_agent_gazebo/share/smart_agent_gazebo/models/aws_robomaker_hospital_floor_02_ceiling/meshes\n'}
[1.081509] (smart_agent_gazebo) StdoutLine: {'line': b'copying models/aws_robomaker_hospital_floor_02_ceiling/meshes/aws_robomaker_hospital_floor_02_ceiling.png -> /home/test/wf3/gazebo/agentsd_ws/install/smart_agent_gazebo/share/smart_agent_gazebo/models/aws_robomaker_hospital_floor_02_ceiling/meshes\n'}
[1.081660] (smart_agent_gazebo) StdoutLine: {'line': b'copying models/aws_robomaker_hospital_floor_02_ceiling/meshes/aws_robomaker_hospital_floor_02_ceiling_visual.dae -> /home/test/wf3/gazebo/agentsd_ws/install/smart_agent_gazebo/share/smart_agent_gazebo/models/aws_robomaker_hospital_floor_02_ceiling/meshes\n'}
[1.082027] (smart_agent_gazebo) StdoutLine: {'line': b'copying models/aws_robomaker_hospital_floor_02_ceiling/meshes/aws_robomaker_hospital_floor_02_ceiling_collision.dae -> /home/test/wf3/gazebo/agentsd_ws/install/smart_agent_gazebo/share/smart_agent_gazebo/models/aws_robomaker_hospital_floor_02_ceiling/meshes\n'}
[1.082184] (smart_agent_gazebo) StdoutLine: {'line': b'copying models/aws_robomaker_hospital_floor_02_ceiling/meshes/aws_robomaker_hospital_floor_02_ceiling_normal.png -> /home/test/wf3/gazebo/agentsd_ws/install/smart_agent_gazebo/share/smart_agent_gazebo/models/aws_robomaker_hospital_floor_02_ceiling/meshes\n'}
[1.082323] (smart_agent_gazebo) StdoutLine: {'line': b'creating /home/test/wf3/gazebo/agentsd_ws/install/smart_agent_gazebo/share/smart_agent_gazebo/models/aws_robomaker_hospital_curtain_half_open_01\n'}
[1.082459] (smart_agent_gazebo) StdoutLine: {'line': b'copying models/aws_robomaker_hospital_curtain_half_open_01/model.config -> /home/test/wf3/gazebo/agentsd_ws/install/smart_agent_gazebo/share/smart_agent_gazebo/models/aws_robomaker_hospital_curtain_half_open_01\n'}
[1.082602] (smart_agent_gazebo) StdoutLine: {'line': b'copying models/aws_robomaker_hospital_curtain_half_open_01/model.sdf -> /home/test/wf3/gazebo/agentsd_ws/install/smart_agent_gazebo/share/smart_agent_gazebo/models/aws_robomaker_hospital_curtain_half_open_01\n'}
[1.082734] (smart_agent_gazebo) StdoutLine: {'line': b'creating /home/test/wf3/gazebo/agentsd_ws/install/smart_agent_gazebo/share/smart_agent_gazebo/models/aws_robomaker_hospital_curtain_half_open_01/meshes\n'}
[1.082875] (smart_agent_gazebo) StdoutLine: {'line': b'copying models/aws_robomaker_hospital_curtain_half_open_01/meshes/aws_robomaker_hospital_curtain_half_open_01_visual.png -> /home/test/wf3/gazebo/agentsd_ws/install/smart_agent_gazebo/share/smart_agent_gazebo/models/aws_robomaker_hospital_curtain_half_open_01/meshes\n'}
[1.083018] (smart_agent_gazebo) StdoutLine: {'line': b'copying models/aws_robomaker_hospital_curtain_half_open_01/meshes/aws_robomaker_hospital_curtain_half_open_01_visual_normal.png -> /home/test/wf3/gazebo/agentsd_ws/install/smart_agent_gazebo/share/smart_agent_gazebo/models/aws_robomaker_hospital_curtain_half_open_01/meshes\n'}
[1.083160] (smart_agent_gazebo) StdoutLine: {'line': b'copying models/aws_robomaker_hospital_curtain_half_open_01/meshes/aws_robomaker_hospital_curtain_half_open_01_low.png -> /home/test/wf3/gazebo/agentsd_ws/install/smart_agent_gazebo/share/smart_agent_gazebo/models/aws_robomaker_hospital_curtain_half_open_01/meshes\n'}
[1.083298] (smart_agent_gazebo) StdoutLine: {'line': b'copying models/aws_robomaker_hospital_curtain_half_open_01/meshes/aws_robomaker_hospital_curtain_half_open_01_low_normal.png -> /home/test/wf3/gazebo/agentsd_ws/install/smart_agent_gazebo/share/smart_agent_gazebo/models/aws_robomaker_hospital_curtain_half_open_01/meshes\n'}
[1.083475] (smart_agent_gazebo) StdoutLine: {'line': b'copying models/aws_robomaker_hospital_curtain_half_open_01/meshes/aws_robomaker_hospital_curtain_half_open_01_visual.dae -> /home/test/wf3/gazebo/agentsd_ws/install/smart_agent_gazebo/share/smart_agent_gazebo/models/aws_robomaker_hospital_curtain_half_open_01/meshes\n'}
[1.083695] (smart_agent_gazebo) StdoutLine: {'line': b'copying models/aws_robomaker_hospital_curtain_half_open_01/meshes/aws_robomaker_hospital_curtainrail_01_low_normal.png -> /home/test/wf3/gazebo/agentsd_ws/install/smart_agent_gazebo/share/smart_agent_gazebo/models/aws_robomaker_hospital_curtain_half_open_01/meshes\n'}
[1.083829] (smart_agent_gazebo) StdoutLine: {'line': b'copying models/aws_robomaker_hospital_curtain_half_open_01/meshes/aws_robomaker_hospital_curtainrail_01_visual.png -> /home/test/wf3/gazebo/agentsd_ws/install/smart_agent_gazebo/share/smart_agent_gazebo/models/aws_robomaker_hospital_curtain_half_open_01/meshes\n'}
[1.083970] (smart_agent_gazebo) StdoutLine: {'line': b'copying models/aws_robomaker_hospital_curtain_half_open_01/meshes/aws_robomaker_hospital_curtain_half_open_01_collision.dae -> /home/test/wf3/gazebo/agentsd_ws/install/smart_agent_gazebo/share/smart_agent_gazebo/models/aws_robomaker_hospital_curtain_half_open_01/meshes\n'}
[1.084107] (smart_agent_gazebo) StdoutLine: {'line': b'copying models/aws_robomaker_hospital_curtain_half_open_01/meshes/aws_robomaker_hospital_curtainrail_01_visual_normal.png -> /home/test/wf3/gazebo/agentsd_ws/install/smart_agent_gazebo/share/smart_agent_gazebo/models/aws_robomaker_hospital_curtain_half_open_01/meshes\n'}
[1.084244] (smart_agent_gazebo) StdoutLine: {'line': b'copying models/aws_robomaker_hospital_curtain_half_open_01/meshes/aws_robomaker_hospital_curtainrail_01_low.png -> /home/test/wf3/gazebo/agentsd_ws/install/smart_agent_gazebo/share/smart_agent_gazebo/models/aws_robomaker_hospital_curtain_half_open_01/meshes\n'}
[1.084379] (smart_agent_gazebo) StdoutLine: {'line': b'creating /home/test/wf3/gazebo/agentsd_ws/install/smart_agent_gazebo/share/smart_agent_gazebo/models/aws_robomaker_residential_CookingBench_01\n'}
[1.084540] (smart_agent_gazebo) StdoutLine: {'line': b'copying models/aws_robomaker_residential_CookingBench_01/model.config -> /home/test/wf3/gazebo/agentsd_ws/install/smart_agent_gazebo/share/smart_agent_gazebo/models/aws_robomaker_residential_CookingBench_01\n'}
[1.084680] (smart_agent_gazebo) StdoutLine: {'line': b'copying models/aws_robomaker_residential_CookingBench_01/model.sdf -> /home/test/wf3/gazebo/agentsd_ws/install/smart_agent_gazebo/share/smart_agent_gazebo/models/aws_robomaker_residential_CookingBench_01\n'}
[1.084821] (smart_agent_gazebo) StdoutLine: {'line': b'creating /home/test/wf3/gazebo/agentsd_ws/install/smart_agent_gazebo/share/smart_agent_gazebo/models/aws_robomaker_residential_CookingBench_01/materials\n'}
[1.084955] (smart_agent_gazebo) StdoutLine: {'line': b'creating /home/test/wf3/gazebo/agentsd_ws/install/smart_agent_gazebo/share/smart_agent_gazebo/models/aws_robomaker_residential_CookingBench_01/materials/textures\n'}
[1.085089] (smart_agent_gazebo) StdoutLine: {'line': b'copying models/aws_robomaker_residential_CookingBench_01/materials/textures/aws_CookingBench_01.png -> /home/test/wf3/gazebo/agentsd_ws/install/smart_agent_gazebo/share/smart_agent_gazebo/models/aws_robomaker_residential_CookingBench_01/materials/textures\n'}
[1.085224] (smart_agent_gazebo) StdoutLine: {'line': b'creating /home/test/wf3/gazebo/agentsd_ws/install/smart_agent_gazebo/share/smart_agent_gazebo/models/aws_robomaker_residential_CookingBench_01/meshes\n'}
[1.085359] (smart_agent_gazebo) StdoutLine: {'line': b'copying models/aws_robomaker_residential_CookingBench_01/meshes/aws_CookingBench_01_visual.DAE -> /home/test/wf3/gazebo/agentsd_ws/install/smart_agent_gazebo/share/smart_agent_gazebo/models/aws_robomaker_residential_CookingBench_01/meshes\n'}
[1.085492] (smart_agent_gazebo) StdoutLine: {'line': b'copying models/aws_robomaker_residential_CookingBench_01/meshes/aws_CookingBench_01_collision.DAE -> /home/test/wf3/gazebo/agentsd_ws/install/smart_agent_gazebo/share/smart_agent_gazebo/models/aws_robomaker_residential_CookingBench_01/meshes\n'}
[1.085624] (smart_agent_gazebo) StdoutLine: {'line': b'copying models/aws_robomaker_residential_CookingBench_01/meshes/aws_CookingBench_01.DAE -> /home/test/wf3/gazebo/agentsd_ws/install/smart_agent_gazebo/share/smart_agent_gazebo/models/aws_robomaker_residential_CookingBench_01/meshes\n'}
[1.085763] (smart_agent_gazebo) StdoutLine: {'line': b'creating /home/test/wf3/gazebo/agentsd_ws/install/smart_agent_gazebo/share/smart_agent_gazebo/models/aws_robomaker_residential_Tablet_01\n'}
[1.085893] (smart_agent_gazebo) StdoutLine: {'line': b'copying models/aws_robomaker_residential_Tablet_01/model.config -> /home/test/wf3/gazebo/agentsd_ws/install/smart_agent_gazebo/share/smart_agent_gazebo/models/aws_robomaker_residential_Tablet_01\n'}
[1.086031] (smart_agent_gazebo) StdoutLine: {'line': b'copying models/aws_robomaker_residential_Tablet_01/model.sdf -> /home/test/wf3/gazebo/agentsd_ws/install/smart_agent_gazebo/share/smart_agent_gazebo/models/aws_robomaker_residential_Tablet_01\n'}
[1.086175] (smart_agent_gazebo) StdoutLine: {'line': b'creating /home/test/wf3/gazebo/agentsd_ws/install/smart_agent_gazebo/share/smart_agent_gazebo/models/aws_robomaker_residential_Tablet_01/materials\n'}
[1.086305] (smart_agent_gazebo) StdoutLine: {'line': b'creating /home/test/wf3/gazebo/agentsd_ws/install/smart_agent_gazebo/share/smart_agent_gazebo/models/aws_robomaker_residential_Tablet_01/materials/textures\n'}
[1.086436] (smart_agent_gazebo) StdoutLine: {'line': b'copying models/aws_robomaker_residential_Tablet_01/materials/textures/aws_Tablet_01_nologo.png -> /home/test/wf3/gazebo/agentsd_ws/install/smart_agent_gazebo/share/smart_agent_gazebo/models/aws_robomaker_residential_Tablet_01/materials/textures\n'}
[1.086571] (smart_agent_gazebo) StdoutLine: {'line': b'creating /home/test/wf3/gazebo/agentsd_ws/install/smart_agent_gazebo/share/smart_agent_gazebo/models/aws_robomaker_residential_Tablet_01/meshes\n'}
[1.086705] (smart_agent_gazebo) StdoutLine: {'line': b'copying models/aws_robomaker_residential_Tablet_01/meshes/aws_Tablet_01_visual.DAE -> /home/test/wf3/gazebo/agentsd_ws/install/smart_agent_gazebo/share/smart_agent_gazebo/models/aws_robomaker_residential_Tablet_01/meshes\n'}
[1.086841] (smart_agent_gazebo) StdoutLine: {'line': b'copying models/aws_robomaker_residential_Tablet_01/meshes/aws_Tablet_01_collision.DAE -> /home/test/wf3/gazebo/agentsd_ws/install/smart_agent_gazebo/share/smart_agent_gazebo/models/aws_robomaker_residential_Tablet_01/meshes\n'}
[1.086972] (smart_agent_gazebo) StdoutLine: {'line': b'creating /home/test/wf3/gazebo/agentsd_ws/install/smart_agent_gazebo/share/smart_agent_gazebo/models/ParkingTrolleyMax\n'}
[1.087112] (smart_agent_gazebo) StdoutLine: {'line': b'copying models/ParkingTrolleyMax/model.config -> /home/test/wf3/gazebo/agentsd_ws/install/smart_agent_gazebo/share/smart_agent_gazebo/models/ParkingTrolleyMax\n'}
[1.087252] (smart_agent_gazebo) StdoutLine: {'line': b'copying models/ParkingTrolleyMax/model.sdf -> /home/test/wf3/gazebo/agentsd_ws/install/smart_agent_gazebo/share/smart_agent_gazebo/models/ParkingTrolleyMax\n'}
[1.087389] (smart_agent_gazebo) StdoutLine: {'line': b'creating /home/test/wf3/gazebo/agentsd_ws/install/smart_agent_gazebo/share/smart_agent_gazebo/models/ParkingTrolleyMax/thumbnails\n'}
[1.087708] (smart_agent_gazebo) StdoutLine: {'line': b'copying models/ParkingTrolleyMax/thumbnails/2.png -> /home/test/wf3/gazebo/agentsd_ws/install/smart_agent_gazebo/share/smart_agent_gazebo/models/ParkingTrolleyMax/thumbnails\n'}
[1.087852] (smart_agent_gazebo) StdoutLine: {'line': b'copying models/ParkingTrolleyMax/thumbnails/1.png -> /home/test/wf3/gazebo/agentsd_ws/install/smart_agent_gazebo/share/smart_agent_gazebo/models/ParkingTrolleyMax/thumbnails\n'}
[1.087992] (smart_agent_gazebo) StdoutLine: {'line': b'copying models/ParkingTrolleyMax/thumbnails/4.png -> /home/test/wf3/gazebo/agentsd_ws/install/smart_agent_gazebo/share/smart_agent_gazebo/models/ParkingTrolleyMax/thumbnails\n'}
[1.088128] (smart_agent_gazebo) StdoutLine: {'line': b'copying models/ParkingTrolleyMax/thumbnails/3.png -> /home/test/wf3/gazebo/agentsd_ws/install/smart_agent_gazebo/share/smart_agent_gazebo/models/ParkingTrolleyMax/thumbnails\n'}
[1.088307] (smart_agent_gazebo) StdoutLine: {'line': b'copying models/ParkingTrolleyMax/thumbnails/5.png -> /home/test/wf3/gazebo/agentsd_ws/install/smart_agent_gazebo/share/smart_agent_gazebo/models/ParkingTrolleyMax/thumbnails\n'}
[1.088449] (smart_agent_gazebo) StdoutLine: {'line': b'creating /home/test/wf3/gazebo/agentsd_ws/install/smart_agent_gazebo/share/smart_agent_gazebo/models/ParkingTrolleyMax/meshes\n'}
[1.088588] (smart_agent_gazebo) StdoutLine: {'line': b'copying models/ParkingTrolleyMax/meshes/ParkingTrolleyMax.mtl -> /home/test/wf3/gazebo/agentsd_ws/install/smart_agent_gazebo/share/smart_agent_gazebo/models/ParkingTrolleyMax/meshes\n'}
[1.088727] (smart_agent_gazebo) StdoutLine: {'line': b'copying models/ParkingTrolleyMax/meshes/ParkingTrolleyMax.obj -> /home/test/wf3/gazebo/agentsd_ws/install/smart_agent_gazebo/share/smart_agent_gazebo/models/ParkingTrolleyMax/meshes\n'}
[1.088869] (smart_agent_gazebo) StdoutLine: {'line': b'copying models/ParkingTrolleyMax/meshes/ParkingTrolleyMax_Diffuse.png -> /home/test/wf3/gazebo/agentsd_ws/install/smart_agent_gazebo/share/smart_agent_gazebo/models/ParkingTrolleyMax/meshes\n'}
[1.089011] (smart_agent_gazebo) StdoutLine: {'line': b'creating /home/test/wf3/gazebo/agentsd_ws/install/smart_agent_gazebo/share/smart_agent_gazebo/models/aws_robomaker_residential_Ball_01\n'}
[1.089149] (smart_agent_gazebo) StdoutLine: {'line': b'copying models/aws_robomaker_residential_Ball_01/model.config -> /home/test/wf3/gazebo/agentsd_ws/install/smart_agent_gazebo/share/smart_agent_gazebo/models/aws_robomaker_residential_Ball_01\n'}
[1.089364] (smart_agent_gazebo) StdoutLine: {'line': b'copying models/aws_robomaker_residential_Ball_01/model.sdf -> /home/test/wf3/gazebo/agentsd_ws/install/smart_agent_gazebo/share/smart_agent_gazebo/models/aws_robomaker_residential_Ball_01\n'}
[1.089506] (smart_agent_gazebo) StdoutLine: {'line': b'creating /home/test/wf3/gazebo/agentsd_ws/install/smart_agent_gazebo/share/smart_agent_gazebo/models/aws_robomaker_residential_Ball_01/materials\n'}
[1.089646] (smart_agent_gazebo) StdoutLine: {'line': b'creating /home/test/wf3/gazebo/agentsd_ws/install/smart_agent_gazebo/share/smart_agent_gazebo/models/aws_robomaker_residential_Ball_01/materials/textures\n'}
[1.089791] (smart_agent_gazebo) StdoutLine: {'line': b'copying models/aws_robomaker_residential_Ball_01/materials/textures/aws_Ball_01.png -> /home/test/wf3/gazebo/agentsd_ws/install/smart_agent_gazebo/share/smart_agent_gazebo/models/aws_robomaker_residential_Ball_01/materials/textures\n'}
[1.089931] (smart_agent_gazebo) StdoutLine: {'line': b'creating /home/test/wf3/gazebo/agentsd_ws/install/smart_agent_gazebo/share/smart_agent_gazebo/models/aws_robomaker_residential_Ball_01/meshes\n'}
[1.090073] (smart_agent_gazebo) StdoutLine: {'line': b'copying models/aws_robomaker_residential_Ball_01/meshes/aws_Ball_01_collision.DAE -> /home/test/wf3/gazebo/agentsd_ws/install/smart_agent_gazebo/share/smart_agent_gazebo/models/aws_robomaker_residential_Ball_01/meshes\n'}
[1.090458] (smart_agent_gazebo) StdoutLine: {'line': b'copying models/aws_robomaker_residential_Ball_01/meshes/aws_Ball_01_visual.DAE -> /home/test/wf3/gazebo/agentsd_ws/install/smart_agent_gazebo/share/smart_agent_gazebo/models/aws_robomaker_residential_Ball_01/meshes\n'}
[1.090611] (smart_agent_gazebo) StdoutLine: {'line': b'creating /home/test/wf3/gazebo/agentsd_ws/install/smart_agent_gazebo/share/smart_agent_gazebo/models/aws_robomaker_residential_PortraitC_01\n'}
[1.090761] (smart_agent_gazebo) StdoutLine: {'line': b'copying models/aws_robomaker_residential_PortraitC_01/model.config -> /home/test/wf3/gazebo/agentsd_ws/install/smart_agent_gazebo/share/smart_agent_gazebo/models/aws_robomaker_residential_PortraitC_01\n'}
[1.090910] (smart_agent_gazebo) StdoutLine: {'line': b'copying models/aws_robomaker_residential_PortraitC_01/model.sdf -> /home/test/wf3/gazebo/agentsd_ws/install/smart_agent_gazebo/share/smart_agent_gazebo/models/aws_robomaker_residential_PortraitC_01\n'}
[1.091118] (smart_agent_gazebo) StdoutLine: {'line': b'creating /home/test/wf3/gazebo/agentsd_ws/install/smart_agent_gazebo/share/smart_agent_gazebo/models/aws_robomaker_residential_PortraitC_01/materials\n'}
[1.091259] (smart_agent_gazebo) StdoutLine: {'line': b'creating /home/test/wf3/gazebo/agentsd_ws/install/smart_agent_gazebo/share/smart_agent_gazebo/models/aws_robomaker_residential_PortraitC_01/materials/textures\n'}
[1.091405] (smart_agent_gazebo) StdoutLine: {'line': b'copying models/aws_robomaker_residential_PortraitC_01/materials/textures/aws_PortraitC_02.png -> /home/test/wf3/gazebo/agentsd_ws/install/smart_agent_gazebo/share/smart_agent_gazebo/models/aws_robomaker_residential_PortraitC_01/materials/textures\n'}
[1.091642] (smart_agent_gazebo) StdoutLine: {'line': b'copying models/aws_robomaker_residential_PortraitC_01/materials/textures/aws_PortraitC_01.png -> /home/test/wf3/gazebo/agentsd_ws/install/smart_agent_gazebo/share/smart_agent_gazebo/models/aws_robomaker_residential_PortraitC_01/materials/textures\n'}
[1.091781] (smart_agent_gazebo) StdoutLine: {'line': b'creating /home/test/wf3/gazebo/agentsd_ws/install/smart_agent_gazebo/share/smart_agent_gazebo/models/aws_robomaker_residential_PortraitC_01/meshes\n'}
[1.091955] (smart_agent_gazebo) StdoutLine: {'line': b'copying models/aws_robomaker_residential_PortraitC_01/meshes/aws_PortraitC_01_collision.DAE -> /home/test/wf3/gazebo/agentsd_ws/install/smart_agent_gazebo/share/smart_agent_gazebo/models/aws_robomaker_residential_PortraitC_01/meshes\n'}
[1.092109] (smart_agent_gazebo) StdoutLine: {'line': b'copying models/aws_robomaker_residential_PortraitC_01/meshes/aws_PortraitC_01_visual.DAE -> /home/test/wf3/gazebo/agentsd_ws/install/smart_agent_gazebo/share/smart_agent_gazebo/models/aws_robomaker_residential_PortraitC_01/meshes\n'}
[1.092256] (smart_agent_gazebo) StdoutLine: {'line': b'creating /home/test/wf3/gazebo/agentsd_ws/install/smart_agent_gazebo/share/smart_agent_gazebo/models/aws_robomaker_residential_DeskPortraitA_02\n'}
[1.092403] (smart_agent_gazebo) StdoutLine: {'line': b'copying models/aws_robomaker_residential_DeskPortraitA_02/model.config -> /home/test/wf3/gazebo/agentsd_ws/install/smart_agent_gazebo/share/smart_agent_gazebo/models/aws_robomaker_residential_DeskPortraitA_02\n'}
[1.092552] (smart_agent_gazebo) StdoutLine: {'line': b'copying models/aws_robomaker_residential_DeskPortraitA_02/model.sdf -> /home/test/wf3/gazebo/agentsd_ws/install/smart_agent_gazebo/share/smart_agent_gazebo/models/aws_robomaker_residential_DeskPortraitA_02\n'}
[1.092697] (smart_agent_gazebo) StdoutLine: {'line': b'creating /home/test/wf3/gazebo/agentsd_ws/install/smart_agent_gazebo/share/smart_agent_gazebo/models/aws_robomaker_residential_DeskPortraitA_02/materials\n'}
[1.092877] (smart_agent_gazebo) StdoutLine: {'line': b'creating /home/test/wf3/gazebo/agentsd_ws/install/smart_agent_gazebo/share/smart_agent_gazebo/models/aws_robomaker_residential_DeskPortraitA_02/materials/textures\n'}
[1.093021] (smart_agent_gazebo) StdoutLine: {'line': b'copying models/aws_robomaker_residential_DeskPortraitA_02/materials/textures/aws_DeskPortraitA_01.png -> /home/test/wf3/gazebo/agentsd_ws/install/smart_agent_gazebo/share/smart_agent_gazebo/models/aws_robomaker_residential_DeskPortraitA_02/materials/textures\n'}
[1.093167] (smart_agent_gazebo) StdoutLine: {'line': b'copying models/aws_robomaker_residential_DeskPortraitA_02/materials/textures/aws_DeskPortraitA_02.png -> /home/test/wf3/gazebo/agentsd_ws/install/smart_agent_gazebo/share/smart_agent_gazebo/models/aws_robomaker_residential_DeskPortraitA_02/materials/textures\n'}
[1.093311] (smart_agent_gazebo) StdoutLine: {'line': b'creating /home/test/wf3/gazebo/agentsd_ws/install/smart_agent_gazebo/share/smart_agent_gazebo/models/aws_robomaker_residential_DeskPortraitA_02/meshes\n'}
[1.093454] (smart_agent_gazebo) StdoutLine: {'line': b'copying models/aws_robomaker_residential_DeskPortraitA_02/meshes/aws_DeskPortraitA_01_collision.DAE -> /home/test/wf3/gazebo/agentsd_ws/install/smart_agent_gazebo/share/smart_agent_gazebo/models/aws_robomaker_residential_DeskPortraitA_02/meshes\n'}
[1.093744] (smart_agent_gazebo) StdoutLine: {'line': b'copying models/aws_robomaker_residential_DeskPortraitA_02/meshes/aws_DeskPortraitA_01_visual.DAE -> /home/test/wf3/gazebo/agentsd_ws/install/smart_agent_gazebo/share/smart_agent_gazebo/models/aws_robomaker_residential_DeskPortraitA_02/meshes\n'}
[1.093896] (smart_agent_gazebo) StdoutLine: {'line': b'creating /home/test/wf3/gazebo/agentsd_ws/install/smart_agent_gazebo/share/smart_agent_gazebo/models/aws_robomaker_residential_Sofa_01\n'}
[1.094046] (smart_agent_gazebo) StdoutLine: {'line': b'copying models/aws_robomaker_residential_Sofa_01/model.config -> /home/test/wf3/gazebo/agentsd_ws/install/smart_agent_gazebo/share/smart_agent_gazebo/models/aws_robomaker_residential_Sofa_01\n'}
[1.094299] (smart_agent_gazebo) StdoutLine: {'line': b'copying models/aws_robomaker_residential_Sofa_01/model.sdf -> /home/test/wf3/gazebo/agentsd_ws/install/smart_agent_gazebo/share/smart_agent_gazebo/models/aws_robomaker_residential_Sofa_01\n'}
[1.094443] (smart_agent_gazebo) StdoutLine: {'line': b'creating /home/test/wf3/gazebo/agentsd_ws/install/smart_agent_gazebo/share/smart_agent_gazebo/models/aws_robomaker_residential_Sofa_01/materials\n'}
[1.094583] (smart_agent_gazebo) StdoutLine: {'line': b'creating /home/test/wf3/gazebo/agentsd_ws/install/smart_agent_gazebo/share/smart_agent_gazebo/models/aws_robomaker_residential_Sofa_01/materials/textures\n'}
[1.094729] (smart_agent_gazebo) StdoutLine: {'line': b'copying models/aws_robomaker_residential_Sofa_01/materials/textures/aws_Sofa_01.png -> /home/test/wf3/gazebo/agentsd_ws/install/smart_agent_gazebo/share/smart_agent_gazebo/models/aws_robomaker_residential_Sofa_01/materials/textures\n'}
[1.094940] (smart_agent_gazebo) StdoutLine: {'line': b'creating /home/test/wf3/gazebo/agentsd_ws/install/smart_agent_gazebo/share/smart_agent_gazebo/models/aws_robomaker_residential_Sofa_01/meshes\n'}
[1.095081] (smart_agent_gazebo) StdoutLine: {'line': b'copying models/aws_robomaker_residential_Sofa_01/meshes/aws_Sofa_01_visual.DAE -> /home/test/wf3/gazebo/agentsd_ws/install/smart_agent_gazebo/share/smart_agent_gazebo/models/aws_robomaker_residential_Sofa_01/meshes\n'}
[1.095219] (smart_agent_gazebo) StdoutLine: {'line': b'copying models/aws_robomaker_residential_Sofa_01/meshes/aws_Sofa_01_collision.DAE -> /home/test/wf3/gazebo/agentsd_ws/install/smart_agent_gazebo/share/smart_agent_gazebo/models/aws_robomaker_residential_Sofa_01/meshes\n'}
[1.095365] (smart_agent_gazebo) StdoutLine: {'line': b'copying models/aws_robomaker_residential_Sofa_01/meshes/aws_Sofa_01.DAE -> /home/test/wf3/gazebo/agentsd_ws/install/smart_agent_gazebo/share/smart_agent_gazebo/models/aws_robomaker_residential_Sofa_01/meshes\n'}
[1.095511] (smart_agent_gazebo) StdoutLine: {'line': b'creating /home/test/wf3/gazebo/agentsd_ws/install/smart_agent_gazebo/share/smart_agent_gazebo/models/aws_robomaker_residential_SofaC_01\n'}
[1.095652] (smart_agent_gazebo) StdoutLine: {'line': b'copying models/aws_robomaker_residential_SofaC_01/model.config -> /home/test/wf3/gazebo/agentsd_ws/install/smart_agent_gazebo/share/smart_agent_gazebo/models/aws_robomaker_residential_SofaC_01\n'}
[1.095795] (smart_agent_gazebo) StdoutLine: {'line': b'copying models/aws_robomaker_residential_SofaC_01/model.sdf -> /home/test/wf3/gazebo/agentsd_ws/install/smart_agent_gazebo/share/smart_agent_gazebo/models/aws_robomaker_residential_SofaC_01\n'}
[1.095942] (smart_agent_gazebo) StdoutLine: {'line': b'creating /home/test/wf3/gazebo/agentsd_ws/install/smart_agent_gazebo/share/smart_agent_gazebo/models/aws_robomaker_residential_SofaC_01/materials\n'}
[1.096088] (smart_agent_gazebo) StdoutLine: {'line': b'creating /home/test/wf3/gazebo/agentsd_ws/install/smart_agent_gazebo/share/smart_agent_gazebo/models/aws_robomaker_residential_SofaC_01/materials/textures\n'}
[1.096289] (smart_agent_gazebo) StdoutLine: {'line': b'copying models/aws_robomaker_residential_SofaC_01/materials/textures/aws_SofaC_01.png -> /home/test/wf3/gazebo/agentsd_ws/install/smart_agent_gazebo/share/smart_agent_gazebo/models/aws_robomaker_residential_SofaC_01/materials/textures\n'}
[1.096436] (smart_agent_gazebo) StdoutLine: {'line': b'creating /home/test/wf3/gazebo/agentsd_ws/install/smart_agent_gazebo/share/smart_agent_gazebo/models/aws_robomaker_residential_SofaC_01/meshes\n'}
[1.096572] (smart_agent_gazebo) StdoutLine: {'line': b'copying models/aws_robomaker_residential_SofaC_01/meshes/aws_SofaC_01_collision.DAE -> /home/test/wf3/gazebo/agentsd_ws/install/smart_agent_gazebo/share/smart_agent_gazebo/models/aws_robomaker_residential_SofaC_01/meshes\n'}
[1.096711] (smart_agent_gazebo) StdoutLine: {'line': b'copying models/aws_robomaker_residential_SofaC_01/meshes/aws_SofaC_01_visual.DAE -> /home/test/wf3/gazebo/agentsd_ws/install/smart_agent_gazebo/share/smart_agent_gazebo/models/aws_robomaker_residential_SofaC_01/meshes\n'}
[1.096846] (smart_agent_gazebo) StdoutLine: {'line': b'creating /home/test/wf3/gazebo/agentsd_ws/install/smart_agent_gazebo/share/smart_agent_gazebo/models/InstrumentCart1\n'}
[1.096982] (smart_agent_gazebo) StdoutLine: {'line': b'copying models/InstrumentCart1/model.config -> /home/test/wf3/gazebo/agentsd_ws/install/smart_agent_gazebo/share/smart_agent_gazebo/models/InstrumentCart1\n'}
[1.097113] (smart_agent_gazebo) StdoutLine: {'line': b'copying models/InstrumentCart1/model.sdf -> /home/test/wf3/gazebo/agentsd_ws/install/smart_agent_gazebo/share/smart_agent_gazebo/models/InstrumentCart1\n'}
[1.097243] (smart_agent_gazebo) StdoutLine: {'line': b'creating /home/test/wf3/gazebo/agentsd_ws/install/smart_agent_gazebo/share/smart_agent_gazebo/models/InstrumentCart1/thumbnails\n'}
[1.097377] (smart_agent_gazebo) StdoutLine: {'line': b'copying models/InstrumentCart1/thumbnails/2.png -> /home/test/wf3/gazebo/agentsd_ws/install/smart_agent_gazebo/share/smart_agent_gazebo/models/InstrumentCart1/thumbnails\n'}
[1.097514] (smart_agent_gazebo) StdoutLine: {'line': b'copying models/InstrumentCart1/thumbnails/1.png -> /home/test/wf3/gazebo/agentsd_ws/install/smart_agent_gazebo/share/smart_agent_gazebo/models/InstrumentCart1/thumbnails\n'}
[1.097650] (smart_agent_gazebo) StdoutLine: {'line': b'copying models/InstrumentCart1/thumbnails/4.png -> /home/test/wf3/gazebo/agentsd_ws/install/smart_agent_gazebo/share/smart_agent_gazebo/models/InstrumentCart1/thumbnails\n'}
[1.097780] (smart_agent_gazebo) StdoutLine: {'line': b'copying models/InstrumentCart1/thumbnails/3.png -> /home/test/wf3/gazebo/agentsd_ws/install/smart_agent_gazebo/share/smart_agent_gazebo/models/InstrumentCart1/thumbnails\n'}
[1.097909] (smart_agent_gazebo) StdoutLine: {'line': b'copying models/InstrumentCart1/thumbnails/5.png -> /home/test/wf3/gazebo/agentsd_ws/install/smart_agent_gazebo/share/smart_agent_gazebo/models/InstrumentCart1/thumbnails\n'}
[1.098038] (smart_agent_gazebo) StdoutLine: {'line': b'creating /home/test/wf3/gazebo/agentsd_ws/install/smart_agent_gazebo/share/smart_agent_gazebo/models/InstrumentCart1/meshes\n'}
[1.098183] (smart_agent_gazebo) StdoutLine: {'line': b'copying models/InstrumentCart1/meshes/texture.png -> /home/test/wf3/gazebo/agentsd_ws/install/smart_agent_gazebo/share/smart_agent_gazebo/models/InstrumentCart1/meshes\n'}
[1.098330] (smart_agent_gazebo) StdoutLine: {'line': b'copying models/InstrumentCart1/meshes/InstrumentCart1.mtl -> /home/test/wf3/gazebo/agentsd_ws/install/smart_agent_gazebo/share/smart_agent_gazebo/models/InstrumentCart1/meshes\n'}
[1.098469] (smart_agent_gazebo) StdoutLine: {'line': b'copying models/InstrumentCart1/meshes/InstrumentCart1.obj -> /home/test/wf3/gazebo/agentsd_ws/install/smart_agent_gazebo/share/smart_agent_gazebo/models/InstrumentCart1/meshes\n'}
[1.098612] (smart_agent_gazebo) StdoutLine: {'line': b'creating /home/test/wf3/gazebo/agentsd_ws/install/smart_agent_gazebo/share/smart_agent_gazebo/models/aws_robomaker_residential_KitchenCabinet_01\n'}
[1.098755] (smart_agent_gazebo) StdoutLine: {'line': b'copying models/aws_robomaker_residential_KitchenCabinet_01/model.config -> /home/test/wf3/gazebo/agentsd_ws/install/smart_agent_gazebo/share/smart_agent_gazebo/models/aws_robomaker_residential_KitchenCabinet_01\n'}
[1.098961] (smart_agent_gazebo) StdoutLine: {'line': b'copying models/aws_robomaker_residential_KitchenCabinet_01/model.sdf -> /home/test/wf3/gazebo/agentsd_ws/install/smart_agent_gazebo/share/smart_agent_gazebo/models/aws_robomaker_residential_KitchenCabinet_01\n'}
[1.099100] (smart_agent_gazebo) StdoutLine: {'line': b'creating /home/test/wf3/gazebo/agentsd_ws/install/smart_agent_gazebo/share/smart_agent_gazebo/models/aws_robomaker_residential_KitchenCabinet_01/materials\n'}
[1.099242] (smart_agent_gazebo) StdoutLine: {'line': b'creating /home/test/wf3/gazebo/agentsd_ws/install/smart_agent_gazebo/share/smart_agent_gazebo/models/aws_robomaker_residential_KitchenCabinet_01/materials/textures\n'}
[1.099382] (smart_agent_gazebo) StdoutLine: {'line': b'copying models/aws_robomaker_residential_KitchenCabinet_01/materials/textures/aws_KitchenCabinet_01.png -> /home/test/wf3/gazebo/agentsd_ws/install/smart_agent_gazebo/share/smart_agent_gazebo/models/aws_robomaker_residential_KitchenCabinet_01/materials/textures\n'}
[1.099582] (smart_agent_gazebo) StdoutLine: {'line': b'creating /home/test/wf3/gazebo/agentsd_ws/install/smart_agent_gazebo/share/smart_agent_gazebo/models/aws_robomaker_residential_KitchenCabinet_01/meshes\n'}
[1.099717] (smart_agent_gazebo) StdoutLine: {'line': b'copying models/aws_robomaker_residential_KitchenCabinet_01/meshes/aws_KitchenCabinet_01_visual.DAE -> /home/test/wf3/gazebo/agentsd_ws/install/smart_agent_gazebo/share/smart_agent_gazebo/models/aws_robomaker_residential_KitchenCabinet_01/meshes\n'}
[1.099852] (smart_agent_gazebo) StdoutLine: {'line': b'copying models/aws_robomaker_residential_KitchenCabinet_01/meshes/aws_KitchenCabinet_01_collision.DAE -> /home/test/wf3/gazebo/agentsd_ws/install/smart_agent_gazebo/share/smart_agent_gazebo/models/aws_robomaker_residential_KitchenCabinet_01/meshes\n'}
[1.099987] (smart_agent_gazebo) StdoutLine: {'line': b'creating /home/test/wf3/gazebo/agentsd_ws/install/smart_agent_gazebo/share/smart_agent_gazebo/models/aws_robomaker_residential_FoldingDoor_02\n'}
[1.100115] (smart_agent_gazebo) StdoutLine: {'line': b'copying models/aws_robomaker_residential_FoldingDoor_02/model.config -> /home/test/wf3/gazebo/agentsd_ws/install/smart_agent_gazebo/share/smart_agent_gazebo/models/aws_robomaker_residential_FoldingDoor_02\n'}
[1.100250] (smart_agent_gazebo) StdoutLine: {'line': b'copying models/aws_robomaker_residential_FoldingDoor_02/model.sdf -> /home/test/wf3/gazebo/agentsd_ws/install/smart_agent_gazebo/share/smart_agent_gazebo/models/aws_robomaker_residential_FoldingDoor_02\n'}
[1.100380] (smart_agent_gazebo) StdoutLine: {'line': b'creating /home/test/wf3/gazebo/agentsd_ws/install/smart_agent_gazebo/share/smart_agent_gazebo/models/aws_robomaker_residential_FoldingDoor_02/materials\n'}
[1.100512] (smart_agent_gazebo) StdoutLine: {'line': b'creating /home/test/wf3/gazebo/agentsd_ws/install/smart_agent_gazebo/share/smart_agent_gazebo/models/aws_robomaker_residential_FoldingDoor_02/materials/textures\n'}
[1.100640] (smart_agent_gazebo) StdoutLine: {'line': b'copying models/aws_robomaker_residential_FoldingDoor_02/materials/textures/aws_FoldingDoor_02.png -> /home/test/wf3/gazebo/agentsd_ws/install/smart_agent_gazebo/share/smart_agent_gazebo/models/aws_robomaker_residential_FoldingDoor_02/materials/textures\n'}
[1.100771] (smart_agent_gazebo) StdoutLine: {'line': b'creating /home/test/wf3/gazebo/agentsd_ws/install/smart_agent_gazebo/share/smart_agent_gazebo/models/aws_robomaker_residential_FoldingDoor_02/meshes\n'}
[1.100901] (smart_agent_gazebo) StdoutLine: {'line': b'copying models/aws_robomaker_residential_FoldingDoor_02/meshes/aws_FoldingDoor_02_collision.DAE -> /home/test/wf3/gazebo/agentsd_ws/install/smart_agent_gazebo/share/smart_agent_gazebo/models/aws_robomaker_residential_FoldingDoor_02/meshes\n'}
[1.101032] (smart_agent_gazebo) StdoutLine: {'line': b'copying models/aws_robomaker_residential_FoldingDoor_02/meshes/aws_FoldingDoor_02_visual.DAE -> /home/test/wf3/gazebo/agentsd_ws/install/smart_agent_gazebo/share/smart_agent_gazebo/models/aws_robomaker_residential_FoldingDoor_02/meshes\n'}
[1.101171] (smart_agent_gazebo) StdoutLine: {'line': b'creating /home/test/wf3/gazebo/agentsd_ws/install/smart_agent_gazebo/share/smart_agent_gazebo/models/aws_robomaker_residential_KitchenUtensils_01\n'}
[1.101319] (smart_agent_gazebo) StdoutLine: {'line': b'copying models/aws_robomaker_residential_KitchenUtensils_01/model.config -> /home/test/wf3/gazebo/agentsd_ws/install/smart_agent_gazebo/share/smart_agent_gazebo/models/aws_robomaker_residential_KitchenUtensils_01\n'}
[1.101452] (smart_agent_gazebo) StdoutLine: {'line': b'copying models/aws_robomaker_residential_KitchenUtensils_01/model.sdf -> /home/test/wf3/gazebo/agentsd_ws/install/smart_agent_gazebo/share/smart_agent_gazebo/models/aws_robomaker_residential_KitchenUtensils_01\n'}
[1.101584] (smart_agent_gazebo) StdoutLine: {'line': b'creating /home/test/wf3/gazebo/agentsd_ws/install/smart_agent_gazebo/share/smart_agent_gazebo/models/aws_robomaker_residential_KitchenUtensils_01/materials\n'}
[1.101715] (smart_agent_gazebo) StdoutLine: {'line': b'creating /home/test/wf3/gazebo/agentsd_ws/install/smart_agent_gazebo/share/smart_agent_gazebo/models/aws_robomaker_residential_KitchenUtensils_01/materials/textures\n'}
[1.101846] (smart_agent_gazebo) StdoutLine: {'line': b'copying models/aws_robomaker_residential_KitchenUtensils_01/materials/textures/aws_KitchenUtensils_01.png -> /home/test/wf3/gazebo/agentsd_ws/install/smart_agent_gazebo/share/smart_agent_gazebo/models/aws_robomaker_residential_KitchenUtensils_01/materials/textures\n'}
[1.101981] (smart_agent_gazebo) StdoutLine: {'line': b'creating /home/test/wf3/gazebo/agentsd_ws/install/smart_agent_gazebo/share/smart_agent_gazebo/models/aws_robomaker_residential_KitchenUtensils_01/meshes\n'}
[1.102124] (smart_agent_gazebo) StdoutLine: {'line': b'copying models/aws_robomaker_residential_KitchenUtensils_01/meshes/aws_KitchenUtensils_01_visual.DAE -> /home/test/wf3/gazebo/agentsd_ws/install/smart_agent_gazebo/share/smart_agent_gazebo/models/aws_robomaker_residential_KitchenUtensils_01/meshes\n'}
[1.102261] (smart_agent_gazebo) StdoutLine: {'line': b'copying models/aws_robomaker_residential_KitchenUtensils_01/meshes/aws_KitchenUtensils_01_collision.DAE -> /home/test/wf3/gazebo/agentsd_ws/install/smart_agent_gazebo/share/smart_agent_gazebo/models/aws_robomaker_residential_KitchenUtensils_01/meshes\n'}
[1.102435] (smart_agent_gazebo) StdoutLine: {'line': b'creating /home/test/wf3/gazebo/agentsd_ws/install/smart_agent_gazebo/share/smart_agent_gazebo/models/aws_robomaker_hospital_floor_01_ceiling\n'}
[1.102574] (smart_agent_gazebo) StdoutLine: {'line': b'copying models/aws_robomaker_hospital_floor_01_ceiling/model.config -> /home/test/wf3/gazebo/agentsd_ws/install/smart_agent_gazebo/share/smart_agent_gazebo/models/aws_robomaker_hospital_floor_01_ceiling\n'}
[1.102713] (smart_agent_gazebo) StdoutLine: {'line': b'copying models/aws_robomaker_hospital_floor_01_ceiling/aws_robomaker_hospital_floor_01_ceiling.png -> /home/test/wf3/gazebo/agentsd_ws/install/smart_agent_gazebo/share/smart_agent_gazebo/models/aws_robomaker_hospital_floor_01_ceiling\n'}
[1.102854] (smart_agent_gazebo) StdoutLine: {'line': b'copying models/aws_robomaker_hospital_floor_01_ceiling/aws_robomaker_hospital_floor_01_ceiling_normal.png -> /home/test/wf3/gazebo/agentsd_ws/install/smart_agent_gazebo/share/smart_agent_gazebo/models/aws_robomaker_hospital_floor_01_ceiling\n'}
[1.102994] (smart_agent_gazebo) StdoutLine: {'line': b'copying models/aws_robomaker_hospital_floor_01_ceiling/model.sdf -> /home/test/wf3/gazebo/agentsd_ws/install/smart_agent_gazebo/share/smart_agent_gazebo/models/aws_robomaker_hospital_floor_01_ceiling\n'}
[1.103138] (smart_agent_gazebo) StdoutLine: {'line': b'creating /home/test/wf3/gazebo/agentsd_ws/install/smart_agent_gazebo/share/smart_agent_gazebo/models/aws_robomaker_hospital_floor_01_ceiling/meshes\n'}
[1.103281] (smart_agent_gazebo) StdoutLine: {'line': b'copying models/aws_robomaker_hospital_floor_01_ceiling/meshes/aws_robomaker_hospital_floor_01_ceiling_collision.dae -> /home/test/wf3/gazebo/agentsd_ws/install/smart_agent_gazebo/share/smart_agent_gazebo/models/aws_robomaker_hospital_floor_01_ceiling/meshes\n'}
[1.103462] (smart_agent_gazebo) StdoutLine: {'line': b'copying models/aws_robomaker_hospital_floor_01_ceiling/meshes/aws_robomaker_hospital_floor_01_ceiling_visual.dae -> /home/test/wf3/gazebo/agentsd_ws/install/smart_agent_gazebo/share/smart_agent_gazebo/models/aws_robomaker_hospital_floor_01_ceiling/meshes\n'}
[1.103610] (smart_agent_gazebo) StdoutLine: {'line': b'copying models/aws_robomaker_hospital_floor_01_ceiling/meshes/aws_robomaker_hospital_floor_01_ceiling.png -> /home/test/wf3/gazebo/agentsd_ws/install/smart_agent_gazebo/share/smart_agent_gazebo/models/aws_robomaker_hospital_floor_01_ceiling/meshes\n'}
[1.103759] (smart_agent_gazebo) StdoutLine: {'line': b'copying models/aws_robomaker_hospital_floor_01_ceiling/meshes/aws_robomaker_hospital_floor_01_ceiling_normal.png -> /home/test/wf3/gazebo/agentsd_ws/install/smart_agent_gazebo/share/smart_agent_gazebo/models/aws_robomaker_hospital_floor_01_ceiling/meshes\n'}
[1.103904] (smart_agent_gazebo) StdoutLine: {'line': b'creating /home/test/wf3/gazebo/agentsd_ws/install/smart_agent_gazebo/share/smart_agent_gazebo/models/aws_robomaker_residential_AirconditionerA_01\n'}
[1.104046] (smart_agent_gazebo) StdoutLine: {'line': b'copying models/aws_robomaker_residential_AirconditionerA_01/model.config -> /home/test/wf3/gazebo/agentsd_ws/install/smart_agent_gazebo/share/smart_agent_gazebo/models/aws_robomaker_residential_AirconditionerA_01\n'}
[1.104446] (smart_agent_gazebo) StdoutLine: {'line': b'copying models/aws_robomaker_residential_AirconditionerA_01/model.sdf -> /home/test/wf3/gazebo/agentsd_ws/install/smart_agent_gazebo/share/smart_agent_gazebo/models/aws_robomaker_residential_AirconditionerA_01\n'}
[1.104595] (smart_agent_gazebo) StdoutLine: {'line': b'creating /home/test/wf3/gazebo/agentsd_ws/install/smart_agent_gazebo/share/smart_agent_gazebo/models/aws_robomaker_residential_AirconditionerA_01/materials\n'}
[1.104739] (smart_agent_gazebo) StdoutLine: {'line': b'creating /home/test/wf3/gazebo/agentsd_ws/install/smart_agent_gazebo/share/smart_agent_gazebo/models/aws_robomaker_residential_AirconditionerA_01/materials/textures\n'}
[1.104879] (smart_agent_gazebo) StdoutLine: {'line': b'copying models/aws_robomaker_residential_AirconditionerA_01/materials/textures/aws_AirconditionerA_01.png -> /home/test/wf3/gazebo/agentsd_ws/install/smart_agent_gazebo/share/smart_agent_gazebo/models/aws_robomaker_residential_AirconditionerA_01/materials/textures\n'}
[1.105026] (smart_agent_gazebo) StdoutLine: {'line': b'creating /home/test/wf3/gazebo/agentsd_ws/install/smart_agent_gazebo/share/smart_agent_gazebo/models/aws_robomaker_residential_AirconditionerA_01/meshes\n'}
[1.105204] (smart_agent_gazebo) StdoutLine: {'line': b'copying models/aws_robomaker_residential_AirconditionerA_01/meshes/aws_AirconditionerA_01_visual.DAE -> /home/test/wf3/gazebo/agentsd_ws/install/smart_agent_gazebo/share/smart_agent_gazebo/models/aws_robomaker_residential_AirconditionerA_01/meshes\n'}
[1.105353] (smart_agent_gazebo) StdoutLine: {'line': b'copying models/aws_robomaker_residential_AirconditionerA_01/meshes/aws__Air conditioner_01.DAE -> /home/test/wf3/gazebo/agentsd_ws/install/smart_agent_gazebo/share/smart_agent_gazebo/models/aws_robomaker_residential_AirconditionerA_01/meshes\n'}
[1.105495] (smart_agent_gazebo) StdoutLine: {'line': b'copying models/aws_robomaker_residential_AirconditionerA_01/meshes/aws_AirconditionerA_01_collision.DAE -> /home/test/wf3/gazebo/agentsd_ws/install/smart_agent_gazebo/share/smart_agent_gazebo/models/aws_robomaker_residential_AirconditionerA_01/meshes\n'}
[1.105639] (smart_agent_gazebo) StdoutLine: {'line': b'creating /home/test/wf3/gazebo/agentsd_ws/install/smart_agent_gazebo/share/smart_agent_gazebo/models/Shower\n'}
[1.105785] (smart_agent_gazebo) StdoutLine: {'line': b'copying models/Shower/model.config -> /home/test/wf3/gazebo/agentsd_ws/install/smart_agent_gazebo/share/smart_agent_gazebo/models/Shower\n'}
[1.105932] (smart_agent_gazebo) StdoutLine: {'line': b'copying models/Shower/model.sdf -> /home/test/wf3/gazebo/agentsd_ws/install/smart_agent_gazebo/share/smart_agent_gazebo/models/Shower\n'}
[1.106164] (smart_agent_gazebo) StdoutLine: {'line': b'creating /home/test/wf3/gazebo/agentsd_ws/install/smart_agent_gazebo/share/smart_agent_gazebo/models/Shower/thumbnails\n'}
[1.106493] (smart_agent_gazebo) StdoutLine: {'line': b'copying models/Shower/thumbnails/2.png -> /home/test/wf3/gazebo/agentsd_ws/install/smart_agent_gazebo/share/smart_agent_gazebo/models/Shower/thumbnails\n'}
[1.106632] (smart_agent_gazebo) StdoutLine: {'line': b'copying models/Shower/thumbnails/1.png -> /home/test/wf3/gazebo/agentsd_ws/install/smart_agent_gazebo/share/smart_agent_gazebo/models/Shower/thumbnails\n'}
[1.106770] (smart_agent_gazebo) StdoutLine: {'line': b'copying models/Shower/thumbnails/4.png -> /home/test/wf3/gazebo/agentsd_ws/install/smart_agent_gazebo/share/smart_agent_gazebo/models/Shower/thumbnails\n'}
[1.106906] (smart_agent_gazebo) StdoutLine: {'line': b'copying models/Shower/thumbnails/3.png -> /home/test/wf3/gazebo/agentsd_ws/install/smart_agent_gazebo/share/smart_agent_gazebo/models/Shower/thumbnails\n'}
[1.107041] (smart_agent_gazebo) StdoutLine: {'line': b'copying models/Shower/thumbnails/5.png -> /home/test/wf3/gazebo/agentsd_ws/install/smart_agent_gazebo/share/smart_agent_gazebo/models/Shower/thumbnails\n'}
[1.107183] (smart_agent_gazebo) StdoutLine: {'line': b'creating /home/test/wf3/gazebo/agentsd_ws/install/smart_agent_gazebo/share/smart_agent_gazebo/models/Shower/meshes\n'}
[1.107328] (smart_agent_gazebo) StdoutLine: {'line': b'copying models/Shower/meshes/Shower.obj -> /home/test/wf3/gazebo/agentsd_ws/install/smart_agent_gazebo/share/smart_agent_gazebo/models/Shower/meshes\n'}
[1.107469] (smart_agent_gazebo) StdoutLine: {'line': b'copying models/Shower/meshes/Shower.mtl -> /home/test/wf3/gazebo/agentsd_ws/install/smart_agent_gazebo/share/smart_agent_gazebo/models/Shower/meshes\n'}
[1.107612] (smart_agent_gazebo) StdoutLine: {'line': b'copying models/Shower/meshes/ShowerDiffuse.png -> /home/test/wf3/gazebo/agentsd_ws/install/smart_agent_gazebo/share/smart_agent_gazebo/models/Shower/meshes\n'}
[1.107757] (smart_agent_gazebo) StdoutLine: {'line': b'creating /home/test/wf3/gazebo/agentsd_ws/install/smart_agent_gazebo/share/smart_agent_gazebo/models/aws_robomaker_hospital_hospitalsign_01\n'}
[1.107898] (smart_agent_gazebo) StdoutLine: {'line': b'copying models/aws_robomaker_hospital_hospitalsign_01/model.config -> /home/test/wf3/gazebo/agentsd_ws/install/smart_agent_gazebo/share/smart_agent_gazebo/models/aws_robomaker_hospital_hospitalsign_01\n'}
[1.108040] (smart_agent_gazebo) StdoutLine: {'line': b'copying models/aws_robomaker_hospital_hospitalsign_01/model.sdf -> /home/test/wf3/gazebo/agentsd_ws/install/smart_agent_gazebo/share/smart_agent_gazebo/models/aws_robomaker_hospital_hospitalsign_01\n'}
[1.108376] (smart_agent_gazebo) StdoutLine: {'line': b'creating /home/test/wf3/gazebo/agentsd_ws/install/smart_agent_gazebo/share/smart_agent_gazebo/models/aws_robomaker_hospital_hospitalsign_01/meshes\n'}
[1.108524] (smart_agent_gazebo) StdoutLine: {'line': b'copying models/aws_robomaker_hospital_hospitalsign_01/meshes/aws_robomaker_hospital_hospitalsign_01_normal.png -> /home/test/wf3/gazebo/agentsd_ws/install/smart_agent_gazebo/share/smart_agent_gazebo/models/aws_robomaker_hospital_hospitalsign_01/meshes\n'}
[1.108672] (smart_agent_gazebo) StdoutLine: {'line': b'copying models/aws_robomaker_hospital_hospitalsign_01/meshes/aws_robomaker_hospital_hospitalsign_01.png -> /home/test/wf3/gazebo/agentsd_ws/install/smart_agent_gazebo/share/smart_agent_gazebo/models/aws_robomaker_hospital_hospitalsign_01/meshes\n'}
[1.108818] (smart_agent_gazebo) StdoutLine: {'line': b'copying models/aws_robomaker_hospital_hospitalsign_01/meshes/aws_robomaker_hospital_hospitalsign_01_visual.dae -> /home/test/wf3/gazebo/agentsd_ws/install/smart_agent_gazebo/share/smart_agent_gazebo/models/aws_robomaker_hospital_hospitalsign_01/meshes\n'}
[1.109029] (smart_agent_gazebo) StdoutLine: {'line': b'copying models/aws_robomaker_hospital_hospitalsign_01/meshes/aws_robomaker_hospital_hospitalsign_01_collision.dae -> /home/test/wf3/gazebo/agentsd_ws/install/smart_agent_gazebo/share/smart_agent_gazebo/models/aws_robomaker_hospital_hospitalsign_01/meshes\n'}
[1.109298] (smart_agent_gazebo) StdoutLine: {'line': b'creating /home/test/wf3/gazebo/agentsd_ws/install/smart_agent_gazebo/share/smart_agent_gazebo/models/StorageRackCoverOpen\n'}
[1.109450] (smart_agent_gazebo) StdoutLine: {'line': b'copying models/StorageRackCoverOpen/model.config -> /home/test/wf3/gazebo/agentsd_ws/install/smart_agent_gazebo/share/smart_agent_gazebo/models/StorageRackCoverOpen\n'}
[1.109597] (smart_agent_gazebo) StdoutLine: {'line': b'copying models/StorageRackCoverOpen/model.sdf -> /home/test/wf3/gazebo/agentsd_ws/install/smart_agent_gazebo/share/smart_agent_gazebo/models/StorageRackCoverOpen\n'}
[1.109742] (smart_agent_gazebo) StdoutLine: {'line': b'creating /home/test/wf3/gazebo/agentsd_ws/install/smart_agent_gazebo/share/smart_agent_gazebo/models/StorageRackCoverOpen/thumbnails\n'}
[1.109883] (smart_agent_gazebo) StdoutLine: {'line': b'copying models/StorageRackCoverOpen/thumbnails/2.png -> /home/test/wf3/gazebo/agentsd_ws/install/smart_agent_gazebo/share/smart_agent_gazebo/models/StorageRackCoverOpen/thumbnails\n'}
[1.110027] (smart_agent_gazebo) StdoutLine: {'line': b'copying models/StorageRackCoverOpen/thumbnails/1.png -> /home/test/wf3/gazebo/agentsd_ws/install/smart_agent_gazebo/share/smart_agent_gazebo/models/StorageRackCoverOpen/thumbnails\n'}
[1.110217] (smart_agent_gazebo) StdoutLine: {'line': b'copying models/StorageRackCoverOpen/thumbnails/4.png -> /home/test/wf3/gazebo/agentsd_ws/install/smart_agent_gazebo/share/smart_agent_gazebo/models/StorageRackCoverOpen/thumbnails\n'}
[1.110442] (smart_agent_gazebo) StdoutLine: {'line': b'copying models/StorageRackCoverOpen/thumbnails/3.png -> /home/test/wf3/gazebo/agentsd_ws/install/smart_agent_gazebo/share/smart_agent_gazebo/models/StorageRackCoverOpen/thumbnails\n'}
[1.110589] (smart_agent_gazebo) StdoutLine: {'line': b'copying models/StorageRackCoverOpen/thumbnails/5.png -> /home/test/wf3/gazebo/agentsd_ws/install/smart_agent_gazebo/share/smart_agent_gazebo/models/StorageRackCoverOpen/thumbnails\n'}
[1.110734] (smart_agent_gazebo) StdoutLine: {'line': b'creating /home/test/wf3/gazebo/agentsd_ws/install/smart_agent_gazebo/share/smart_agent_gazebo/models/StorageRackCoverOpen/meshes\n'}
[1.110876] (smart_agent_gazebo) StdoutLine: {'line': b'copying models/StorageRackCoverOpen/meshes/StorageRackCoverOpen.mtl -> /home/test/wf3/gazebo/agentsd_ws/install/smart_agent_gazebo/share/smart_agent_gazebo/models/StorageRackCoverOpen/meshes\n'}
[1.111016] (smart_agent_gazebo) StdoutLine: {'line': b'copying models/StorageRackCoverOpen/meshes/StorageRackCoverOpen.png -> /home/test/wf3/gazebo/agentsd_ws/install/smart_agent_gazebo/share/smart_agent_gazebo/models/StorageRackCoverOpen/meshes\n'}
[1.111155] (smart_agent_gazebo) StdoutLine: {'line': b'copying models/StorageRackCoverOpen/meshes/StorageRackCoverOpen.obj -> /home/test/wf3/gazebo/agentsd_ws/install/smart_agent_gazebo/share/smart_agent_gazebo/models/StorageRackCoverOpen/meshes\n'}
[1.111296] (smart_agent_gazebo) StdoutLine: {'line': b'creating /home/test/wf3/gazebo/agentsd_ws/install/smart_agent_gazebo/share/smart_agent_gazebo/models/aws_robomaker_residential_KitchenTable_01\n'}
[1.111438] (smart_agent_gazebo) StdoutLine: {'line': b'copying models/aws_robomaker_residential_KitchenTable_01/model.config -> /home/test/wf3/gazebo/agentsd_ws/install/smart_agent_gazebo/share/smart_agent_gazebo/models/aws_robomaker_residential_KitchenTable_01\n'}
[1.111572] (-) TimerEvent: {}
[1.111800] (smart_agent_gazebo) StdoutLine: {'line': b'copying models/aws_robomaker_residential_KitchenTable_01/model.sdf -> /home/test/wf3/gazebo/agentsd_ws/install/smart_agent_gazebo/share/smart_agent_gazebo/models/aws_robomaker_residential_KitchenTable_01\n'}
[1.111984] (smart_agent_gazebo) StdoutLine: {'line': b'creating /home/test/wf3/gazebo/agentsd_ws/install/smart_agent_gazebo/share/smart_agent_gazebo/models/aws_robomaker_residential_KitchenTable_01/materials\n'}
[1.112337] (smart_agent_gazebo) StdoutLine: {'line': b'creating /home/test/wf3/gazebo/agentsd_ws/install/smart_agent_gazebo/share/smart_agent_gazebo/models/aws_robomaker_residential_KitchenTable_01/materials/textures\n'}
[1.112480] (smart_agent_gazebo) StdoutLine: {'line': b'copying models/aws_robomaker_residential_KitchenTable_01/materials/textures/aws_KitchenTable_01.png -> /home/test/wf3/gazebo/agentsd_ws/install/smart_agent_gazebo/share/smart_agent_gazebo/models/aws_robomaker_residential_KitchenTable_01/materials/textures\n'}
[1.112626] (smart_agent_gazebo) StdoutLine: {'line': b'creating /home/test/wf3/gazebo/agentsd_ws/install/smart_agent_gazebo/share/smart_agent_gazebo/models/aws_robomaker_residential_KitchenTable_01/meshes\n'}
[1.112765] (smart_agent_gazebo) StdoutLine: {'line': b'copying models/aws_robomaker_residential_KitchenTable_01/meshes/aws_KitchenTable_01_visual.DAE -> /home/test/wf3/gazebo/agentsd_ws/install/smart_agent_gazebo/share/smart_agent_gazebo/models/aws_robomaker_residential_KitchenTable_01/meshes\n'}
[1.112907] (smart_agent_gazebo) StdoutLine: {'line': b'copying models/aws_robomaker_residential_KitchenTable_01/meshes/aws_KitchenTable_01_collision.DAE -> /home/test/wf3/gazebo/agentsd_ws/install/smart_agent_gazebo/share/smart_agent_gazebo/models/aws_robomaker_residential_KitchenTable_01/meshes\n'}
[1.113039] (smart_agent_gazebo) StdoutLine: {'line': b'creating /home/test/wf3/gazebo/agentsd_ws/install/smart_agent_gazebo/share/smart_agent_gazebo/models/aws_robomaker_residential_AirconditionerB_01\n'}
[1.113178] (smart_agent_gazebo) StdoutLine: {'line': b'copying models/aws_robomaker_residential_AirconditionerB_01/model.config -> /home/test/wf3/gazebo/agentsd_ws/install/smart_agent_gazebo/share/smart_agent_gazebo/models/aws_robomaker_residential_AirconditionerB_01\n'}
[1.113312] (smart_agent_gazebo) StdoutLine: {'line': b'copying models/aws_robomaker_residential_AirconditionerB_01/model.sdf -> /home/test/wf3/gazebo/agentsd_ws/install/smart_agent_gazebo/share/smart_agent_gazebo/models/aws_robomaker_residential_AirconditionerB_01\n'}
[1.113445] (smart_agent_gazebo) StdoutLine: {'line': b'creating /home/test/wf3/gazebo/agentsd_ws/install/smart_agent_gazebo/share/smart_agent_gazebo/models/aws_robomaker_residential_AirconditionerB_01/materials\n'}
[1.113579] (smart_agent_gazebo) StdoutLine: {'line': b'creating /home/test/wf3/gazebo/agentsd_ws/install/smart_agent_gazebo/share/smart_agent_gazebo/models/aws_robomaker_residential_AirconditionerB_01/materials/textures\n'}
[1.113710] (smart_agent_gazebo) StdoutLine: {'line': b'copying models/aws_robomaker_residential_AirconditionerB_01/materials/textures/aws_AirconditionerB_01.png -> /home/test/wf3/gazebo/agentsd_ws/install/smart_agent_gazebo/share/smart_agent_gazebo/models/aws_robomaker_residential_AirconditionerB_01/materials/textures\n'}
[1.113844] (smart_agent_gazebo) StdoutLine: {'line': b'creating /home/test/wf3/gazebo/agentsd_ws/install/smart_agent_gazebo/share/smart_agent_gazebo/models/aws_robomaker_residential_AirconditionerB_01/meshes\n'}
[1.113978] (smart_agent_gazebo) StdoutLine: {'line': b'copying models/aws_robomaker_residential_AirconditionerB_01/meshes/aws_AirconditionerB_01_visual.DAE -> /home/test/wf3/gazebo/agentsd_ws/install/smart_agent_gazebo/share/smart_agent_gazebo/models/aws_robomaker_residential_AirconditionerB_01/meshes\n'}
[1.114118] (smart_agent_gazebo) StdoutLine: {'line': b'copying models/aws_robomaker_residential_AirconditionerB_01/meshes/aws_AirconditionerB_01_collision.DAE -> /home/test/wf3/gazebo/agentsd_ws/install/smart_agent_gazebo/share/smart_agent_gazebo/models/aws_robomaker_residential_AirconditionerB_01/meshes\n'}
[1.114255] (smart_agent_gazebo) StdoutLine: {'line': b'creating /home/test/wf3/gazebo/agentsd_ws/install/smart_agent_gazebo/share/smart_agent_gazebo/models/aws_robomaker_residential_PortraitB_01\n'}
[1.114382] (smart_agent_gazebo) StdoutLine: {'line': b'copying models/aws_robomaker_residential_PortraitB_01/model.config -> /home/test/wf3/gazebo/agentsd_ws/install/smart_agent_gazebo/share/smart_agent_gazebo/models/aws_robomaker_residential_PortraitB_01\n'}
[1.114520] (smart_agent_gazebo) StdoutLine: {'line': b'copying models/aws_robomaker_residential_PortraitB_01/model.sdf -> /home/test/wf3/gazebo/agentsd_ws/install/smart_agent_gazebo/share/smart_agent_gazebo/models/aws_robomaker_residential_PortraitB_01\n'}
[1.114662] (smart_agent_gazebo) StdoutLine: {'line': b'creating /home/test/wf3/gazebo/agentsd_ws/install/smart_agent_gazebo/share/smart_agent_gazebo/models/aws_robomaker_residential_PortraitB_01/materials\n'}
[1.114808] (smart_agent_gazebo) StdoutLine: {'line': b'creating /home/test/wf3/gazebo/agentsd_ws/install/smart_agent_gazebo/share/smart_agent_gazebo/models/aws_robomaker_residential_PortraitB_01/materials/textures\n'}
[1.114955] (smart_agent_gazebo) StdoutLine: {'line': b'copying models/aws_robomaker_residential_PortraitB_01/materials/textures/aws_PortraitB_02.png -> /home/test/wf3/gazebo/agentsd_ws/install/smart_agent_gazebo/share/smart_agent_gazebo/models/aws_robomaker_residential_PortraitB_01/materials/textures\n'}
[1.115101] (smart_agent_gazebo) StdoutLine: {'line': b'copying models/aws_robomaker_residential_PortraitB_01/materials/textures/aws_PortraitB_01.png -> /home/test/wf3/gazebo/agentsd_ws/install/smart_agent_gazebo/share/smart_agent_gazebo/models/aws_robomaker_residential_PortraitB_01/materials/textures\n'}
[1.115335] (smart_agent_gazebo) StdoutLine: {'line': b'creating /home/test/wf3/gazebo/agentsd_ws/install/smart_agent_gazebo/share/smart_agent_gazebo/models/aws_robomaker_residential_PortraitB_01/meshes\n'}
[1.115474] (smart_agent_gazebo) StdoutLine: {'line': b'copying models/aws_robomaker_residential_PortraitB_01/meshes/aws_PortraitB_01_collision.DAE -> /home/test/wf3/gazebo/agentsd_ws/install/smart_agent_gazebo/share/smart_agent_gazebo/models/aws_robomaker_residential_PortraitB_01/meshes\n'}
[1.115683] (smart_agent_gazebo) StdoutLine: {'line': b'copying models/aws_robomaker_residential_PortraitB_01/meshes/aws_PortraitB_01_visual.DAE -> /home/test/wf3/gazebo/agentsd_ws/install/smart_agent_gazebo/share/smart_agent_gazebo/models/aws_robomaker_residential_PortraitB_01/meshes\n'}
[1.115836] (smart_agent_gazebo) StdoutLine: {'line': b'creating /home/test/wf3/gazebo/agentsd_ws/install/smart_agent_gazebo/share/smart_agent_gazebo/models/aws_robomaker_residential_Rangehood_01\n'}
[1.115981] (smart_agent_gazebo) StdoutLine: {'line': b'copying models/aws_robomaker_residential_Rangehood_01/model.config -> /home/test/wf3/gazebo/agentsd_ws/install/smart_agent_gazebo/share/smart_agent_gazebo/models/aws_robomaker_residential_Rangehood_01\n'}
[1.116123] (smart_agent_gazebo) StdoutLine: {'line': b'copying models/aws_robomaker_residential_Rangehood_01/model.sdf -> /home/test/wf3/gazebo/agentsd_ws/install/smart_agent_gazebo/share/smart_agent_gazebo/models/aws_robomaker_residential_Rangehood_01\n'}
[1.116267] (smart_agent_gazebo) StdoutLine: {'line': b'creating /home/test/wf3/gazebo/agentsd_ws/install/smart_agent_gazebo/share/smart_agent_gazebo/models/aws_robomaker_residential_Rangehood_01/materials\n'}
[1.116407] (smart_agent_gazebo) StdoutLine: {'line': b'creating /home/test/wf3/gazebo/agentsd_ws/install/smart_agent_gazebo/share/smart_agent_gazebo/models/aws_robomaker_residential_Rangehood_01/materials/textures\n'}
[1.116547] (smart_agent_gazebo) StdoutLine: {'line': b'copying models/aws_robomaker_residential_Rangehood_01/materials/textures/aws_Rangehood_01.png -> /home/test/wf3/gazebo/agentsd_ws/install/smart_agent_gazebo/share/smart_agent_gazebo/models/aws_robomaker_residential_Rangehood_01/materials/textures\n'}
[1.116694] (smart_agent_gazebo) StdoutLine: {'line': b'creating /home/test/wf3/gazebo/agentsd_ws/install/smart_agent_gazebo/share/smart_agent_gazebo/models/aws_robomaker_residential_Rangehood_01/meshes\n'}
[1.116835] (smart_agent_gazebo) StdoutLine: {'line': b'copying models/aws_robomaker_residential_Rangehood_01/meshes/aws_Rangehood_01_collision.DAE -> /home/test/wf3/gazebo/agentsd_ws/install/smart_agent_gazebo/share/smart_agent_gazebo/models/aws_robomaker_residential_Rangehood_01/meshes\n'}
[1.117014] (smart_agent_gazebo) StdoutLine: {'line': b'copying models/aws_robomaker_residential_Rangehood_01/meshes/aws_Rangehood_01_visual.DAE -> /home/test/wf3/gazebo/agentsd_ws/install/smart_agent_gazebo/share/smart_agent_gazebo/models/aws_robomaker_residential_Rangehood_01/meshes\n'}
[1.117153] (smart_agent_gazebo) StdoutLine: {'line': b'creating /home/test/wf3/gazebo/agentsd_ws/install/smart_agent_gazebo/share/smart_agent_gazebo/models/aws_robomaker_residential_Curtain_01\n'}
[1.117293] (smart_agent_gazebo) StdoutLine: {'line': b'copying models/aws_robomaker_residential_Curtain_01/model.config -> /home/test/wf3/gazebo/agentsd_ws/install/smart_agent_gazebo/share/smart_agent_gazebo/models/aws_robomaker_residential_Curtain_01\n'}
[1.117437] (smart_agent_gazebo) StdoutLine: {'line': b'copying models/aws_robomaker_residential_Curtain_01/model.sdf -> /home/test/wf3/gazebo/agentsd_ws/install/smart_agent_gazebo/share/smart_agent_gazebo/models/aws_robomaker_residential_Curtain_01\n'}
[1.117582] (smart_agent_gazebo) StdoutLine: {'line': b'creating /home/test/wf3/gazebo/agentsd_ws/install/smart_agent_gazebo/share/smart_agent_gazebo/models/aws_robomaker_residential_Curtain_01/materials\n'}
[1.117722] (smart_agent_gazebo) StdoutLine: {'line': b'creating /home/test/wf3/gazebo/agentsd_ws/install/smart_agent_gazebo/share/smart_agent_gazebo/models/aws_robomaker_residential_Curtain_01/materials/textures\n'}
[1.117861] (smart_agent_gazebo) StdoutLine: {'line': b'copying models/aws_robomaker_residential_Curtain_01/materials/textures/aws_Curtain_01.png -> /home/test/wf3/gazebo/agentsd_ws/install/smart_agent_gazebo/share/smart_agent_gazebo/models/aws_robomaker_residential_Curtain_01/materials/textures\n'}
[1.118000] (smart_agent_gazebo) StdoutLine: {'line': b'creating /home/test/wf3/gazebo/agentsd_ws/install/smart_agent_gazebo/share/smart_agent_gazebo/models/aws_robomaker_residential_Curtain_01/meshes\n'}
[1.118149] (smart_agent_gazebo) StdoutLine: {'line': b'copying models/aws_robomaker_residential_Curtain_01/meshes/aws_Curtain_01_visual.DAE -> /home/test/wf3/gazebo/agentsd_ws/install/smart_agent_gazebo/share/smart_agent_gazebo/models/aws_robomaker_residential_Curtain_01/meshes\n'}
[1.118526] (smart_agent_gazebo) StdoutLine: {'line': b'copying models/aws_robomaker_residential_Curtain_01/meshes/aws_Curtain_01_collision.DAE -> /home/test/wf3/gazebo/agentsd_ws/install/smart_agent_gazebo/share/smart_agent_gazebo/models/aws_robomaker_residential_Curtain_01/meshes\n'}
[1.118716] (smart_agent_gazebo) StdoutLine: {'line': b'creating /home/test/wf3/gazebo/agentsd_ws/install/smart_agent_gazebo/share/smart_agent_gazebo/models/aws_robomaker_residential_ChairA_01\n'}
[1.118857] (smart_agent_gazebo) StdoutLine: {'line': b'copying models/aws_robomaker_residential_ChairA_01/model.config -> /home/test/wf3/gazebo/agentsd_ws/install/smart_agent_gazebo/share/smart_agent_gazebo/models/aws_robomaker_residential_ChairA_01\n'}
[1.119036] (smart_agent_gazebo) StdoutLine: {'line': b'copying models/aws_robomaker_residential_ChairA_01/model.sdf -> /home/test/wf3/gazebo/agentsd_ws/install/smart_agent_gazebo/share/smart_agent_gazebo/models/aws_robomaker_residential_ChairA_01\n'}
[1.119185] (smart_agent_gazebo) StdoutLine: {'line': b'creating /home/test/wf3/gazebo/agentsd_ws/install/smart_agent_gazebo/share/smart_agent_gazebo/models/aws_robomaker_residential_ChairA_01/materials\n'}
[1.119338] (smart_agent_gazebo) StdoutLine: {'line': b'creating /home/test/wf3/gazebo/agentsd_ws/install/smart_agent_gazebo/share/smart_agent_gazebo/models/aws_robomaker_residential_ChairA_01/materials/textures\n'}
[1.119482] (smart_agent_gazebo) StdoutLine: {'line': b'copying models/aws_robomaker_residential_ChairA_01/materials/textures/aws_ChairA_01.png -> /home/test/wf3/gazebo/agentsd_ws/install/smart_agent_gazebo/share/smart_agent_gazebo/models/aws_robomaker_residential_ChairA_01/materials/textures\n'}
[1.119627] (smart_agent_gazebo) StdoutLine: {'line': b'creating /home/test/wf3/gazebo/agentsd_ws/install/smart_agent_gazebo/share/smart_agent_gazebo/models/aws_robomaker_residential_ChairA_01/meshes\n'}
[1.119833] (smart_agent_gazebo) StdoutLine: {'line': b'copying models/aws_robomaker_residential_ChairA_01/meshes/aws_ChairA_01_collision.DAE -> /home/test/wf3/gazebo/agentsd_ws/install/smart_agent_gazebo/share/smart_agent_gazebo/models/aws_robomaker_residential_ChairA_01/meshes\n'}
[1.120051] (smart_agent_gazebo) StdoutLine: {'line': b'copying models/aws_robomaker_residential_ChairA_01/meshes/aws_ChairA_01_visual.DAE -> /home/test/wf3/gazebo/agentsd_ws/install/smart_agent_gazebo/share/smart_agent_gazebo/models/aws_robomaker_residential_ChairA_01/meshes\n'}
[1.120187] (smart_agent_gazebo) StdoutLine: {'line': b'creating /home/test/wf3/gazebo/agentsd_ws/install/smart_agent_gazebo/share/smart_agent_gazebo/models/KitchenSink\n'}
[1.120329] (smart_agent_gazebo) StdoutLine: {'line': b'copying models/KitchenSink/model.config -> /home/test/wf3/gazebo/agentsd_ws/install/smart_agent_gazebo/share/smart_agent_gazebo/models/KitchenSink\n'}
[1.120471] (smart_agent_gazebo) StdoutLine: {'line': b'copying models/KitchenSink/model.sdf -> /home/test/wf3/gazebo/agentsd_ws/install/smart_agent_gazebo/share/smart_agent_gazebo/models/KitchenSink\n'}
[1.120614] (smart_agent_gazebo) StdoutLine: {'line': b'creating /home/test/wf3/gazebo/agentsd_ws/install/smart_agent_gazebo/share/smart_agent_gazebo/models/KitchenSink/thumbnails\n'}
[1.120752] (smart_agent_gazebo) StdoutLine: {'line': b'copying models/KitchenSink/thumbnails/2.png -> /home/test/wf3/gazebo/agentsd_ws/install/smart_agent_gazebo/share/smart_agent_gazebo/models/KitchenSink/thumbnails\n'}
[1.120891] (smart_agent_gazebo) StdoutLine: {'line': b'copying models/KitchenSink/thumbnails/1.png -> /home/test/wf3/gazebo/agentsd_ws/install/smart_agent_gazebo/share/smart_agent_gazebo/models/KitchenSink/thumbnails\n'}
[1.121034] (smart_agent_gazebo) StdoutLine: {'line': b'copying models/KitchenSink/thumbnails/4.png -> /home/test/wf3/gazebo/agentsd_ws/install/smart_agent_gazebo/share/smart_agent_gazebo/models/KitchenSink/thumbnails\n'}
[1.121171] (smart_agent_gazebo) StdoutLine: {'line': b'copying models/KitchenSink/thumbnails/3.png -> /home/test/wf3/gazebo/agentsd_ws/install/smart_agent_gazebo/share/smart_agent_gazebo/models/KitchenSink/thumbnails\n'}
[1.121309] (smart_agent_gazebo) StdoutLine: {'line': b'copying models/KitchenSink/thumbnails/5.png -> /home/test/wf3/gazebo/agentsd_ws/install/smart_agent_gazebo/share/smart_agent_gazebo/models/KitchenSink/thumbnails\n'}
[1.121450] (smart_agent_gazebo) StdoutLine: {'line': b'creating /home/test/wf3/gazebo/agentsd_ws/install/smart_agent_gazebo/share/smart_agent_gazebo/models/KitchenSink/meshes\n'}
[1.121592] (smart_agent_gazebo) StdoutLine: {'line': b'copying models/KitchenSink/meshes/kitchenSink.obj -> /home/test/wf3/gazebo/agentsd_ws/install/smart_agent_gazebo/share/smart_agent_gazebo/models/KitchenSink/meshes\n'}
[1.121735] (smart_agent_gazebo) StdoutLine: {'line': b'copying models/KitchenSink/meshes/kitchenSink.mtl -> /home/test/wf3/gazebo/agentsd_ws/install/smart_agent_gazebo/share/smart_agent_gazebo/models/KitchenSink/meshes\n'}
[1.121875] (smart_agent_gazebo) StdoutLine: {'line': b'creating /home/test/wf3/gazebo/agentsd_ws/install/smart_agent_gazebo/share/smart_agent_gazebo/models/aws_robomaker_residential_Wardrobe_01\n'}
[1.122012] (smart_agent_gazebo) StdoutLine: {'line': b'copying models/aws_robomaker_residential_Wardrobe_01/model.config -> /home/test/wf3/gazebo/agentsd_ws/install/smart_agent_gazebo/share/smart_agent_gazebo/models/aws_robomaker_residential_Wardrobe_01\n'}
[1.122198] (smart_agent_gazebo) StdoutLine: {'line': b'copying models/aws_robomaker_residential_Wardrobe_01/model.sdf -> /home/test/wf3/gazebo/agentsd_ws/install/smart_agent_gazebo/share/smart_agent_gazebo/models/aws_robomaker_residential_Wardrobe_01\n'}
[1.122382] (smart_agent_gazebo) StdoutLine: {'line': b'creating /home/test/wf3/gazebo/agentsd_ws/install/smart_agent_gazebo/share/smart_agent_gazebo/models/aws_robomaker_residential_Wardrobe_01/materials\n'}
[1.122534] (smart_agent_gazebo) StdoutLine: {'line': b'creating /home/test/wf3/gazebo/agentsd_ws/install/smart_agent_gazebo/share/smart_agent_gazebo/models/aws_robomaker_residential_Wardrobe_01/materials/textures\n'}
[1.122675] (smart_agent_gazebo) StdoutLine: {'line': b'copying models/aws_robomaker_residential_Wardrobe_01/materials/textures/aws_Wardrobe_01.png -> /home/test/wf3/gazebo/agentsd_ws/install/smart_agent_gazebo/share/smart_agent_gazebo/models/aws_robomaker_residential_Wardrobe_01/materials/textures\n'}
[1.122819] (smart_agent_gazebo) StdoutLine: {'line': b'creating /home/test/wf3/gazebo/agentsd_ws/install/smart_agent_gazebo/share/smart_agent_gazebo/models/aws_robomaker_residential_Wardrobe_01/meshes\n'}
[1.122958] (smart_agent_gazebo) StdoutLine: {'line': b'copying models/aws_robomaker_residential_Wardrobe_01/meshes/aws_Wardrobe_01_visual.DAE -> /home/test/wf3/gazebo/agentsd_ws/install/smart_agent_gazebo/share/smart_agent_gazebo/models/aws_robomaker_residential_Wardrobe_01/meshes\n'}
[1.123107] (smart_agent_gazebo) StdoutLine: {'line': b'copying models/aws_robomaker_residential_Wardrobe_01/meshes/aws_Wardrobe_01_collision.DAE -> /home/test/wf3/gazebo/agentsd_ws/install/smart_agent_gazebo/share/smart_agent_gazebo/models/aws_robomaker_residential_Wardrobe_01/meshes\n'}
[1.123260] (smart_agent_gazebo) StdoutLine: {'line': b'creating /home/test/wf3/gazebo/agentsd_ws/install/smart_agent_gazebo/share/smart_agent_gazebo/models/aws_robomaker_residential_Carpet_01\n'}
[1.123406] (smart_agent_gazebo) StdoutLine: {'line': b'copying models/aws_robomaker_residential_Carpet_01/model.config -> /home/test/wf3/gazebo/agentsd_ws/install/smart_agent_gazebo/share/smart_agent_gazebo/models/aws_robomaker_residential_Carpet_01\n'}
[1.123550] (smart_agent_gazebo) StdoutLine: {'line': b'copying models/aws_robomaker_residential_Carpet_01/model.sdf -> /home/test/wf3/gazebo/agentsd_ws/install/smart_agent_gazebo/share/smart_agent_gazebo/models/aws_robomaker_residential_Carpet_01\n'}
[1.123691] (smart_agent_gazebo) StdoutLine: {'line': b'creating /home/test/wf3/gazebo/agentsd_ws/install/smart_agent_gazebo/share/smart_agent_gazebo/models/aws_robomaker_residential_Carpet_01/materials\n'}
[1.123831] (smart_agent_gazebo) StdoutLine: {'line': b'creating /home/test/wf3/gazebo/agentsd_ws/install/smart_agent_gazebo/share/smart_agent_gazebo/models/aws_robomaker_residential_Carpet_01/materials/textures\n'}
[1.123974] (smart_agent_gazebo) StdoutLine: {'line': b'copying models/aws_robomaker_residential_Carpet_01/materials/textures/aws_Carpet_01.png -> /home/test/wf3/gazebo/agentsd_ws/install/smart_agent_gazebo/share/smart_agent_gazebo/models/aws_robomaker_residential_Carpet_01/materials/textures\n'}
[1.124115] (smart_agent_gazebo) StdoutLine: {'line': b'creating /home/test/wf3/gazebo/agentsd_ws/install/smart_agent_gazebo/share/smart_agent_gazebo/models/aws_robomaker_residential_Carpet_01/meshes\n'}
[1.124253] (smart_agent_gazebo) StdoutLine: {'line': b'copying models/aws_robomaker_residential_Carpet_01/meshes/aws_Carpet_01_visual.DAE -> /home/test/wf3/gazebo/agentsd_ws/install/smart_agent_gazebo/share/smart_agent_gazebo/models/aws_robomaker_residential_Carpet_01/meshes\n'}
[1.124393] (smart_agent_gazebo) StdoutLine: {'line': b'copying models/aws_robomaker_residential_Carpet_01/meshes/aws_Carpet_01_collision.DAE -> /home/test/wf3/gazebo/agentsd_ws/install/smart_agent_gazebo/share/smart_agent_gazebo/models/aws_robomaker_residential_Carpet_01/meshes\n'}
[1.124534] (smart_agent_gazebo) StdoutLine: {'line': b'creating /home/test/wf3/gazebo/agentsd_ws/install/smart_agent_gazebo/share/smart_agent_gazebo/models/aws_robomaker_residential_SecurityCamera_01\n'}
[1.124674] (smart_agent_gazebo) StdoutLine: {'line': b'copying models/aws_robomaker_residential_SecurityCamera_01/model.config -> /home/test/wf3/gazebo/agentsd_ws/install/smart_agent_gazebo/share/smart_agent_gazebo/models/aws_robomaker_residential_SecurityCamera_01\n'}
[1.124813] (smart_agent_gazebo) StdoutLine: {'line': b'copying models/aws_robomaker_residential_SecurityCamera_01/model.sdf -> /home/test/wf3/gazebo/agentsd_ws/install/smart_agent_gazebo/share/smart_agent_gazebo/models/aws_robomaker_residential_SecurityCamera_01\n'}
[1.125017] (smart_agent_gazebo) StdoutLine: {'line': b'creating /home/test/wf3/gazebo/agentsd_ws/install/smart_agent_gazebo/share/smart_agent_gazebo/models/aws_robomaker_residential_SecurityCamera_01/materials\n'}
[1.125150] (smart_agent_gazebo) StdoutLine: {'line': b'creating /home/test/wf3/gazebo/agentsd_ws/install/smart_agent_gazebo/share/smart_agent_gazebo/models/aws_robomaker_residential_SecurityCamera_01/materials/textures\n'}
[1.125281] (smart_agent_gazebo) StdoutLine: {'line': b'copying models/aws_robomaker_residential_SecurityCamera_01/materials/textures/aws_SecurityCamera_01.png -> /home/test/wf3/gazebo/agentsd_ws/install/smart_agent_gazebo/share/smart_agent_gazebo/models/aws_robomaker_residential_SecurityCamera_01/materials/textures\n'}
[1.125425] (smart_agent_gazebo) StdoutLine: {'line': b'creating /home/test/wf3/gazebo/agentsd_ws/install/smart_agent_gazebo/share/smart_agent_gazebo/models/aws_robomaker_residential_SecurityCamera_01/meshes\n'}
[1.125615] (smart_agent_gazebo) StdoutLine: {'line': b'copying models/aws_robomaker_residential_SecurityCamera_01/meshes/aws_SecurityCamera_01_visual.DAE -> /home/test/wf3/gazebo/agentsd_ws/install/smart_agent_gazebo/share/smart_agent_gazebo/models/aws_robomaker_residential_SecurityCamera_01/meshes\n'}
[1.125761] (smart_agent_gazebo) StdoutLine: {'line': b'copying models/aws_robomaker_residential_SecurityCamera_01/meshes/aws_SecurityCamera_01_collision.DAE -> /home/test/wf3/gazebo/agentsd_ws/install/smart_agent_gazebo/share/smart_agent_gazebo/models/aws_robomaker_residential_SecurityCamera_01/meshes\n'}
[1.125895] (smart_agent_gazebo) StdoutLine: {'line': b'creating /home/test/wf3/gazebo/agentsd_ws/install/smart_agent_gazebo/share/smart_agent_gazebo/models/BPCart\n'}
[1.126026] (smart_agent_gazebo) StdoutLine: {'line': b'copying models/BPCart/model.config -> /home/test/wf3/gazebo/agentsd_ws/install/smart_agent_gazebo/share/smart_agent_gazebo/models/BPCart\n'}
[1.126166] (smart_agent_gazebo) StdoutLine: {'line': b'copying models/BPCart/model.sdf -> /home/test/wf3/gazebo/agentsd_ws/install/smart_agent_gazebo/share/smart_agent_gazebo/models/BPCart\n'}
[1.126298] (smart_agent_gazebo) StdoutLine: {'line': b'creating /home/test/wf3/gazebo/agentsd_ws/install/smart_agent_gazebo/share/smart_agent_gazebo/models/BPCart/thumbnails\n'}
[1.126460] (smart_agent_gazebo) StdoutLine: {'line': b'copying models/BPCart/thumbnails/2.png -> /home/test/wf3/gazebo/agentsd_ws/install/smart_agent_gazebo/share/smart_agent_gazebo/models/BPCart/thumbnails\n'}
[1.126589] (smart_agent_gazebo) StdoutLine: {'line': b'copying models/BPCart/thumbnails/1.png -> /home/test/wf3/gazebo/agentsd_ws/install/smart_agent_gazebo/share/smart_agent_gazebo/models/BPCart/thumbnails\n'}
[1.126723] (smart_agent_gazebo) StdoutLine: {'line': b'copying models/BPCart/thumbnails/4.png -> /home/test/wf3/gazebo/agentsd_ws/install/smart_agent_gazebo/share/smart_agent_gazebo/models/BPCart/thumbnails\n'}
[1.126862] (smart_agent_gazebo) StdoutLine: {'line': b'copying models/BPCart/thumbnails/3.png -> /home/test/wf3/gazebo/agentsd_ws/install/smart_agent_gazebo/share/smart_agent_gazebo/models/BPCart/thumbnails\n'}
[1.126999] (smart_agent_gazebo) StdoutLine: {'line': b'copying models/BPCart/thumbnails/5.png -> /home/test/wf3/gazebo/agentsd_ws/install/smart_agent_gazebo/share/smart_agent_gazebo/models/BPCart/thumbnails\n'}
[1.127141] (smart_agent_gazebo) StdoutLine: {'line': b'creating /home/test/wf3/gazebo/agentsd_ws/install/smart_agent_gazebo/share/smart_agent_gazebo/models/BPCart/meshes\n'}
[1.127278] (smart_agent_gazebo) StdoutLine: {'line': b'copying models/BPCart/meshes/Cart_BP_Col.obj -> /home/test/wf3/gazebo/agentsd_ws/install/smart_agent_gazebo/share/smart_agent_gazebo/models/BPCart/meshes\n'}
[1.127421] (smart_agent_gazebo) StdoutLine: {'line': b'copying models/BPCart/meshes/Cart_BP.obj -> /home/test/wf3/gazebo/agentsd_ws/install/smart_agent_gazebo/share/smart_agent_gazebo/models/BPCart/meshes\n'}
[1.127558] (smart_agent_gazebo) StdoutLine: {'line': b'copying models/BPCart/meshes/BP_BP_LP_Normal.png -> /home/test/wf3/gazebo/agentsd_ws/install/smart_agent_gazebo/share/smart_agent_gazebo/models/BPCart/meshes\n'}
[1.127725] (smart_agent_gazebo) StdoutLine: {'line': b'copying models/BPCart/meshes/Carts_Wheels_Diffuse.png -> /home/test/wf3/gazebo/agentsd_ws/install/smart_agent_gazebo/share/smart_agent_gazebo/models/BPCart/meshes\n'}
[1.127861] (smart_agent_gazebo) StdoutLine: {'line': b'copying models/BPCart/meshes/Cart_BP.mtl -> /home/test/wf3/gazebo/agentsd_ws/install/smart_agent_gazebo/share/smart_agent_gazebo/models/BPCart/meshes\n'}
[1.127996] (smart_agent_gazebo) StdoutLine: {'line': b'copying models/BPCart/meshes/BP_BP_LP_SpecularGloss.png -> /home/test/wf3/gazebo/agentsd_ws/install/smart_agent_gazebo/share/smart_agent_gazebo/models/BPCart/meshes\n'}
[1.128133] (smart_agent_gazebo) StdoutLine: {'line': b'copying models/BPCart/meshes/Cart_BP_Col.mtl -> /home/test/wf3/gazebo/agentsd_ws/install/smart_agent_gazebo/share/smart_agent_gazebo/models/BPCart/meshes\n'}
[1.128274] (smart_agent_gazebo) StdoutLine: {'line': b'copying models/BPCart/meshes/Cart_BP_Diffuse.png -> /home/test/wf3/gazebo/agentsd_ws/install/smart_agent_gazebo/share/smart_agent_gazebo/models/BPCart/meshes\n'}
[1.128410] (smart_agent_gazebo) StdoutLine: {'line': b'creating /home/test/wf3/gazebo/agentsd_ws/install/smart_agent_gazebo/share/smart_agent_gazebo/models/aws_robomaker_residential_Board_01\n'}
[1.128552] (smart_agent_gazebo) StdoutLine: {'line': b'copying models/aws_robomaker_residential_Board_01/model.config -> /home/test/wf3/gazebo/agentsd_ws/install/smart_agent_gazebo/share/smart_agent_gazebo/models/aws_robomaker_residential_Board_01\n'}
[1.128693] (smart_agent_gazebo) StdoutLine: {'line': b'copying models/aws_robomaker_residential_Board_01/model.sdf -> /home/test/wf3/gazebo/agentsd_ws/install/smart_agent_gazebo/share/smart_agent_gazebo/models/aws_robomaker_residential_Board_01\n'}
[1.128831] (smart_agent_gazebo) StdoutLine: {'line': b'creating /home/test/wf3/gazebo/agentsd_ws/install/smart_agent_gazebo/share/smart_agent_gazebo/models/aws_robomaker_residential_Board_01/materials\n'}
[1.128970] (smart_agent_gazebo) StdoutLine: {'line': b'creating /home/test/wf3/gazebo/agentsd_ws/install/smart_agent_gazebo/share/smart_agent_gazebo/models/aws_robomaker_residential_Board_01/materials/textures\n'}
[1.129146] (smart_agent_gazebo) StdoutLine: {'line': b'copying models/aws_robomaker_residential_Board_01/materials/textures/aws_Board_01.png -> /home/test/wf3/gazebo/agentsd_ws/install/smart_agent_gazebo/share/smart_agent_gazebo/models/aws_robomaker_residential_Board_01/materials/textures\n'}
[1.129278] (smart_agent_gazebo) StdoutLine: {'line': b'creating /home/test/wf3/gazebo/agentsd_ws/install/smart_agent_gazebo/share/smart_agent_gazebo/models/aws_robomaker_residential_Board_01/meshes\n'}
[1.129643] (smart_agent_gazebo) StdoutLine: {'line': b'copying models/aws_robomaker_residential_Board_01/meshes/aws_Board_01_collision.DAE -> /home/test/wf3/gazebo/agentsd_ws/install/smart_agent_gazebo/share/smart_agent_gazebo/models/aws_robomaker_residential_Board_01/meshes\n'}
[1.129771] (smart_agent_gazebo) StdoutLine: {'line': b'copying models/aws_robomaker_residential_Board_01/meshes/aws_Board_01_visual.DAE -> /home/test/wf3/gazebo/agentsd_ws/install/smart_agent_gazebo/share/smart_agent_gazebo/models/aws_robomaker_residential_Board_01/meshes\n'}
[1.129894] (smart_agent_gazebo) StdoutLine: {'line': b'creating /home/test/wf3/gazebo/agentsd_ws/install/smart_agent_gazebo/share/smart_agent_gazebo/models/ParkingTrolleyMin\n'}
[1.130017] (smart_agent_gazebo) StdoutLine: {'line': b'copying models/ParkingTrolleyMin/model.config -> /home/test/wf3/gazebo/agentsd_ws/install/smart_agent_gazebo/share/smart_agent_gazebo/models/ParkingTrolleyMin\n'}
[1.130176] (smart_agent_gazebo) StdoutLine: {'line': b'copying models/ParkingTrolleyMin/model.sdf -> /home/test/wf3/gazebo/agentsd_ws/install/smart_agent_gazebo/share/smart_agent_gazebo/models/ParkingTrolleyMin\n'}
[1.130310] (smart_agent_gazebo) StdoutLine: {'line': b'creating /home/test/wf3/gazebo/agentsd_ws/install/smart_agent_gazebo/share/smart_agent_gazebo/models/ParkingTrolleyMin/thumbnails\n'}
[1.130479] (smart_agent_gazebo) StdoutLine: {'line': b'copying models/ParkingTrolleyMin/thumbnails/2.png -> /home/test/wf3/gazebo/agentsd_ws/install/smart_agent_gazebo/share/smart_agent_gazebo/models/ParkingTrolleyMin/thumbnails\n'}
[1.130596] (smart_agent_gazebo) StdoutLine: {'line': b'copying models/ParkingTrolleyMin/thumbnails/1.png -> /home/test/wf3/gazebo/agentsd_ws/install/smart_agent_gazebo/share/smart_agent_gazebo/models/ParkingTrolleyMin/thumbnails\n'}
[1.130713] (smart_agent_gazebo) StdoutLine: {'line': b'copying models/ParkingTrolleyMin/thumbnails/4.png -> /home/test/wf3/gazebo/agentsd_ws/install/smart_agent_gazebo/share/smart_agent_gazebo/models/ParkingTrolleyMin/thumbnails\n'}
[1.130832] (smart_agent_gazebo) StdoutLine: {'line': b'copying models/ParkingTrolleyMin/thumbnails/3.png -> /home/test/wf3/gazebo/agentsd_ws/install/smart_agent_gazebo/share/smart_agent_gazebo/models/ParkingTrolleyMin/thumbnails\n'}
[1.130956] (smart_agent_gazebo) StdoutLine: {'line': b'copying models/ParkingTrolleyMin/thumbnails/5.png -> /home/test/wf3/gazebo/agentsd_ws/install/smart_agent_gazebo/share/smart_agent_gazebo/models/ParkingTrolleyMin/thumbnails\n'}
[1.131079] (smart_agent_gazebo) StdoutLine: {'line': b'creating /home/test/wf3/gazebo/agentsd_ws/install/smart_agent_gazebo/share/smart_agent_gazebo/models/ParkingTrolleyMin/meshes\n'}
[1.131203] (smart_agent_gazebo) StdoutLine: {'line': b'copying models/ParkingTrolleyMin/meshes/potato.png -> /home/test/wf3/gazebo/agentsd_ws/install/smart_agent_gazebo/share/smart_agent_gazebo/models/ParkingTrolleyMin/meshes\n'}
[1.131330] (smart_agent_gazebo) StdoutLine: {'line': b'copying models/ParkingTrolleyMin/meshes/trolleymin.obj -> /home/test/wf3/gazebo/agentsd_ws/install/smart_agent_gazebo/share/smart_agent_gazebo/models/ParkingTrolleyMin/meshes\n'}
[1.131456] (smart_agent_gazebo) StdoutLine: {'line': b'copying models/ParkingTrolleyMin/meshes/trolleymin.mtl -> /home/test/wf3/gazebo/agentsd_ws/install/smart_agent_gazebo/share/smart_agent_gazebo/models/ParkingTrolleyMin/meshes\n'}
[1.131579] (smart_agent_gazebo) StdoutLine: {'line': b'copying models/ParkingTrolleyMin/meshes/texture.png -> /home/test/wf3/gazebo/agentsd_ws/install/smart_agent_gazebo/share/smart_agent_gazebo/models/ParkingTrolleyMin/meshes\n'}
[1.131704] (smart_agent_gazebo) StdoutLine: {'line': b'copying models/ParkingTrolleyMin/meshes/bag.png -> /home/test/wf3/gazebo/agentsd_ws/install/smart_agent_gazebo/share/smart_agent_gazebo/models/ParkingTrolleyMin/meshes\n'}
[1.131825] (smart_agent_gazebo) StdoutLine: {'line': b'creating /home/test/wf3/gazebo/agentsd_ws/install/smart_agent_gazebo/share/smart_agent_gazebo/models/aws_robomaker_residential_PortraitB_02\n'}
[1.131947] (smart_agent_gazebo) StdoutLine: {'line': b'copying models/aws_robomaker_residential_PortraitB_02/model.config -> /home/test/wf3/gazebo/agentsd_ws/install/smart_agent_gazebo/share/smart_agent_gazebo/models/aws_robomaker_residential_PortraitB_02\n'}
[1.132068] (smart_agent_gazebo) StdoutLine: {'line': b'copying models/aws_robomaker_residential_PortraitB_02/model.sdf -> /home/test/wf3/gazebo/agentsd_ws/install/smart_agent_gazebo/share/smart_agent_gazebo/models/aws_robomaker_residential_PortraitB_02\n'}
[1.132229] (smart_agent_gazebo) StdoutLine: {'line': b'creating /home/test/wf3/gazebo/agentsd_ws/install/smart_agent_gazebo/share/smart_agent_gazebo/models/aws_robomaker_residential_PortraitB_02/materials\n'}
[1.132353] (smart_agent_gazebo) StdoutLine: {'line': b'creating /home/test/wf3/gazebo/agentsd_ws/install/smart_agent_gazebo/share/smart_agent_gazebo/models/aws_robomaker_residential_PortraitB_02/materials/textures\n'}
[1.132475] (smart_agent_gazebo) StdoutLine: {'line': b'copying models/aws_robomaker_residential_PortraitB_02/materials/textures/aws_PortraitB_02.png -> /home/test/wf3/gazebo/agentsd_ws/install/smart_agent_gazebo/share/smart_agent_gazebo/models/aws_robomaker_residential_PortraitB_02/materials/textures\n'}
[1.132749] (smart_agent_gazebo) StdoutLine: {'line': b'copying models/aws_robomaker_residential_PortraitB_02/materials/textures/aws_PortraitB_01.png -> /home/test/wf3/gazebo/agentsd_ws/install/smart_agent_gazebo/share/smart_agent_gazebo/models/aws_robomaker_residential_PortraitB_02/materials/textures\n'}
[1.132877] (smart_agent_gazebo) StdoutLine: {'line': b'creating /home/test/wf3/gazebo/agentsd_ws/install/smart_agent_gazebo/share/smart_agent_gazebo/models/aws_robomaker_residential_PortraitB_02/meshes\n'}
[1.133005] (smart_agent_gazebo) StdoutLine: {'line': b'copying models/aws_robomaker_residential_PortraitB_02/meshes/aws_PortraitB_01_collision.DAE -> /home/test/wf3/gazebo/agentsd_ws/install/smart_agent_gazebo/share/smart_agent_gazebo/models/aws_robomaker_residential_PortraitB_02/meshes\n'}
[1.133129] (smart_agent_gazebo) StdoutLine: {'line': b'copying models/aws_robomaker_residential_PortraitB_02/meshes/aws_PortraitB_01_visual.DAE -> /home/test/wf3/gazebo/agentsd_ws/install/smart_agent_gazebo/share/smart_agent_gazebo/models/aws_robomaker_residential_PortraitB_02/meshes\n'}
[1.133255] (smart_agent_gazebo) StdoutLine: {'line': b'creating /home/test/wf3/gazebo/agentsd_ws/install/smart_agent_gazebo/share/smart_agent_gazebo/models/aws_robomaker_residential_Vase_01\n'}
[1.133380] (smart_agent_gazebo) StdoutLine: {'line': b'copying models/aws_robomaker_residential_Vase_01/model.config -> /home/test/wf3/gazebo/agentsd_ws/install/smart_agent_gazebo/share/smart_agent_gazebo/models/aws_robomaker_residential_Vase_01\n'}
[1.133503] (smart_agent_gazebo) StdoutLine: {'line': b'copying models/aws_robomaker_residential_Vase_01/model.sdf -> /home/test/wf3/gazebo/agentsd_ws/install/smart_agent_gazebo/share/smart_agent_gazebo/models/aws_robomaker_residential_Vase_01\n'}
[1.133629] (smart_agent_gazebo) StdoutLine: {'line': b'creating /home/test/wf3/gazebo/agentsd_ws/install/smart_agent_gazebo/share/smart_agent_gazebo/models/aws_robomaker_residential_Vase_01/materials\n'}
[1.133754] (smart_agent_gazebo) StdoutLine: {'line': b'creating /home/test/wf3/gazebo/agentsd_ws/install/smart_agent_gazebo/share/smart_agent_gazebo/models/aws_robomaker_residential_Vase_01/materials/textures\n'}
[1.133881] (smart_agent_gazebo) StdoutLine: {'line': b'copying models/aws_robomaker_residential_Vase_01/materials/textures/aws_Vase_01.png -> /home/test/wf3/gazebo/agentsd_ws/install/smart_agent_gazebo/share/smart_agent_gazebo/models/aws_robomaker_residential_Vase_01/materials/textures\n'}
[1.134006] (smart_agent_gazebo) StdoutLine: {'line': b'creating /home/test/wf3/gazebo/agentsd_ws/install/smart_agent_gazebo/share/smart_agent_gazebo/models/aws_robomaker_residential_Vase_01/meshes\n'}
[1.134137] (smart_agent_gazebo) StdoutLine: {'line': b'copying models/aws_robomaker_residential_Vase_01/meshes/aws_Vase_01_visual.DAE -> /home/test/wf3/gazebo/agentsd_ws/install/smart_agent_gazebo/share/smart_agent_gazebo/models/aws_robomaker_residential_Vase_01/meshes\n'}
[1.134270] (smart_agent_gazebo) StdoutLine: {'line': b'copying models/aws_robomaker_residential_Vase_01/meshes/aws_Vase_01_collision.DAE -> /home/test/wf3/gazebo/agentsd_ws/install/smart_agent_gazebo/share/smart_agent_gazebo/models/aws_robomaker_residential_Vase_01/meshes\n'}
[1.134396] (smart_agent_gazebo) StdoutLine: {'line': b'creating /home/test/wf3/gazebo/agentsd_ws/install/smart_agent_gazebo/share/smart_agent_gazebo/models/Chair\n'}
[1.134522] (smart_agent_gazebo) StdoutLine: {'line': b'copying models/Chair/model.config -> /home/test/wf3/gazebo/agentsd_ws/install/smart_agent_gazebo/share/smart_agent_gazebo/models/Chair\n'}
[1.134643] (smart_agent_gazebo) StdoutLine: {'line': b'copying models/Chair/model.sdf -> /home/test/wf3/gazebo/agentsd_ws/install/smart_agent_gazebo/share/smart_agent_gazebo/models/Chair\n'}
[1.134765] (smart_agent_gazebo) StdoutLine: {'line': b'creating /home/test/wf3/gazebo/agentsd_ws/install/smart_agent_gazebo/share/smart_agent_gazebo/models/Chair/thumbnails\n'}
[1.134887] (smart_agent_gazebo) StdoutLine: {'line': b'copying models/Chair/thumbnails/2.png -> /home/test/wf3/gazebo/agentsd_ws/install/smart_agent_gazebo/share/smart_agent_gazebo/models/Chair/thumbnails\n'}
[1.135049] (smart_agent_gazebo) StdoutLine: {'line': b'copying models/Chair/thumbnails/1.png -> /home/test/wf3/gazebo/agentsd_ws/install/smart_agent_gazebo/share/smart_agent_gazebo/models/Chair/thumbnails\n'}
[1.135173] (smart_agent_gazebo) StdoutLine: {'line': b'copying models/Chair/thumbnails/4.png -> /home/test/wf3/gazebo/agentsd_ws/install/smart_agent_gazebo/share/smart_agent_gazebo/models/Chair/thumbnails\n'}
[1.135449] (smart_agent_gazebo) StdoutLine: {'line': b'copying models/Chair/thumbnails/3.png -> /home/test/wf3/gazebo/agentsd_ws/install/smart_agent_gazebo/share/smart_agent_gazebo/models/Chair/thumbnails\n'}
[1.135581] (smart_agent_gazebo) StdoutLine: {'line': b'copying models/Chair/thumbnails/5.png -> /home/test/wf3/gazebo/agentsd_ws/install/smart_agent_gazebo/share/smart_agent_gazebo/models/Chair/thumbnails\n'}
[1.135709] (smart_agent_gazebo) StdoutLine: {'line': b'creating /home/test/wf3/gazebo/agentsd_ws/install/smart_agent_gazebo/share/smart_agent_gazebo/models/Chair/meshes\n'}
[1.135841] (smart_agent_gazebo) StdoutLine: {'line': b'copying models/Chair/meshes/Chair.png -> /home/test/wf3/gazebo/agentsd_ws/install/smart_agent_gazebo/share/smart_agent_gazebo/models/Chair/meshes\n'}
[1.135969] (smart_agent_gazebo) StdoutLine: {'line': b'copying models/Chair/meshes/Chair_SpecGloss.png -> /home/test/wf3/gazebo/agentsd_ws/install/smart_agent_gazebo/share/smart_agent_gazebo/models/Chair/meshes\n'}
[1.136243] (smart_agent_gazebo) StdoutLine: {'line': b'copying models/Chair/meshes/Chair.obj -> /home/test/wf3/gazebo/agentsd_ws/install/smart_agent_gazebo/share/smart_agent_gazebo/models/Chair/meshes\n'}
[1.136359] (smart_agent_gazebo) StdoutLine: {'line': b'copying models/Chair/meshes/Chair_Diffuse.png -> /home/test/wf3/gazebo/agentsd_ws/install/smart_agent_gazebo/share/smart_agent_gazebo/models/Chair/meshes\n'}
[1.136485] (smart_agent_gazebo) StdoutLine: {'line': b'copying models/Chair/meshes/Chair_Normal.png -> /home/test/wf3/gazebo/agentsd_ws/install/smart_agent_gazebo/share/smart_agent_gazebo/models/Chair/meshes\n'}
[1.136611] (smart_agent_gazebo) StdoutLine: {'line': b'copying models/Chair/meshes/Chair.mtl -> /home/test/wf3/gazebo/agentsd_ws/install/smart_agent_gazebo/share/smart_agent_gazebo/models/Chair/meshes\n'}
[1.136736] (smart_agent_gazebo) StdoutLine: {'line': b'creating /home/test/wf3/gazebo/agentsd_ws/install/smart_agent_gazebo/share/smart_agent_gazebo/models/aws_robomaker_hospital_floor_01_floor\n'}
[1.136862] (smart_agent_gazebo) StdoutLine: {'line': b'copying models/aws_robomaker_hospital_floor_01_floor/aws_robomaker_hospital_floor_01_floor_normal.png -> /home/test/wf3/gazebo/agentsd_ws/install/smart_agent_gazebo/share/smart_agent_gazebo/models/aws_robomaker_hospital_floor_01_floor\n'}
[1.136995] (smart_agent_gazebo) StdoutLine: {'line': b'copying models/aws_robomaker_hospital_floor_01_floor/model.config -> /home/test/wf3/gazebo/agentsd_ws/install/smart_agent_gazebo/share/smart_agent_gazebo/models/aws_robomaker_hospital_floor_01_floor\n'}
[1.137126] (smart_agent_gazebo) StdoutLine: {'line': b'copying models/aws_robomaker_hospital_floor_01_floor/aws_robomaker_hospital_floor_01_floor.png -> /home/test/wf3/gazebo/agentsd_ws/install/smart_agent_gazebo/share/smart_agent_gazebo/models/aws_robomaker_hospital_floor_01_floor\n'}
[1.137256] (smart_agent_gazebo) StdoutLine: {'line': b'copying models/aws_robomaker_hospital_floor_01_floor/model.sdf -> /home/test/wf3/gazebo/agentsd_ws/install/smart_agent_gazebo/share/smart_agent_gazebo/models/aws_robomaker_hospital_floor_01_floor\n'}
[1.137381] (smart_agent_gazebo) StdoutLine: {'line': b'creating /home/test/wf3/gazebo/agentsd_ws/install/smart_agent_gazebo/share/smart_agent_gazebo/models/aws_robomaker_hospital_floor_01_floor/meshes\n'}
[1.137509] (smart_agent_gazebo) StdoutLine: {'line': b'copying models/aws_robomaker_hospital_floor_01_floor/meshes/aws_robomaker_hospital_floor_01_floor_visual.dae -> /home/test/wf3/gazebo/agentsd_ws/install/smart_agent_gazebo/share/smart_agent_gazebo/models/aws_robomaker_hospital_floor_01_floor/meshes\n'}
[1.137676] (smart_agent_gazebo) StdoutLine: {'line': b'copying models/aws_robomaker_hospital_floor_01_floor/meshes/aws_robomaker_hospital_floor_01_floor_normal.png -> /home/test/wf3/gazebo/agentsd_ws/install/smart_agent_gazebo/share/smart_agent_gazebo/models/aws_robomaker_hospital_floor_01_floor/meshes\n'}
[1.137805] (smart_agent_gazebo) StdoutLine: {'line': b'copying models/aws_robomaker_hospital_floor_01_floor/meshes/aws_robomaker_hospital_floor_01_floor_collision.dae -> /home/test/wf3/gazebo/agentsd_ws/install/smart_agent_gazebo/share/smart_agent_gazebo/models/aws_robomaker_hospital_floor_01_floor/meshes\n'}
[1.137933] (smart_agent_gazebo) StdoutLine: {'line': b'copying models/aws_robomaker_hospital_floor_01_floor/meshes/aws_robomaker_hospital_floor_01_floor.png -> /home/test/wf3/gazebo/agentsd_ws/install/smart_agent_gazebo/share/smart_agent_gazebo/models/aws_robomaker_hospital_floor_01_floor/meshes\n'}
[1.138062] (smart_agent_gazebo) StdoutLine: {'line': b'creating /home/test/wf3/gazebo/agentsd_ws/install/smart_agent_gazebo/share/smart_agent_gazebo/models/TrolleyBed\n'}
[1.138205] (smart_agent_gazebo) StdoutLine: {'line': b'copying models/TrolleyBed/model.config -> /home/test/wf3/gazebo/agentsd_ws/install/smart_agent_gazebo/share/smart_agent_gazebo/models/TrolleyBed\n'}
[1.138330] (smart_agent_gazebo) StdoutLine: {'line': b'copying models/TrolleyBed/model.sdf -> /home/test/wf3/gazebo/agentsd_ws/install/smart_agent_gazebo/share/smart_agent_gazebo/models/TrolleyBed\n'}
[1.138529] (smart_agent_gazebo) StdoutLine: {'line': b'creating /home/test/wf3/gazebo/agentsd_ws/install/smart_agent_gazebo/share/smart_agent_gazebo/models/TrolleyBed/thumbnails\n'}
[1.138659] (smart_agent_gazebo) StdoutLine: {'line': b'copying models/TrolleyBed/thumbnails/2.png -> /home/test/wf3/gazebo/agentsd_ws/install/smart_agent_gazebo/share/smart_agent_gazebo/models/TrolleyBed/thumbnails\n'}
[1.138787] (smart_agent_gazebo) StdoutLine: {'line': b'copying models/TrolleyBed/thumbnails/1.png -> /home/test/wf3/gazebo/agentsd_ws/install/smart_agent_gazebo/share/smart_agent_gazebo/models/TrolleyBed/thumbnails\n'}
[1.138913] (smart_agent_gazebo) StdoutLine: {'line': b'copying models/TrolleyBed/thumbnails/4.png -> /home/test/wf3/gazebo/agentsd_ws/install/smart_agent_gazebo/share/smart_agent_gazebo/models/TrolleyBed/thumbnails\n'}
[1.139038] (smart_agent_gazebo) StdoutLine: {'line': b'copying models/TrolleyBed/thumbnails/3.png -> /home/test/wf3/gazebo/agentsd_ws/install/smart_agent_gazebo/share/smart_agent_gazebo/models/TrolleyBed/thumbnails\n'}
[1.139166] (smart_agent_gazebo) StdoutLine: {'line': b'copying models/TrolleyBed/thumbnails/5.png -> /home/test/wf3/gazebo/agentsd_ws/install/smart_agent_gazebo/share/smart_agent_gazebo/models/TrolleyBed/thumbnails\n'}
[1.139416] (smart_agent_gazebo) StdoutLine: {'line': b'creating /home/test/wf3/gazebo/agentsd_ws/install/smart_agent_gazebo/share/smart_agent_gazebo/models/TrolleyBed/meshes\n'}
[1.139541] (smart_agent_gazebo) StdoutLine: {'line': b'copying models/TrolleyBed/meshes/TrolleyBed_Diffuse.png -> /home/test/wf3/gazebo/agentsd_ws/install/smart_agent_gazebo/share/smart_agent_gazebo/models/TrolleyBed/meshes\n'}
[1.139661] (smart_agent_gazebo) StdoutLine: {'line': b'copying models/TrolleyBed/meshes/TrolleyBed.obj -> /home/test/wf3/gazebo/agentsd_ws/install/smart_agent_gazebo/share/smart_agent_gazebo/models/TrolleyBed/meshes\n'}
[1.139779] (smart_agent_gazebo) StdoutLine: {'line': b'copying models/TrolleyBed/meshes/TrolleyBed.mtl -> /home/test/wf3/gazebo/agentsd_ws/install/smart_agent_gazebo/share/smart_agent_gazebo/models/TrolleyBed/meshes\n'}
[1.139896] (smart_agent_gazebo) StdoutLine: {'line': b'creating /home/test/wf3/gazebo/agentsd_ws/install/smart_agent_gazebo/share/smart_agent_gazebo/models/aws_robomaker_hospital_ramp_01\n'}
[1.140015] (smart_agent_gazebo) StdoutLine: {'line': b'copying models/aws_robomaker_hospital_ramp_01/model.config -> /home/test/wf3/gazebo/agentsd_ws/install/smart_agent_gazebo/share/smart_agent_gazebo/models/aws_robomaker_hospital_ramp_01\n'}
[1.140136] (smart_agent_gazebo) StdoutLine: {'line': b'copying models/aws_robomaker_hospital_ramp_01/model.sdf -> /home/test/wf3/gazebo/agentsd_ws/install/smart_agent_gazebo/share/smart_agent_gazebo/models/aws_robomaker_hospital_ramp_01\n'}
[1.140263] (smart_agent_gazebo) StdoutLine: {'line': b'creating /home/test/wf3/gazebo/agentsd_ws/install/smart_agent_gazebo/share/smart_agent_gazebo/models/aws_robomaker_hospital_ramp_01/meshes\n'}
[1.140390] (smart_agent_gazebo) StdoutLine: {'line': b'copying models/aws_robomaker_hospital_ramp_01/meshes/aws_robomaker_hospital_ramp_01.png -> /home/test/wf3/gazebo/agentsd_ws/install/smart_agent_gazebo/share/smart_agent_gazebo/models/aws_robomaker_hospital_ramp_01/meshes\n'}
[1.140532] (smart_agent_gazebo) StdoutLine: {'line': b'copying models/aws_robomaker_hospital_ramp_01/meshes/aws_robomaker_hospital_ramp_01_collision.dae -> /home/test/wf3/gazebo/agentsd_ws/install/smart_agent_gazebo/share/smart_agent_gazebo/models/aws_robomaker_hospital_ramp_01/meshes\n'}
[1.140668] (smart_agent_gazebo) StdoutLine: {'line': b'copying models/aws_robomaker_hospital_ramp_01/meshes/aws_robomaker_hospital_ramp_01_normal.png -> /home/test/wf3/gazebo/agentsd_ws/install/smart_agent_gazebo/share/smart_agent_gazebo/models/aws_robomaker_hospital_ramp_01/meshes\n'}
[1.140799] (smart_agent_gazebo) StdoutLine: {'line': b'copying models/aws_robomaker_hospital_ramp_01/meshes/aws_robomaker_hospital_ramp_01_visual.dae -> /home/test/wf3/gazebo/agentsd_ws/install/smart_agent_gazebo/share/smart_agent_gazebo/models/aws_robomaker_hospital_ramp_01/meshes\n'}
[1.140929] (smart_agent_gazebo) StdoutLine: {'line': b'creating /home/test/wf3/gazebo/agentsd_ws/install/smart_agent_gazebo/share/smart_agent_gazebo/models/StorageRackCovered\n'}
[1.141057] (smart_agent_gazebo) StdoutLine: {'line': b'copying models/StorageRackCovered/model.config -> /home/test/wf3/gazebo/agentsd_ws/install/smart_agent_gazebo/share/smart_agent_gazebo/models/StorageRackCovered\n'}
[1.141186] (smart_agent_gazebo) StdoutLine: {'line': b'copying models/StorageRackCovered/model.sdf -> /home/test/wf3/gazebo/agentsd_ws/install/smart_agent_gazebo/share/smart_agent_gazebo/models/StorageRackCovered\n'}
[1.141311] (smart_agent_gazebo) StdoutLine: {'line': b'creating /home/test/wf3/gazebo/agentsd_ws/install/smart_agent_gazebo/share/smart_agent_gazebo/models/StorageRackCovered/thumbnails\n'}
[1.141433] (smart_agent_gazebo) StdoutLine: {'line': b'copying models/StorageRackCovered/thumbnails/2.png -> /home/test/wf3/gazebo/agentsd_ws/install/smart_agent_gazebo/share/smart_agent_gazebo/models/StorageRackCovered/thumbnails\n'}
[1.141557] (smart_agent_gazebo) StdoutLine: {'line': b'copying models/StorageRackCovered/thumbnails/1.png -> /home/test/wf3/gazebo/agentsd_ws/install/smart_agent_gazebo/share/smart_agent_gazebo/models/StorageRackCovered/thumbnails\n'}
[1.141712] (smart_agent_gazebo) StdoutLine: {'line': b'copying models/StorageRackCovered/thumbnails/4.png -> /home/test/wf3/gazebo/agentsd_ws/install/smart_agent_gazebo/share/smart_agent_gazebo/models/StorageRackCovered/thumbnails\n'}
[1.141839] (smart_agent_gazebo) StdoutLine: {'line': b'copying models/StorageRackCovered/thumbnails/3.png -> /home/test/wf3/gazebo/agentsd_ws/install/smart_agent_gazebo/share/smart_agent_gazebo/models/StorageRackCovered/thumbnails\n'}
[1.141963] (smart_agent_gazebo) StdoutLine: {'line': b'copying models/StorageRackCovered/thumbnails/5.png -> /home/test/wf3/gazebo/agentsd_ws/install/smart_agent_gazebo/share/smart_agent_gazebo/models/StorageRackCovered/thumbnails\n'}
[1.142086] (smart_agent_gazebo) StdoutLine: {'line': b'creating /home/test/wf3/gazebo/agentsd_ws/install/smart_agent_gazebo/share/smart_agent_gazebo/models/StorageRackCovered/meshes\n'}
[1.142221] (smart_agent_gazebo) StdoutLine: {'line': b'copying models/StorageRackCovered/meshes/StorageRackCovered.mtl -> /home/test/wf3/gazebo/agentsd_ws/install/smart_agent_gazebo/share/smart_agent_gazebo/models/StorageRackCovered/meshes\n'}
[1.142345] (smart_agent_gazebo) StdoutLine: {'line': b'copying models/StorageRackCovered/meshes/StorageRackCovered.obj -> /home/test/wf3/gazebo/agentsd_ws/install/smart_agent_gazebo/share/smart_agent_gazebo/models/StorageRackCovered/meshes\n'}
[1.142768] (smart_agent_gazebo) StdoutLine: {'line': b'copying models/StorageRackCovered/meshes/StorageRackCovered.png -> /home/test/wf3/gazebo/agentsd_ws/install/smart_agent_gazebo/share/smart_agent_gazebo/models/StorageRackCovered/meshes\n'}
[1.142890] (smart_agent_gazebo) StdoutLine: {'line': b'creating /home/test/wf3/gazebo/agentsd_ws/install/smart_agent_gazebo/share/smart_agent_gazebo/models/aws_robomaker_residential_TV_01\n'}
[1.143009] (smart_agent_gazebo) StdoutLine: {'line': b'copying models/aws_robomaker_residential_TV_01/model.config -> /home/test/wf3/gazebo/agentsd_ws/install/smart_agent_gazebo/share/smart_agent_gazebo/models/aws_robomaker_residential_TV_01\n'}
[1.143138] (smart_agent_gazebo) StdoutLine: {'line': b'copying models/aws_robomaker_residential_TV_01/model.sdf -> /home/test/wf3/gazebo/agentsd_ws/install/smart_agent_gazebo/share/smart_agent_gazebo/models/aws_robomaker_residential_TV_01\n'}
[1.143261] (smart_agent_gazebo) StdoutLine: {'line': b'creating /home/test/wf3/gazebo/agentsd_ws/install/smart_agent_gazebo/share/smart_agent_gazebo/models/aws_robomaker_residential_TV_01/materials\n'}
[1.143384] (smart_agent_gazebo) StdoutLine: {'line': b'creating /home/test/wf3/gazebo/agentsd_ws/install/smart_agent_gazebo/share/smart_agent_gazebo/models/aws_robomaker_residential_TV_01/materials/textures\n'}
[1.143509] (smart_agent_gazebo) StdoutLine: {'line': b'copying models/aws_robomaker_residential_TV_01/materials/textures/aws_TV_01.png -> /home/test/wf3/gazebo/agentsd_ws/install/smart_agent_gazebo/share/smart_agent_gazebo/models/aws_robomaker_residential_TV_01/materials/textures\n'}
[1.143640] (smart_agent_gazebo) StdoutLine: {'line': b'creating /home/test/wf3/gazebo/agentsd_ws/install/smart_agent_gazebo/share/smart_agent_gazebo/models/aws_robomaker_residential_TV_01/meshes\n'}
[1.143767] (smart_agent_gazebo) StdoutLine: {'line': b'copying models/aws_robomaker_residential_TV_01/meshes/aws_TV_01_collision.DAE -> /home/test/wf3/gazebo/agentsd_ws/install/smart_agent_gazebo/share/smart_agent_gazebo/models/aws_robomaker_residential_TV_01/meshes\n'}
[1.143891] (smart_agent_gazebo) StdoutLine: {'line': b'copying models/aws_robomaker_residential_TV_01/meshes/aws_TV_01_visual.DAE -> /home/test/wf3/gazebo/agentsd_ws/install/smart_agent_gazebo/share/smart_agent_gazebo/models/aws_robomaker_residential_TV_01/meshes\n'}
[1.144018] (smart_agent_gazebo) StdoutLine: {'line': b'creating /home/test/wf3/gazebo/agentsd_ws/install/smart_agent_gazebo/share/smart_agent_gazebo/models/aws_robomaker_residential_HouseWallB_01\n'}
[1.144141] (smart_agent_gazebo) StdoutLine: {'line': b'copying models/aws_robomaker_residential_HouseWallB_01/model.config -> /home/test/wf3/gazebo/agentsd_ws/install/smart_agent_gazebo/share/smart_agent_gazebo/models/aws_robomaker_residential_HouseWallB_01\n'}
[1.144268] (smart_agent_gazebo) StdoutLine: {'line': b'copying models/aws_robomaker_residential_HouseWallB_01/model.sdf -> /home/test/wf3/gazebo/agentsd_ws/install/smart_agent_gazebo/share/smart_agent_gazebo/models/aws_robomaker_residential_HouseWallB_01\n'}
[1.144397] (smart_agent_gazebo) StdoutLine: {'line': b'creating /home/test/wf3/gazebo/agentsd_ws/install/smart_agent_gazebo/share/smart_agent_gazebo/models/aws_robomaker_residential_HouseWallB_01/materials\n'}
[1.144523] (smart_agent_gazebo) StdoutLine: {'line': b'creating /home/test/wf3/gazebo/agentsd_ws/install/smart_agent_gazebo/share/smart_agent_gazebo/models/aws_robomaker_residential_HouseWallB_01/materials/textures\n'}
[1.144649] (smart_agent_gazebo) StdoutLine: {'line': b'copying models/aws_robomaker_residential_HouseWallB_01/materials/textures/aws_HouseWallB_01.png -> /home/test/wf3/gazebo/agentsd_ws/install/smart_agent_gazebo/share/smart_agent_gazebo/models/aws_robomaker_residential_HouseWallB_01/materials/textures\n'}
[1.144817] (smart_agent_gazebo) StdoutLine: {'line': b'creating /home/test/wf3/gazebo/agentsd_ws/install/smart_agent_gazebo/share/smart_agent_gazebo/models/aws_robomaker_residential_HouseWallB_01/meshes\n'}
[1.145071] (smart_agent_gazebo) StdoutLine: {'line': b'copying models/aws_robomaker_residential_HouseWallB_01/meshes/aws_HouseWallB_01_collision.DAE -> /home/test/wf3/gazebo/agentsd_ws/install/smart_agent_gazebo/share/smart_agent_gazebo/models/aws_robomaker_residential_HouseWallB_01/meshes\n'}
[1.145211] (smart_agent_gazebo) StdoutLine: {'line': b'copying models/aws_robomaker_residential_HouseWallB_01/meshes/aws_HouseWallB_01_visual.DAE -> /home/test/wf3/gazebo/agentsd_ws/install/smart_agent_gazebo/share/smart_agent_gazebo/models/aws_robomaker_residential_HouseWallB_01/meshes\n'}
[1.145340] (smart_agent_gazebo) StdoutLine: {'line': b'creating /home/test/wf3/gazebo/agentsd_ws/install/smart_agent_gazebo/share/smart_agent_gazebo/models/aws_robomaker_residential_FoldingDoor_01\n'}
[1.145468] (smart_agent_gazebo) StdoutLine: {'line': b'copying models/aws_robomaker_residential_FoldingDoor_01/model.config -> /home/test/wf3/gazebo/agentsd_ws/install/smart_agent_gazebo/share/smart_agent_gazebo/models/aws_robomaker_residential_FoldingDoor_01\n'}
[1.145599] (smart_agent_gazebo) StdoutLine: {'line': b'copying models/aws_robomaker_residential_FoldingDoor_01/model.sdf -> /home/test/wf3/gazebo/agentsd_ws/install/smart_agent_gazebo/share/smart_agent_gazebo/models/aws_robomaker_residential_FoldingDoor_01\n'}
[1.145725] (smart_agent_gazebo) StdoutLine: {'line': b'creating /home/test/wf3/gazebo/agentsd_ws/install/smart_agent_gazebo/share/smart_agent_gazebo/models/aws_robomaker_residential_FoldingDoor_01/materials\n'}
[1.145958] (smart_agent_gazebo) StdoutLine: {'line': b'creating /home/test/wf3/gazebo/agentsd_ws/install/smart_agent_gazebo/share/smart_agent_gazebo/models/aws_robomaker_residential_FoldingDoor_01/materials/textures\n'}
[1.146086] (smart_agent_gazebo) StdoutLine: {'line': b'copying models/aws_robomaker_residential_FoldingDoor_01/materials/textures/aws_FoldingDoor_01.png -> /home/test/wf3/gazebo/agentsd_ws/install/smart_agent_gazebo/share/smart_agent_gazebo/models/aws_robomaker_residential_FoldingDoor_01/materials/textures\n'}
[1.146226] (smart_agent_gazebo) StdoutLine: {'line': b'creating /home/test/wf3/gazebo/agentsd_ws/install/smart_agent_gazebo/share/smart_agent_gazebo/models/aws_robomaker_residential_FoldingDoor_01/meshes\n'}
[1.146355] (smart_agent_gazebo) StdoutLine: {'line': b'copying models/aws_robomaker_residential_FoldingDoor_01/meshes/aws_FoldingDoor_01_collision.DAE -> /home/test/wf3/gazebo/agentsd_ws/install/smart_agent_gazebo/share/smart_agent_gazebo/models/aws_robomaker_residential_FoldingDoor_01/meshes\n'}
[1.146482] (smart_agent_gazebo) StdoutLine: {'line': b'copying models/aws_robomaker_residential_FoldingDoor_01/meshes/aws_FoldingDoor_01_visual.DAE -> /home/test/wf3/gazebo/agentsd_ws/install/smart_agent_gazebo/share/smart_agent_gazebo/models/aws_robomaker_residential_FoldingDoor_01/meshes\n'}
[1.146613] (smart_agent_gazebo) StdoutLine: {'line': b'creating /home/test/wf3/gazebo/agentsd_ws/install/smart_agent_gazebo/share/smart_agent_gazebo/models/aws_robomaker_warehouse_ClutteringC_01\n'}
[1.146739] (smart_agent_gazebo) StdoutLine: {'line': b'copying models/aws_robomaker_warehouse_ClutteringC_01/model.config -> /home/test/wf3/gazebo/agentsd_ws/install/smart_agent_gazebo/share/smart_agent_gazebo/models/aws_robomaker_warehouse_ClutteringC_01\n'}
[1.146865] (smart_agent_gazebo) StdoutLine: {'line': b'copying models/aws_robomaker_warehouse_ClutteringC_01/model.sdf -> /home/test/wf3/gazebo/agentsd_ws/install/smart_agent_gazebo/share/smart_agent_gazebo/models/aws_robomaker_warehouse_ClutteringC_01\n'}
[1.146990] (smart_agent_gazebo) StdoutLine: {'line': b'creating /home/test/wf3/gazebo/agentsd_ws/install/smart_agent_gazebo/share/smart_agent_gazebo/models/aws_robomaker_warehouse_ClutteringC_01/materials\n'}
[1.147116] (smart_agent_gazebo) StdoutLine: {'line': b'creating /home/test/wf3/gazebo/agentsd_ws/install/smart_agent_gazebo/share/smart_agent_gazebo/models/aws_robomaker_warehouse_ClutteringC_01/materials/textures\n'}
[1.147278] (smart_agent_gazebo) StdoutLine: {'line': b'copying models/aws_robomaker_warehouse_ClutteringC_01/materials/textures/aws_robomaker_warehouse_ClutteringC_01.png -> /home/test/wf3/gazebo/agentsd_ws/install/smart_agent_gazebo/share/smart_agent_gazebo/models/aws_robomaker_warehouse_ClutteringC_01/materials/textures\n'}
[1.147406] (smart_agent_gazebo) StdoutLine: {'line': b'copying models/aws_robomaker_warehouse_ClutteringC_01/materials/textures/aws_robomaker_warehouse_ClutteringC_02.png -> /home/test/wf3/gazebo/agentsd_ws/install/smart_agent_gazebo/share/smart_agent_gazebo/models/aws_robomaker_warehouse_ClutteringC_01/materials/textures\n'}
[1.147533] (smart_agent_gazebo) StdoutLine: {'line': b'creating /home/test/wf3/gazebo/agentsd_ws/install/smart_agent_gazebo/share/smart_agent_gazebo/models/aws_robomaker_warehouse_ClutteringC_01/meshes\n'}
[1.147790] (smart_agent_gazebo) StdoutLine: {'line': b'copying models/aws_robomaker_warehouse_ClutteringC_01/meshes/aws_robomaker_warehouse_ClutteringC_01_collision.DAE -> /home/test/wf3/gazebo/agentsd_ws/install/smart_agent_gazebo/share/smart_agent_gazebo/models/aws_robomaker_warehouse_ClutteringC_01/meshes\n'}
[1.147908] (smart_agent_gazebo) StdoutLine: {'line': b'copying models/aws_robomaker_warehouse_ClutteringC_01/meshes/aws_robomaker_warehouse_ClutteringC_01_visual.DAE -> /home/test/wf3/gazebo/agentsd_ws/install/smart_agent_gazebo/share/smart_agent_gazebo/models/aws_robomaker_warehouse_ClutteringC_01/meshes\n'}
[1.148028] (smart_agent_gazebo) StdoutLine: {'line': b'creating /home/test/wf3/gazebo/agentsd_ws/install/smart_agent_gazebo/share/smart_agent_gazebo/models/aws_robomaker_residential_NightStand_01\n'}
[1.148162] (smart_agent_gazebo) StdoutLine: {'line': b'copying models/aws_robomaker_residential_NightStand_01/model.config -> /home/test/wf3/gazebo/agentsd_ws/install/smart_agent_gazebo/share/smart_agent_gazebo/models/aws_robomaker_residential_NightStand_01\n'}
[1.148294] (smart_agent_gazebo) StdoutLine: {'line': b'copying models/aws_robomaker_residential_NightStand_01/model.sdf -> /home/test/wf3/gazebo/agentsd_ws/install/smart_agent_gazebo/share/smart_agent_gazebo/models/aws_robomaker_residential_NightStand_01\n'}
[1.148433] (smart_agent_gazebo) StdoutLine: {'line': b'creating /home/test/wf3/gazebo/agentsd_ws/install/smart_agent_gazebo/share/smart_agent_gazebo/models/aws_robomaker_residential_NightStand_01/materials\n'}
[1.148616] (smart_agent_gazebo) StdoutLine: {'line': b'creating /home/test/wf3/gazebo/agentsd_ws/install/smart_agent_gazebo/share/smart_agent_gazebo/models/aws_robomaker_residential_NightStand_01/materials/textures\n'}
[1.148766] (smart_agent_gazebo) StdoutLine: {'line': b'copying models/aws_robomaker_residential_NightStand_01/materials/textures/aws_NightStand_01.png -> /home/test/wf3/gazebo/agentsd_ws/install/smart_agent_gazebo/share/smart_agent_gazebo/models/aws_robomaker_residential_NightStand_01/materials/textures\n'}
[1.148972] (smart_agent_gazebo) StdoutLine: {'line': b'creating /home/test/wf3/gazebo/agentsd_ws/install/smart_agent_gazebo/share/smart_agent_gazebo/models/aws_robomaker_residential_NightStand_01/meshes\n'}
[1.149105] (smart_agent_gazebo) StdoutLine: {'line': b'copying models/aws_robomaker_residential_NightStand_01/meshes/aws_NightStand_01_visual.DAE -> /home/test/wf3/gazebo/agentsd_ws/install/smart_agent_gazebo/share/smart_agent_gazebo/models/aws_robomaker_residential_NightStand_01/meshes\n'}
[1.149235] (smart_agent_gazebo) StdoutLine: {'line': b'copying models/aws_robomaker_residential_NightStand_01/meshes/aws_NightStand_01_collision.DAE -> /home/test/wf3/gazebo/agentsd_ws/install/smart_agent_gazebo/share/smart_agent_gazebo/models/aws_robomaker_residential_NightStand_01/meshes\n'}
[1.149358] (smart_agent_gazebo) StdoutLine: {'line': b'creating /home/test/wf3/gazebo/agentsd_ws/install/smart_agent_gazebo/share/smart_agent_gazebo/models/BedsideTable\n'}
[1.149480] (smart_agent_gazebo) StdoutLine: {'line': b'copying models/BedsideTable/model.config -> /home/test/wf3/gazebo/agentsd_ws/install/smart_agent_gazebo/share/smart_agent_gazebo/models/BedsideTable\n'}
[1.149608] (smart_agent_gazebo) StdoutLine: {'line': b'copying models/BedsideTable/model.sdf -> /home/test/wf3/gazebo/agentsd_ws/install/smart_agent_gazebo/share/smart_agent_gazebo/models/BedsideTable\n'}
[1.149735] (smart_agent_gazebo) StdoutLine: {'line': b'creating /home/test/wf3/gazebo/agentsd_ws/install/smart_agent_gazebo/share/smart_agent_gazebo/models/BedsideTable/thumbnails\n'}
[1.149867] (smart_agent_gazebo) StdoutLine: {'line': b'copying models/BedsideTable/thumbnails/2.png -> /home/test/wf3/gazebo/agentsd_ws/install/smart_agent_gazebo/share/smart_agent_gazebo/models/BedsideTable/thumbnails\n'}
[1.150008] (smart_agent_gazebo) StdoutLine: {'line': b'copying models/BedsideTable/thumbnails/1.png -> /home/test/wf3/gazebo/agentsd_ws/install/smart_agent_gazebo/share/smart_agent_gazebo/models/BedsideTable/thumbnails\n'}
[1.150209] (smart_agent_gazebo) StdoutLine: {'line': b'copying models/BedsideTable/thumbnails/4.png -> /home/test/wf3/gazebo/agentsd_ws/install/smart_agent_gazebo/share/smart_agent_gazebo/models/BedsideTable/thumbnails\n'}
[1.150339] (smart_agent_gazebo) StdoutLine: {'line': b'copying models/BedsideTable/thumbnails/3.png -> /home/test/wf3/gazebo/agentsd_ws/install/smart_agent_gazebo/share/smart_agent_gazebo/models/BedsideTable/thumbnails\n'}
[1.150463] (smart_agent_gazebo) StdoutLine: {'line': b'copying models/BedsideTable/thumbnails/5.png -> /home/test/wf3/gazebo/agentsd_ws/install/smart_agent_gazebo/share/smart_agent_gazebo/models/BedsideTable/thumbnails\n'}
[1.150598] (smart_agent_gazebo) StdoutLine: {'line': b'creating /home/test/wf3/gazebo/agentsd_ws/install/smart_agent_gazebo/share/smart_agent_gazebo/models/BedsideTable/meshes\n'}
[1.150731] (smart_agent_gazebo) StdoutLine: {'line': b'copying models/BedsideTable/meshes/BedsideTable_Col.obj -> /home/test/wf3/gazebo/agentsd_ws/install/smart_agent_gazebo/share/smart_agent_gazebo/models/BedsideTable/meshes\n'}
[1.150889] (smart_agent_gazebo) StdoutLine: {'line': b'copying models/BedsideTable/meshes/BedsideTable.obj -> /home/test/wf3/gazebo/agentsd_ws/install/smart_agent_gazebo/share/smart_agent_gazebo/models/BedsideTable/meshes\n'}
[1.151016] (smart_agent_gazebo) StdoutLine: {'line': b'copying models/BedsideTable/meshes/BedsideTable_Normal.png -> /home/test/wf3/gazebo/agentsd_ws/install/smart_agent_gazebo/share/smart_agent_gazebo/models/BedsideTable/meshes\n'}
[1.151140] (smart_agent_gazebo) StdoutLine: {'line': b'copying models/BedsideTable/meshes/BedsideTable_Col.mtl -> /home/test/wf3/gazebo/agentsd_ws/install/smart_agent_gazebo/share/smart_agent_gazebo/models/BedsideTable/meshes\n'}
[1.151262] (smart_agent_gazebo) StdoutLine: {'line': b'copying models/BedsideTable/meshes/BedsideTable_SpecGloss.png -> /home/test/wf3/gazebo/agentsd_ws/install/smart_agent_gazebo/share/smart_agent_gazebo/models/BedsideTable/meshes\n'}
[1.151385] (smart_agent_gazebo) StdoutLine: {'line': b'copying models/BedsideTable/meshes/BedsideTable.mtl -> /home/test/wf3/gazebo/agentsd_ws/install/smart_agent_gazebo/share/smart_agent_gazebo/models/BedsideTable/meshes\n'}
[1.151509] (smart_agent_gazebo) StdoutLine: {'line': b'copying models/BedsideTable/meshes/BedsideTable.png -> /home/test/wf3/gazebo/agentsd_ws/install/smart_agent_gazebo/share/smart_agent_gazebo/models/BedsideTable/meshes\n'}
[1.151628] (smart_agent_gazebo) StdoutLine: {'line': b'copying models/BedsideTable/meshes/BedsideTable_Diffuse.png -> /home/test/wf3/gazebo/agentsd_ws/install/smart_agent_gazebo/share/smart_agent_gazebo/models/BedsideTable/meshes\n'}
[1.151748] (smart_agent_gazebo) StdoutLine: {'line': b'creating /home/test/wf3/gazebo/agentsd_ws/install/smart_agent_gazebo/share/smart_agent_gazebo/models/aws_robomaker_hospital_elevator_01_car\n'}
[1.151871] (smart_agent_gazebo) StdoutLine: {'line': b'copying models/aws_robomaker_hospital_elevator_01_car/model.config -> /home/test/wf3/gazebo/agentsd_ws/install/smart_agent_gazebo/share/smart_agent_gazebo/models/aws_robomaker_hospital_elevator_01_car\n'}
[1.151995] (smart_agent_gazebo) StdoutLine: {'line': b'copying models/aws_robomaker_hospital_elevator_01_car/model.sdf -> /home/test/wf3/gazebo/agentsd_ws/install/smart_agent_gazebo/share/smart_agent_gazebo/models/aws_robomaker_hospital_elevator_01_car\n'}
[1.152408] (smart_agent_gazebo) StdoutLine: {'line': b'creating /home/test/wf3/gazebo/agentsd_ws/install/smart_agent_gazebo/share/smart_agent_gazebo/models/aws_robomaker_hospital_elevator_01_car/meshes\n'}
[1.152544] (smart_agent_gazebo) StdoutLine: {'line': b'copying models/aws_robomaker_hospital_elevator_01_car/meshes/aws_robomaker_hospital_elevator_01_car_visual.dae -> /home/test/wf3/gazebo/agentsd_ws/install/smart_agent_gazebo/share/smart_agent_gazebo/models/aws_robomaker_hospital_elevator_01_car/meshes\n'}
[1.152678] (smart_agent_gazebo) StdoutLine: {'line': b'copying models/aws_robomaker_hospital_elevator_01_car/meshes/aws_robomaker_hospital_elevator_01_car_collision.dae -> /home/test/wf3/gazebo/agentsd_ws/install/smart_agent_gazebo/share/smart_agent_gazebo/models/aws_robomaker_hospital_elevator_01_car/meshes\n'}
[1.152805] (smart_agent_gazebo) StdoutLine: {'line': b'copying models/aws_robomaker_hospital_elevator_01_car/meshes/aws_robomaker_hospital_elevator_01_low.png -> /home/test/wf3/gazebo/agentsd_ws/install/smart_agent_gazebo/share/smart_agent_gazebo/models/aws_robomaker_hospital_elevator_01_car/meshes\n'}
[1.152932] (smart_agent_gazebo) StdoutLine: {'line': b'copying models/aws_robomaker_hospital_elevator_01_car/meshes/aws_robomaker_hospital_elevator_01_car_low.dae -> /home/test/wf3/gazebo/agentsd_ws/install/smart_agent_gazebo/share/smart_agent_gazebo/models/aws_robomaker_hospital_elevator_01_car/meshes\n'}
[1.153057] (smart_agent_gazebo) StdoutLine: {'line': b'copying models/aws_robomaker_hospital_elevator_01_car/meshes/aws_robomaker_hospital_elevator_01_visual_normal.png -> /home/test/wf3/gazebo/agentsd_ws/install/smart_agent_gazebo/share/smart_agent_gazebo/models/aws_robomaker_hospital_elevator_01_car/meshes\n'}
[1.153184] (smart_agent_gazebo) StdoutLine: {'line': b'copying models/aws_robomaker_hospital_elevator_01_car/meshes/aws_robomaker_hospital_elevator_01_low_normal.png -> /home/test/wf3/gazebo/agentsd_ws/install/smart_agent_gazebo/share/smart_agent_gazebo/models/aws_robomaker_hospital_elevator_01_car/meshes\n'}
[1.153312] (smart_agent_gazebo) StdoutLine: {'line': b'copying models/aws_robomaker_hospital_elevator_01_car/meshes/aws_robomaker_hospital_elevator_01_visual.png -> /home/test/wf3/gazebo/agentsd_ws/install/smart_agent_gazebo/share/smart_agent_gazebo/models/aws_robomaker_hospital_elevator_01_car/meshes\n'}
[1.153439] (smart_agent_gazebo) StdoutLine: {'line': b'creating /home/test/wf3/gazebo/agentsd_ws/install/smart_agent_gazebo/share/smart_agent_gazebo/models/aws_robomaker_residential_DeskPortraitD_04\n'}
[1.153566] (smart_agent_gazebo) StdoutLine: {'line': b'copying models/aws_robomaker_residential_DeskPortraitD_04/model.config -> /home/test/wf3/gazebo/agentsd_ws/install/smart_agent_gazebo/share/smart_agent_gazebo/models/aws_robomaker_residential_DeskPortraitD_04\n'}
[1.153723] (smart_agent_gazebo) StdoutLine: {'line': b'copying models/aws_robomaker_residential_DeskPortraitD_04/model.sdf -> /home/test/wf3/gazebo/agentsd_ws/install/smart_agent_gazebo/share/smart_agent_gazebo/models/aws_robomaker_residential_DeskPortraitD_04\n'}
[1.153849] (smart_agent_gazebo) StdoutLine: {'line': b'creating /home/test/wf3/gazebo/agentsd_ws/install/smart_agent_gazebo/share/smart_agent_gazebo/models/aws_robomaker_residential_DeskPortraitD_04/materials\n'}
[1.153973] (smart_agent_gazebo) StdoutLine: {'line': b'creating /home/test/wf3/gazebo/agentsd_ws/install/smart_agent_gazebo/share/smart_agent_gazebo/models/aws_robomaker_residential_DeskPortraitD_04/materials/textures\n'}
[1.154103] (smart_agent_gazebo) StdoutLine: {'line': b'copying models/aws_robomaker_residential_DeskPortraitD_04/materials/textures/aws_DeskPortraitD_02.png -> /home/test/wf3/gazebo/agentsd_ws/install/smart_agent_gazebo/share/smart_agent_gazebo/models/aws_robomaker_residential_DeskPortraitD_04/materials/textures\n'}
[1.154234] (smart_agent_gazebo) StdoutLine: {'line': b'copying models/aws_robomaker_residential_DeskPortraitD_04/materials/textures/aws_DeskPortraitD_01.png -> /home/test/wf3/gazebo/agentsd_ws/install/smart_agent_gazebo/share/smart_agent_gazebo/models/aws_robomaker_residential_DeskPortraitD_04/materials/textures\n'}
[1.154537] (smart_agent_gazebo) StdoutLine: {'line': b'creating /home/test/wf3/gazebo/agentsd_ws/install/smart_agent_gazebo/share/smart_agent_gazebo/models/aws_robomaker_residential_DeskPortraitD_04/meshes\n'}
[1.154668] (smart_agent_gazebo) StdoutLine: {'line': b'copying models/aws_robomaker_residential_DeskPortraitD_04/meshes/aws_DeskPortraitD_01_visual.DAE -> /home/test/wf3/gazebo/agentsd_ws/install/smart_agent_gazebo/share/smart_agent_gazebo/models/aws_robomaker_residential_DeskPortraitD_04/meshes\n'}
[1.154792] (smart_agent_gazebo) StdoutLine: {'line': b'copying models/aws_robomaker_residential_DeskPortraitD_04/meshes/aws_DeskPortraitD_01_collision.DAE -> /home/test/wf3/gazebo/agentsd_ws/install/smart_agent_gazebo/share/smart_agent_gazebo/models/aws_robomaker_residential_DeskPortraitD_04/meshes\n'}
[1.154918] (smart_agent_gazebo) StdoutLine: {'line': b'creating /home/test/wf3/gazebo/agentsd_ws/install/smart_agent_gazebo/share/smart_agent_gazebo/models/aws_robomaker_residential_SeasoningBox_01\n'}
[1.155240] (smart_agent_gazebo) StdoutLine: {'line': b'copying models/aws_robomaker_residential_SeasoningBox_01/model.config -> /home/test/wf3/gazebo/agentsd_ws/install/smart_agent_gazebo/share/smart_agent_gazebo/models/aws_robomaker_residential_SeasoningBox_01\n'}
[1.155361] (smart_agent_gazebo) StdoutLine: {'line': b'copying models/aws_robomaker_residential_SeasoningBox_01/model.sdf -> /home/test/wf3/gazebo/agentsd_ws/install/smart_agent_gazebo/share/smart_agent_gazebo/models/aws_robomaker_residential_SeasoningBox_01\n'}
[1.155481] (smart_agent_gazebo) StdoutLine: {'line': b'creating /home/test/wf3/gazebo/agentsd_ws/install/smart_agent_gazebo/share/smart_agent_gazebo/models/aws_robomaker_residential_SeasoningBox_01/materials\n'}
[1.155606] (smart_agent_gazebo) StdoutLine: {'line': b'creating /home/test/wf3/gazebo/agentsd_ws/install/smart_agent_gazebo/share/smart_agent_gazebo/models/aws_robomaker_residential_SeasoningBox_01/materials/textures\n'}
[1.155730] (smart_agent_gazebo) StdoutLine: {'line': b'copying models/aws_robomaker_residential_SeasoningBox_01/materials/textures/aws_SeasoningBox_01.png -> /home/test/wf3/gazebo/agentsd_ws/install/smart_agent_gazebo/share/smart_agent_gazebo/models/aws_robomaker_residential_SeasoningBox_01/materials/textures\n'}
[1.155857] (smart_agent_gazebo) StdoutLine: {'line': b'creating /home/test/wf3/gazebo/agentsd_ws/install/smart_agent_gazebo/share/smart_agent_gazebo/models/aws_robomaker_residential_SeasoningBox_01/meshes\n'}
[1.155978] (smart_agent_gazebo) StdoutLine: {'line': b'copying models/aws_robomaker_residential_SeasoningBox_01/meshes/aws_SeasoningBox_01_collision.DAE -> /home/test/wf3/gazebo/agentsd_ws/install/smart_agent_gazebo/share/smart_agent_gazebo/models/aws_robomaker_residential_SeasoningBox_01/meshes\n'}
[1.156107] (smart_agent_gazebo) StdoutLine: {'line': b'copying models/aws_robomaker_residential_SeasoningBox_01/meshes/aws_SeasoningBox_01_visual.DAE -> /home/test/wf3/gazebo/agentsd_ws/install/smart_agent_gazebo/share/smart_agent_gazebo/models/aws_robomaker_residential_SeasoningBox_01/meshes\n'}
[1.156237] (smart_agent_gazebo) StdoutLine: {'line': b'creating /home/test/wf3/gazebo/agentsd_ws/install/smart_agent_gazebo/share/smart_agent_gazebo/models/aws_robomaker_residential_DeskPortraitB_01\n'}
[1.156369] (smart_agent_gazebo) StdoutLine: {'line': b'copying models/aws_robomaker_residential_DeskPortraitB_01/model.config -> /home/test/wf3/gazebo/agentsd_ws/install/smart_agent_gazebo/share/smart_agent_gazebo/models/aws_robomaker_residential_DeskPortraitB_01\n'}
[1.156536] (smart_agent_gazebo) StdoutLine: {'line': b'copying models/aws_robomaker_residential_DeskPortraitB_01/model.sdf -> /home/test/wf3/gazebo/agentsd_ws/install/smart_agent_gazebo/share/smart_agent_gazebo/models/aws_robomaker_residential_DeskPortraitB_01\n'}
[1.156777] (smart_agent_gazebo) StdoutLine: {'line': b'creating /home/test/wf3/gazebo/agentsd_ws/install/smart_agent_gazebo/share/smart_agent_gazebo/models/aws_robomaker_residential_DeskPortraitB_01/materials\n'}
[1.156904] (smart_agent_gazebo) StdoutLine: {'line': b'creating /home/test/wf3/gazebo/agentsd_ws/install/smart_agent_gazebo/share/smart_agent_gazebo/models/aws_robomaker_residential_DeskPortraitB_01/materials/textures\n'}
[1.157031] (smart_agent_gazebo) StdoutLine: {'line': b'copying models/aws_robomaker_residential_DeskPortraitB_01/materials/textures/aws_DeskPortraitB_02.png -> /home/test/wf3/gazebo/agentsd_ws/install/smart_agent_gazebo/share/smart_agent_gazebo/models/aws_robomaker_residential_DeskPortraitB_01/materials/textures\n'}
[1.157157] (smart_agent_gazebo) StdoutLine: {'line': b'copying models/aws_robomaker_residential_DeskPortraitB_01/materials/textures/aws_DeskPortraitB_01.png -> /home/test/wf3/gazebo/agentsd_ws/install/smart_agent_gazebo/share/smart_agent_gazebo/models/aws_robomaker_residential_DeskPortraitB_01/materials/textures\n'}
[1.157281] (smart_agent_gazebo) StdoutLine: {'line': b'creating /home/test/wf3/gazebo/agentsd_ws/install/smart_agent_gazebo/share/smart_agent_gazebo/models/aws_robomaker_residential_DeskPortraitB_01/meshes\n'}
[1.157412] (smart_agent_gazebo) StdoutLine: {'line': b'copying models/aws_robomaker_residential_DeskPortraitB_01/meshes/aws_DeskPortraitB_01_visual.DAE -> /home/test/wf3/gazebo/agentsd_ws/install/smart_agent_gazebo/share/smart_agent_gazebo/models/aws_robomaker_residential_DeskPortraitB_01/meshes\n'}
[1.157545] (smart_agent_gazebo) StdoutLine: {'line': b'copying models/aws_robomaker_residential_DeskPortraitB_01/meshes/aws_DeskPortraitB_01_collision.DAE -> /home/test/wf3/gazebo/agentsd_ws/install/smart_agent_gazebo/share/smart_agent_gazebo/models/aws_robomaker_residential_DeskPortraitB_01/meshes\n'}
[1.157675] (smart_agent_gazebo) StdoutLine: {'line': b'creating /home/test/wf3/gazebo/agentsd_ws/install/smart_agent_gazebo/share/smart_agent_gazebo/models/aws_robomaker_residential_DeskPortraitD_02\n'}
[1.157810] (smart_agent_gazebo) StdoutLine: {'line': b'copying models/aws_robomaker_residential_DeskPortraitD_02/model.config -> /home/test/wf3/gazebo/agentsd_ws/install/smart_agent_gazebo/share/smart_agent_gazebo/models/aws_robomaker_residential_DeskPortraitD_02\n'}
[1.157940] (smart_agent_gazebo) StdoutLine: {'line': b'copying models/aws_robomaker_residential_DeskPortraitD_02/model.sdf -> /home/test/wf3/gazebo/agentsd_ws/install/smart_agent_gazebo/share/smart_agent_gazebo/models/aws_robomaker_residential_DeskPortraitD_02\n'}
[1.158150] (smart_agent_gazebo) StdoutLine: {'line': b'creating /home/test/wf3/gazebo/agentsd_ws/install/smart_agent_gazebo/share/smart_agent_gazebo/models/aws_robomaker_residential_DeskPortraitD_02/materials\n'}
[1.158276] (smart_agent_gazebo) StdoutLine: {'line': b'creating /home/test/wf3/gazebo/agentsd_ws/install/smart_agent_gazebo/share/smart_agent_gazebo/models/aws_robomaker_residential_DeskPortraitD_02/materials/textures\n'}
[1.158393] (smart_agent_gazebo) StdoutLine: {'line': b'copying models/aws_robomaker_residential_DeskPortraitD_02/materials/textures/aws_DeskPortraitD_02.png -> /home/test/wf3/gazebo/agentsd_ws/install/smart_agent_gazebo/share/smart_agent_gazebo/models/aws_robomaker_residential_DeskPortraitD_02/materials/textures\n'}
[1.158512] (smart_agent_gazebo) StdoutLine: {'line': b'copying models/aws_robomaker_residential_DeskPortraitD_02/materials/textures/aws_DeskPortraitD_01.png -> /home/test/wf3/gazebo/agentsd_ws/install/smart_agent_gazebo/share/smart_agent_gazebo/models/aws_robomaker_residential_DeskPortraitD_02/materials/textures\n'}
[1.158635] (smart_agent_gazebo) StdoutLine: {'line': b'creating /home/test/wf3/gazebo/agentsd_ws/install/smart_agent_gazebo/share/smart_agent_gazebo/models/aws_robomaker_residential_DeskPortraitD_02/meshes\n'}
[1.158758] (smart_agent_gazebo) StdoutLine: {'line': b'copying models/aws_robomaker_residential_DeskPortraitD_02/meshes/aws_DeskPortraitD_01_visual.DAE -> /home/test/wf3/gazebo/agentsd_ws/install/smart_agent_gazebo/share/smart_agent_gazebo/models/aws_robomaker_residential_DeskPortraitD_02/meshes\n'}
[1.158948] (smart_agent_gazebo) StdoutLine: {'line': b'copying models/aws_robomaker_residential_DeskPortraitD_02/meshes/aws_DeskPortraitD_01_collision.DAE -> /home/test/wf3/gazebo/agentsd_ws/install/smart_agent_gazebo/share/smart_agent_gazebo/models/aws_robomaker_residential_DeskPortraitD_02/meshes\n'}
[1.159067] (smart_agent_gazebo) StdoutLine: {'line': b'creating /home/test/wf3/gazebo/agentsd_ws/install/smart_agent_gazebo/share/smart_agent_gazebo/models/BMWCart\n'}
[1.159183] (smart_agent_gazebo) StdoutLine: {'line': b'copying models/BMWCart/model.config -> /home/test/wf3/gazebo/agentsd_ws/install/smart_agent_gazebo/share/smart_agent_gazebo/models/BMWCart\n'}
[1.159304] (smart_agent_gazebo) StdoutLine: {'line': b'copying models/BMWCart/model.sdf -> /home/test/wf3/gazebo/agentsd_ws/install/smart_agent_gazebo/share/smart_agent_gazebo/models/BMWCart\n'}
[1.159421] (smart_agent_gazebo) StdoutLine: {'line': b'creating /home/test/wf3/gazebo/agentsd_ws/install/smart_agent_gazebo/share/smart_agent_gazebo/models/BMWCart/thumbnails\n'}
[1.159539] (smart_agent_gazebo) StdoutLine: {'line': b'copying models/BMWCart/thumbnails/2.png -> /home/test/wf3/gazebo/agentsd_ws/install/smart_agent_gazebo/share/smart_agent_gazebo/models/BMWCart/thumbnails\n'}
[1.159655] (smart_agent_gazebo) StdoutLine: {'line': b'copying models/BMWCart/thumbnails/1.png -> /home/test/wf3/gazebo/agentsd_ws/install/smart_agent_gazebo/share/smart_agent_gazebo/models/BMWCart/thumbnails\n'}
[1.159772] (smart_agent_gazebo) StdoutLine: {'line': b'copying models/BMWCart/thumbnails/4.png -> /home/test/wf3/gazebo/agentsd_ws/install/smart_agent_gazebo/share/smart_agent_gazebo/models/BMWCart/thumbnails\n'}
[1.159886] (smart_agent_gazebo) StdoutLine: {'line': b'copying models/BMWCart/thumbnails/3.png -> /home/test/wf3/gazebo/agentsd_ws/install/smart_agent_gazebo/share/smart_agent_gazebo/models/BMWCart/thumbnails\n'}
[1.159995] (smart_agent_gazebo) StdoutLine: {'line': b'copying models/BMWCart/thumbnails/5.png -> /home/test/wf3/gazebo/agentsd_ws/install/smart_agent_gazebo/share/smart_agent_gazebo/models/BMWCart/thumbnails\n'}
[1.160115] (smart_agent_gazebo) StdoutLine: {'line': b'creating /home/test/wf3/gazebo/agentsd_ws/install/smart_agent_gazebo/share/smart_agent_gazebo/models/BMWCart/meshes\n'}
[1.160239] (smart_agent_gazebo) StdoutLine: {'line': b'copying models/BMWCart/meshes/Cart_BMW_Col.obj -> /home/test/wf3/gazebo/agentsd_ws/install/smart_agent_gazebo/share/smart_agent_gazebo/models/BMWCart/meshes\n'}
[1.160362] (smart_agent_gazebo) StdoutLine: {'line': b'copying models/BMWCart/meshes/Cart_BMW_Col.mtl -> /home/test/wf3/gazebo/agentsd_ws/install/smart_agent_gazebo/share/smart_agent_gazebo/models/BMWCart/meshes\n'}
[1.160485] (smart_agent_gazebo) StdoutLine: {'line': b'copying models/BMWCart/meshes/Cart_BMW_Diffuse.png -> /home/test/wf3/gazebo/agentsd_ws/install/smart_agent_gazebo/share/smart_agent_gazebo/models/BMWCart/meshes\n'}
[1.160602] (smart_agent_gazebo) StdoutLine: {'line': b'copying models/BMWCart/meshes/Cart_BMW.mtl -> /home/test/wf3/gazebo/agentsd_ws/install/smart_agent_gazebo/share/smart_agent_gazebo/models/BMWCart/meshes\n'}
[1.160722] (smart_agent_gazebo) StdoutLine: {'line': b'copying models/BMWCart/meshes/Carts_Wheels_Diffuse.png -> /home/test/wf3/gazebo/agentsd_ws/install/smart_agent_gazebo/share/smart_agent_gazebo/models/BMWCart/meshes\n'}
[1.160840] (smart_agent_gazebo) StdoutLine: {'line': b'copying models/BMWCart/meshes/Cart_BMW.obj -> /home/test/wf3/gazebo/agentsd_ws/install/smart_agent_gazebo/share/smart_agent_gazebo/models/BMWCart/meshes\n'}
[1.160955] (smart_agent_gazebo) StdoutLine: {'line': b'copying models/BMWCart/meshes/Cart_BMW_SpecGloss.png -> /home/test/wf3/gazebo/agentsd_ws/install/smart_agent_gazebo/share/smart_agent_gazebo/models/BMWCart/meshes\n'}
[1.161131] (smart_agent_gazebo) StdoutLine: {'line': b'copying models/BMWCart/meshes/Cart_BMW_Normal.png -> /home/test/wf3/gazebo/agentsd_ws/install/smart_agent_gazebo/share/smart_agent_gazebo/models/BMWCart/meshes\n'}
[1.161248] (smart_agent_gazebo) StdoutLine: {'line': b'creating /home/test/wf3/gazebo/agentsd_ws/install/smart_agent_gazebo/share/smart_agent_gazebo/models/aws_robomaker_residential_PortraitA_01\n'}
[1.161360] (smart_agent_gazebo) StdoutLine: {'line': b'copying models/aws_robomaker_residential_PortraitA_01/model.config -> /home/test/wf3/gazebo/agentsd_ws/install/smart_agent_gazebo/share/smart_agent_gazebo/models/aws_robomaker_residential_PortraitA_01\n'}
[1.161475] (smart_agent_gazebo) StdoutLine: {'line': b'copying models/aws_robomaker_residential_PortraitA_01/model.sdf -> /home/test/wf3/gazebo/agentsd_ws/install/smart_agent_gazebo/share/smart_agent_gazebo/models/aws_robomaker_residential_PortraitA_01\n'}
[1.161585] (smart_agent_gazebo) StdoutLine: {'line': b'creating /home/test/wf3/gazebo/agentsd_ws/install/smart_agent_gazebo/share/smart_agent_gazebo/models/aws_robomaker_residential_PortraitA_01/materials\n'}
[1.161698] (smart_agent_gazebo) StdoutLine: {'line': b'creating /home/test/wf3/gazebo/agentsd_ws/install/smart_agent_gazebo/share/smart_agent_gazebo/models/aws_robomaker_residential_PortraitA_01/materials/textures\n'}
[1.161806] (smart_agent_gazebo) StdoutLine: {'line': b'copying models/aws_robomaker_residential_PortraitA_01/materials/textures/aws_PortraitA_02.png -> /home/test/wf3/gazebo/agentsd_ws/install/smart_agent_gazebo/share/smart_agent_gazebo/models/aws_robomaker_residential_PortraitA_01/materials/textures\n'}
[1.161921] (smart_agent_gazebo) StdoutLine: {'line': b'copying models/aws_robomaker_residential_PortraitA_01/materials/textures/aws_PortraitA_01.png -> /home/test/wf3/gazebo/agentsd_ws/install/smart_agent_gazebo/share/smart_agent_gazebo/models/aws_robomaker_residential_PortraitA_01/materials/textures\n'}
[1.162034] (smart_agent_gazebo) StdoutLine: {'line': b'creating /home/test/wf3/gazebo/agentsd_ws/install/smart_agent_gazebo/share/smart_agent_gazebo/models/aws_robomaker_residential_PortraitA_01/meshes\n'}
[1.162158] (smart_agent_gazebo) StdoutLine: {'line': b'copying models/aws_robomaker_residential_PortraitA_01/meshes/aws_PortraitA_01_collision.DAE -> /home/test/wf3/gazebo/agentsd_ws/install/smart_agent_gazebo/share/smart_agent_gazebo/models/aws_robomaker_residential_PortraitA_01/meshes\n'}
[1.162275] (smart_agent_gazebo) StdoutLine: {'line': b'copying models/aws_robomaker_residential_PortraitA_01/meshes/aws_PortraitA_01_visual.DAE -> /home/test/wf3/gazebo/agentsd_ws/install/smart_agent_gazebo/share/smart_agent_gazebo/models/aws_robomaker_residential_PortraitA_01/meshes\n'}
[1.162390] (smart_agent_gazebo) StdoutLine: {'line': b'creating /home/test/wf3/gazebo/agentsd_ws/install/smart_agent_gazebo/share/smart_agent_gazebo/models/aws_robomaker_hospital_nursesstation_01\n'}
[1.162502] (smart_agent_gazebo) StdoutLine: {'line': b'copying models/aws_robomaker_hospital_nursesstation_01/model.config -> /home/test/wf3/gazebo/agentsd_ws/install/smart_agent_gazebo/share/smart_agent_gazebo/models/aws_robomaker_hospital_nursesstation_01\n'}
[1.162615] (smart_agent_gazebo) StdoutLine: {'line': b'copying models/aws_robomaker_hospital_nursesstation_01/aws_robomaker_hospital_nursesstation_01_visual_normal.png -> /home/test/wf3/gazebo/agentsd_ws/install/smart_agent_gazebo/share/smart_agent_gazebo/models/aws_robomaker_hospital_nursesstation_01\n'}
[1.162726] (smart_agent_gazebo) StdoutLine: {'line': b'copying models/aws_robomaker_hospital_nursesstation_01/model.sdf -> /home/test/wf3/gazebo/agentsd_ws/install/smart_agent_gazebo/share/smart_agent_gazebo/models/aws_robomaker_hospital_nursesstation_01\n'}
[1.162837] (smart_agent_gazebo) StdoutLine: {'line': b'copying models/aws_robomaker_hospital_nursesstation_01/aws_robomaker_hospital_nursesstation_01_low.png -> /home/test/wf3/gazebo/agentsd_ws/install/smart_agent_gazebo/share/smart_agent_gazebo/models/aws_robomaker_hospital_nursesstation_01\n'}
[1.162951] (smart_agent_gazebo) StdoutLine: {'line': b'copying models/aws_robomaker_hospital_nursesstation_01/aws_robomaker_hospital_nursesstation_01_low_normal.png -> /home/test/wf3/gazebo/agentsd_ws/install/smart_agent_gazebo/share/smart_agent_gazebo/models/aws_robomaker_hospital_nursesstation_01\n'}
[1.163070] (smart_agent_gazebo) StdoutLine: {'line': b'copying models/aws_robomaker_hospital_nursesstation_01/aws_robomaker_hospital_nursesstation_01_visual.png -> /home/test/wf3/gazebo/agentsd_ws/install/smart_agent_gazebo/share/smart_agent_gazebo/models/aws_robomaker_hospital_nursesstation_01\n'}
[1.163183] (smart_agent_gazebo) StdoutLine: {'line': b'creating /home/test/wf3/gazebo/agentsd_ws/install/smart_agent_gazebo/share/smart_agent_gazebo/models/aws_robomaker_hospital_nursesstation_01/meshes\n'}
[1.163297] (smart_agent_gazebo) StdoutLine: {'line': b'copying models/aws_robomaker_hospital_nursesstation_01/meshes/aws_robomaker_hospital_nursesstation_01_low.dae -> /home/test/wf3/gazebo/agentsd_ws/install/smart_agent_gazebo/share/smart_agent_gazebo/models/aws_robomaker_hospital_nursesstation_01/meshes\n'}
[1.163414] (smart_agent_gazebo) StdoutLine: {'line': b'copying models/aws_robomaker_hospital_nursesstation_01/meshes/aws_robomaker_hospital_nursesstation_01_visual.dae -> /home/test/wf3/gazebo/agentsd_ws/install/smart_agent_gazebo/share/smart_agent_gazebo/models/aws_robomaker_hospital_nursesstation_01/meshes\n'}
[1.163540] (smart_agent_gazebo) StdoutLine: {'line': b'copying models/aws_robomaker_hospital_nursesstation_01/meshes/aws_robomaker_hospital_nursesstation_01_visual_normal.png -> /home/test/wf3/gazebo/agentsd_ws/install/smart_agent_gazebo/share/smart_agent_gazebo/models/aws_robomaker_hospital_nursesstation_01/meshes\n'}
[1.163658] (smart_agent_gazebo) StdoutLine: {'line': b'copying models/aws_robomaker_hospital_nursesstation_01/meshes/aws_robomaker_hospital_nursesstation_01_collision.dae -> /home/test/wf3/gazebo/agentsd_ws/install/smart_agent_gazebo/share/smart_agent_gazebo/models/aws_robomaker_hospital_nursesstation_01/meshes\n'}
[1.163773] (smart_agent_gazebo) StdoutLine: {'line': b'copying models/aws_robomaker_hospital_nursesstation_01/meshes/aws_robomaker_hospital_nursesstation_01_low.png -> /home/test/wf3/gazebo/agentsd_ws/install/smart_agent_gazebo/share/smart_agent_gazebo/models/aws_robomaker_hospital_nursesstation_01/meshes\n'}
[1.163886] (smart_agent_gazebo) StdoutLine: {'line': b'copying models/aws_robomaker_hospital_nursesstation_01/meshes/aws_robomaker_hospital_nursesstation_01_low_normal.png -> /home/test/wf3/gazebo/agentsd_ws/install/smart_agent_gazebo/share/smart_agent_gazebo/models/aws_robomaker_hospital_nursesstation_01/meshes\n'}
[1.164001] (smart_agent_gazebo) StdoutLine: {'line': b'copying models/aws_robomaker_hospital_nursesstation_01/meshes/aws_robomaker_hospital_nursesstation_01_visual.png -> /home/test/wf3/gazebo/agentsd_ws/install/smart_agent_gazebo/share/smart_agent_gazebo/models/aws_robomaker_hospital_nursesstation_01/meshes\n'}
[1.164120] (smart_agent_gazebo) StdoutLine: {'line': b'creating /home/test/wf3/gazebo/agentsd_ws/install/smart_agent_gazebo/share/smart_agent_gazebo/models/BedTable\n'}
[1.164234] (smart_agent_gazebo) StdoutLine: {'line': b'copying models/BedTable/model.config -> /home/test/wf3/gazebo/agentsd_ws/install/smart_agent_gazebo/share/smart_agent_gazebo/models/BedTable\n'}
[1.164347] (smart_agent_gazebo) StdoutLine: {'line': b'copying models/BedTable/model.sdf -> /home/test/wf3/gazebo/agentsd_ws/install/smart_agent_gazebo/share/smart_agent_gazebo/models/BedTable\n'}
[1.164458] (smart_agent_gazebo) StdoutLine: {'line': b'creating /home/test/wf3/gazebo/agentsd_ws/install/smart_agent_gazebo/share/smart_agent_gazebo/models/BedTable/thumbnails\n'}
[1.164571] (smart_agent_gazebo) StdoutLine: {'line': b'copying models/BedTable/thumbnails/2.png -> /home/test/wf3/gazebo/agentsd_ws/install/smart_agent_gazebo/share/smart_agent_gazebo/models/BedTable/thumbnails\n'}
[1.164681] (smart_agent_gazebo) StdoutLine: {'line': b'copying models/BedTable/thumbnails/1.png -> /home/test/wf3/gazebo/agentsd_ws/install/smart_agent_gazebo/share/smart_agent_gazebo/models/BedTable/thumbnails\n'}
[1.164792] (smart_agent_gazebo) StdoutLine: {'line': b'copying models/BedTable/thumbnails/4.png -> /home/test/wf3/gazebo/agentsd_ws/install/smart_agent_gazebo/share/smart_agent_gazebo/models/BedTable/thumbnails\n'}
[1.164906] (smart_agent_gazebo) StdoutLine: {'line': b'copying models/BedTable/thumbnails/3.png -> /home/test/wf3/gazebo/agentsd_ws/install/smart_agent_gazebo/share/smart_agent_gazebo/models/BedTable/thumbnails\n'}
[1.165015] (smart_agent_gazebo) StdoutLine: {'line': b'copying models/BedTable/thumbnails/5.png -> /home/test/wf3/gazebo/agentsd_ws/install/smart_agent_gazebo/share/smart_agent_gazebo/models/BedTable/thumbnails\n'}
[1.165124] (smart_agent_gazebo) StdoutLine: {'line': b'creating /home/test/wf3/gazebo/agentsd_ws/install/smart_agent_gazebo/share/smart_agent_gazebo/models/BedTable/meshes\n'}
[1.165232] (smart_agent_gazebo) StdoutLine: {'line': b'copying models/BedTable/meshes/BedTable_Diffuse.png -> /home/test/wf3/gazebo/agentsd_ws/install/smart_agent_gazebo/share/smart_agent_gazebo/models/BedTable/meshes\n'}
[1.165341] (smart_agent_gazebo) StdoutLine: {'line': b'copying models/BedTable/meshes/BedTable_SpecGloss.png -> /home/test/wf3/gazebo/agentsd_ws/install/smart_agent_gazebo/share/smart_agent_gazebo/models/BedTable/meshes\n'}
[1.165451] (smart_agent_gazebo) StdoutLine: {'line': b'copying models/BedTable/meshes/BedTable_Col.obj -> /home/test/wf3/gazebo/agentsd_ws/install/smart_agent_gazebo/share/smart_agent_gazebo/models/BedTable/meshes\n'}
[1.165562] (smart_agent_gazebo) StdoutLine: {'line': b'copying models/BedTable/meshes/BedTable_Col.mtl -> /home/test/wf3/gazebo/agentsd_ws/install/smart_agent_gazebo/share/smart_agent_gazebo/models/BedTable/meshes\n'}
[1.165670] (smart_agent_gazebo) StdoutLine: {'line': b'copying models/BedTable/meshes/BedTable.mtl -> /home/test/wf3/gazebo/agentsd_ws/install/smart_agent_gazebo/share/smart_agent_gazebo/models/BedTable/meshes\n'}
[1.165781] (smart_agent_gazebo) StdoutLine: {'line': b'copying models/BedTable/meshes/BedTable_Normal.png -> /home/test/wf3/gazebo/agentsd_ws/install/smart_agent_gazebo/share/smart_agent_gazebo/models/BedTable/meshes\n'}
[1.165891] (smart_agent_gazebo) StdoutLine: {'line': b'copying models/BedTable/meshes/BedTable.obj -> /home/test/wf3/gazebo/agentsd_ws/install/smart_agent_gazebo/share/smart_agent_gazebo/models/BedTable/meshes\n'}
[1.166001] (smart_agent_gazebo) StdoutLine: {'line': b'copying models/BedTable/meshes/BedTable.png -> /home/test/wf3/gazebo/agentsd_ws/install/smart_agent_gazebo/share/smart_agent_gazebo/models/BedTable/meshes\n'}
[1.166131] (smart_agent_gazebo) StdoutLine: {'line': b'creating /home/test/wf3/gazebo/agentsd_ws/install/smart_agent_gazebo/share/smart_agent_gazebo/models/aws_robomaker_residential_FitnessEquipment_01\n'}
[1.166246] (smart_agent_gazebo) StdoutLine: {'line': b'copying models/aws_robomaker_residential_FitnessEquipment_01/model.config -> /home/test/wf3/gazebo/agentsd_ws/install/smart_agent_gazebo/share/smart_agent_gazebo/models/aws_robomaker_residential_FitnessEquipment_01\n'}
[1.166361] (smart_agent_gazebo) StdoutLine: {'line': b'copying models/aws_robomaker_residential_FitnessEquipment_01/model.sdf -> /home/test/wf3/gazebo/agentsd_ws/install/smart_agent_gazebo/share/smart_agent_gazebo/models/aws_robomaker_residential_FitnessEquipment_01\n'}
[1.166471] (smart_agent_gazebo) StdoutLine: {'line': b'creating /home/test/wf3/gazebo/agentsd_ws/install/smart_agent_gazebo/share/smart_agent_gazebo/models/aws_robomaker_residential_FitnessEquipment_01/materials\n'}
[1.166584] (smart_agent_gazebo) StdoutLine: {'line': b'creating /home/test/wf3/gazebo/agentsd_ws/install/smart_agent_gazebo/share/smart_agent_gazebo/models/aws_robomaker_residential_FitnessEquipment_01/materials/textures\n'}
[1.166692] (smart_agent_gazebo) StdoutLine: {'line': b'copying models/aws_robomaker_residential_FitnessEquipment_01/materials/textures/aws_FitnessEquipment_01.png -> /home/test/wf3/gazebo/agentsd_ws/install/smart_agent_gazebo/share/smart_agent_gazebo/models/aws_robomaker_residential_FitnessEquipment_01/materials/textures\n'}
[1.166815] (smart_agent_gazebo) StdoutLine: {'line': b'creating /home/test/wf3/gazebo/agentsd_ws/install/smart_agent_gazebo/share/smart_agent_gazebo/models/aws_robomaker_residential_FitnessEquipment_01/meshes\n'}
[1.166932] (smart_agent_gazebo) StdoutLine: {'line': b'copying models/aws_robomaker_residential_FitnessEquipment_01/meshes/aws_FitnessEquipment_01_visual.DAE -> /home/test/wf3/gazebo/agentsd_ws/install/smart_agent_gazebo/share/smart_agent_gazebo/models/aws_robomaker_residential_FitnessEquipment_01/meshes\n'}
[1.167046] (smart_agent_gazebo) StdoutLine: {'line': b'copying models/aws_robomaker_residential_FitnessEquipment_01/meshes/aws_FitnessEquipment_01_collision.DAE -> /home/test/wf3/gazebo/agentsd_ws/install/smart_agent_gazebo/share/smart_agent_gazebo/models/aws_robomaker_residential_FitnessEquipment_01/meshes\n'}
[1.167158] (smart_agent_gazebo) StdoutLine: {'line': b'creating /home/test/wf3/gazebo/agentsd_ws/install/smart_agent_gazebo/share/smart_agent_gazebo/models/aws_robomaker_residential_DeskPortraitD_03\n'}
[1.167270] (smart_agent_gazebo) StdoutLine: {'line': b'copying models/aws_robomaker_residential_DeskPortraitD_03/model.config -> /home/test/wf3/gazebo/agentsd_ws/install/smart_agent_gazebo/share/smart_agent_gazebo/models/aws_robomaker_residential_DeskPortraitD_03\n'}
[1.167382] (smart_agent_gazebo) StdoutLine: {'line': b'copying models/aws_robomaker_residential_DeskPortraitD_03/model.sdf -> /home/test/wf3/gazebo/agentsd_ws/install/smart_agent_gazebo/share/smart_agent_gazebo/models/aws_robomaker_residential_DeskPortraitD_03\n'}
[1.167492] (smart_agent_gazebo) StdoutLine: {'line': b'creating /home/test/wf3/gazebo/agentsd_ws/install/smart_agent_gazebo/share/smart_agent_gazebo/models/aws_robomaker_residential_DeskPortraitD_03/materials\n'}
[1.167601] (smart_agent_gazebo) StdoutLine: {'line': b'creating /home/test/wf3/gazebo/agentsd_ws/install/smart_agent_gazebo/share/smart_agent_gazebo/models/aws_robomaker_residential_DeskPortraitD_03/materials/textures\n'}
[1.167715] (smart_agent_gazebo) StdoutLine: {'line': b'copying models/aws_robomaker_residential_DeskPortraitD_03/materials/textures/aws_DeskPortraitD_02.png -> /home/test/wf3/gazebo/agentsd_ws/install/smart_agent_gazebo/share/smart_agent_gazebo/models/aws_robomaker_residential_DeskPortraitD_03/materials/textures\n'}
[1.167829] (smart_agent_gazebo) StdoutLine: {'line': b'copying models/aws_robomaker_residential_DeskPortraitD_03/materials/textures/aws_DeskPortraitD_01.png -> /home/test/wf3/gazebo/agentsd_ws/install/smart_agent_gazebo/share/smart_agent_gazebo/models/aws_robomaker_residential_DeskPortraitD_03/materials/textures\n'}
[1.167942] (smart_agent_gazebo) StdoutLine: {'line': b'creating /home/test/wf3/gazebo/agentsd_ws/install/smart_agent_gazebo/share/smart_agent_gazebo/models/aws_robomaker_residential_DeskPortraitD_03/meshes\n'}
[1.168053] (smart_agent_gazebo) StdoutLine: {'line': b'copying models/aws_robomaker_residential_DeskPortraitD_03/meshes/aws_DeskPortraitD_01_visual.DAE -> /home/test/wf3/gazebo/agentsd_ws/install/smart_agent_gazebo/share/smart_agent_gazebo/models/aws_robomaker_residential_DeskPortraitD_03/meshes\n'}
[1.168167] (smart_agent_gazebo) StdoutLine: {'line': b'copying models/aws_robomaker_residential_DeskPortraitD_03/meshes/aws_DeskPortraitD_01_collision.DAE -> /home/test/wf3/gazebo/agentsd_ws/install/smart_agent_gazebo/share/smart_agent_gazebo/models/aws_robomaker_residential_DeskPortraitD_03/meshes\n'}
[1.168280] (smart_agent_gazebo) StdoutLine: {'line': b'creating /home/test/wf3/gazebo/agentsd_ws/install/smart_agent_gazebo/share/smart_agent_gazebo/models/aws_robomaker_hospital_floor_02_walls\n'}
[1.168403] (smart_agent_gazebo) StdoutLine: {'line': b'copying models/aws_robomaker_hospital_floor_02_walls/model.config -> /home/test/wf3/gazebo/agentsd_ws/install/smart_agent_gazebo/share/smart_agent_gazebo/models/aws_robomaker_hospital_floor_02_walls\n'}
[1.168517] (smart_agent_gazebo) StdoutLine: {'line': b'copying models/aws_robomaker_hospital_floor_02_walls/model.sdf -> /home/test/wf3/gazebo/agentsd_ws/install/smart_agent_gazebo/share/smart_agent_gazebo/models/aws_robomaker_hospital_floor_02_walls\n'}
[1.168628] (smart_agent_gazebo) StdoutLine: {'line': b'creating /home/test/wf3/gazebo/agentsd_ws/install/smart_agent_gazebo/share/smart_agent_gazebo/models/aws_robomaker_hospital_floor_02_walls/meshes\n'}
[1.168744] (smart_agent_gazebo) StdoutLine: {'line': b'copying models/aws_robomaker_hospital_floor_02_walls/meshes/aws_robomaker_hospital_floor_02_stairs.png -> /home/test/wf3/gazebo/agentsd_ws/install/smart_agent_gazebo/share/smart_agent_gazebo/models/aws_robomaker_hospital_floor_02_walls/meshes\n'}
[1.168857] (smart_agent_gazebo) StdoutLine: {'line': b'copying models/aws_robomaker_hospital_floor_02_walls/meshes/aws_robomaker_hospital_floor_02_handrail.png -> /home/test/wf3/gazebo/agentsd_ws/install/smart_agent_gazebo/share/smart_agent_gazebo/models/aws_robomaker_hospital_floor_02_walls/meshes\n'}
[1.168976] (smart_agent_gazebo) StdoutLine: {'line': b'copying models/aws_robomaker_hospital_floor_02_walls/meshes/aws_robomaker_hospital_floor_02_walls_collision.dae -> /home/test/wf3/gazebo/agentsd_ws/install/smart_agent_gazebo/share/smart_agent_gazebo/models/aws_robomaker_hospital_floor_02_walls/meshes\n'}
[1.169090] (smart_agent_gazebo) StdoutLine: {'line': b'copying models/aws_robomaker_hospital_floor_02_walls/meshes/aws_robomaker_hospital_floor_02_doorframes_small.png -> /home/test/wf3/gazebo/agentsd_ws/install/smart_agent_gazebo/share/smart_agent_gazebo/models/aws_robomaker_hospital_floor_02_walls/meshes\n'}
[1.169204] (smart_agent_gazebo) StdoutLine: {'line': b'copying models/aws_robomaker_hospital_floor_02_walls/meshes/aws_robomaker_hospital_floor_02_bumprail.png -> /home/test/wf3/gazebo/agentsd_ws/install/smart_agent_gazebo/share/smart_agent_gazebo/models/aws_robomaker_hospital_floor_02_walls/meshes\n'}
[1.169319] (smart_agent_gazebo) StdoutLine: {'line': b'copying models/aws_robomaker_hospital_floor_02_walls/meshes/aws_robomaker_hospital_floor_02_doorsign.png -> /home/test/wf3/gazebo/agentsd_ws/install/smart_agent_gazebo/share/smart_agent_gazebo/models/aws_robomaker_hospital_floor_02_walls/meshes\n'}
[1.169430] (smart_agent_gazebo) StdoutLine: {'line': b'copying models/aws_robomaker_hospital_floor_02_walls/meshes/aws_robomaker_hospital_floor_02_walls_visual.dae -> /home/test/wf3/gazebo/agentsd_ws/install/smart_agent_gazebo/share/smart_agent_gazebo/models/aws_robomaker_hospital_floor_02_walls/meshes\n'}
[1.169542] (smart_agent_gazebo) StdoutLine: {'line': b'copying models/aws_robomaker_hospital_floor_02_walls/meshes/aws_robomaker_hospital_floor_02_doorframes_big.png -> /home/test/wf3/gazebo/agentsd_ws/install/smart_agent_gazebo/share/smart_agent_gazebo/models/aws_robomaker_hospital_floor_02_walls/meshes\n'}
[1.169653] (smart_agent_gazebo) StdoutLine: {'line': b'copying models/aws_robomaker_hospital_floor_02_walls/meshes/aws_robomaker_hospital_floor_02_windows.png -> /home/test/wf3/gazebo/agentsd_ws/install/smart_agent_gazebo/share/smart_agent_gazebo/models/aws_robomaker_hospital_floor_02_walls/meshes\n'}
[1.169765] (smart_agent_gazebo) StdoutLine: {'line': b'copying models/aws_robomaker_hospital_floor_02_walls/meshes/aws_robomaker_hospital_floor_02_walls.png -> /home/test/wf3/gazebo/agentsd_ws/install/smart_agent_gazebo/share/smart_agent_gazebo/models/aws_robomaker_hospital_floor_02_walls/meshes\n'}
[1.169875] (smart_agent_gazebo) StdoutLine: {'line': b'creating /home/test/wf3/gazebo/agentsd_ws/install/smart_agent_gazebo/share/smart_agent_gazebo/models/aws_robomaker_residential_CoffeeTable_01\n'}
[1.169987] (smart_agent_gazebo) StdoutLine: {'line': b'copying models/aws_robomaker_residential_CoffeeTable_01/model.config -> /home/test/wf3/gazebo/agentsd_ws/install/smart_agent_gazebo/share/smart_agent_gazebo/models/aws_robomaker_residential_CoffeeTable_01\n'}
[1.170106] (smart_agent_gazebo) StdoutLine: {'line': b'copying models/aws_robomaker_residential_CoffeeTable_01/model.sdf -> /home/test/wf3/gazebo/agentsd_ws/install/smart_agent_gazebo/share/smart_agent_gazebo/models/aws_robomaker_residential_CoffeeTable_01\n'}
[1.170221] (smart_agent_gazebo) StdoutLine: {'line': b'creating /home/test/wf3/gazebo/agentsd_ws/install/smart_agent_gazebo/share/smart_agent_gazebo/models/aws_robomaker_residential_CoffeeTable_01/materials\n'}
[1.170334] (smart_agent_gazebo) StdoutLine: {'line': b'creating /home/test/wf3/gazebo/agentsd_ws/install/smart_agent_gazebo/share/smart_agent_gazebo/models/aws_robomaker_residential_CoffeeTable_01/materials/textures\n'}
[1.170443] (smart_agent_gazebo) StdoutLine: {'line': b'copying models/aws_robomaker_residential_CoffeeTable_01/materials/textures/aws_CoffeeTable_01.png -> /home/test/wf3/gazebo/agentsd_ws/install/smart_agent_gazebo/share/smart_agent_gazebo/models/aws_robomaker_residential_CoffeeTable_01/materials/textures\n'}
[1.170566] (smart_agent_gazebo) StdoutLine: {'line': b'creating /home/test/wf3/gazebo/agentsd_ws/install/smart_agent_gazebo/share/smart_agent_gazebo/models/aws_robomaker_residential_CoffeeTable_01/meshes\n'}
[1.170677] (smart_agent_gazebo) StdoutLine: {'line': b'copying models/aws_robomaker_residential_CoffeeTable_01/meshes/aws_CoffeeTable_01_collision.DAE -> /home/test/wf3/gazebo/agentsd_ws/install/smart_agent_gazebo/share/smart_agent_gazebo/models/aws_robomaker_residential_CoffeeTable_01/meshes\n'}
[1.170789] (smart_agent_gazebo) StdoutLine: {'line': b'copying models/aws_robomaker_residential_CoffeeTable_01/meshes/aws_CoffeeTable_01_visual.DAE -> /home/test/wf3/gazebo/agentsd_ws/install/smart_agent_gazebo/share/smart_agent_gazebo/models/aws_robomaker_residential_CoffeeTable_01/meshes\n'}
[1.170900] (smart_agent_gazebo) StdoutLine: {'line': b'creating /home/test/wf3/gazebo/agentsd_ws/install/smart_agent_gazebo/share/smart_agent_gazebo/models/MetalCabinet\n'}
[1.171001] (smart_agent_gazebo) StdoutLine: {'line': b'copying models/MetalCabinet/model.config -> /home/test/wf3/gazebo/agentsd_ws/install/smart_agent_gazebo/share/smart_agent_gazebo/models/MetalCabinet\n'}
[1.171109] (smart_agent_gazebo) StdoutLine: {'line': b'copying models/MetalCabinet/model.sdf -> /home/test/wf3/gazebo/agentsd_ws/install/smart_agent_gazebo/share/smart_agent_gazebo/models/MetalCabinet\n'}
[1.171207] (smart_agent_gazebo) StdoutLine: {'line': b'creating /home/test/wf3/gazebo/agentsd_ws/install/smart_agent_gazebo/share/smart_agent_gazebo/models/MetalCabinet/thumbnails\n'}
[1.171306] (smart_agent_gazebo) StdoutLine: {'line': b'copying models/MetalCabinet/thumbnails/2.png -> /home/test/wf3/gazebo/agentsd_ws/install/smart_agent_gazebo/share/smart_agent_gazebo/models/MetalCabinet/thumbnails\n'}
[1.171406] (smart_agent_gazebo) StdoutLine: {'line': b'copying models/MetalCabinet/thumbnails/1.png -> /home/test/wf3/gazebo/agentsd_ws/install/smart_agent_gazebo/share/smart_agent_gazebo/models/MetalCabinet/thumbnails\n'}
[1.171506] (smart_agent_gazebo) StdoutLine: {'line': b'copying models/MetalCabinet/thumbnails/4.png -> /home/test/wf3/gazebo/agentsd_ws/install/smart_agent_gazebo/share/smart_agent_gazebo/models/MetalCabinet/thumbnails\n'}
[1.171602] (smart_agent_gazebo) StdoutLine: {'line': b'copying models/MetalCabinet/thumbnails/3.png -> /home/test/wf3/gazebo/agentsd_ws/install/smart_agent_gazebo/share/smart_agent_gazebo/models/MetalCabinet/thumbnails\n'}
[1.171702] (smart_agent_gazebo) StdoutLine: {'line': b'copying models/MetalCabinet/thumbnails/5.png -> /home/test/wf3/gazebo/agentsd_ws/install/smart_agent_gazebo/share/smart_agent_gazebo/models/MetalCabinet/thumbnails\n'}
[1.171798] (smart_agent_gazebo) StdoutLine: {'line': b'creating /home/test/wf3/gazebo/agentsd_ws/install/smart_agent_gazebo/share/smart_agent_gazebo/models/MetalCabinet/meshes\n'}
[1.171897] (smart_agent_gazebo) StdoutLine: {'line': b'copying models/MetalCabinet/meshes/MetalCabinet.png -> /home/test/wf3/gazebo/agentsd_ws/install/smart_agent_gazebo/share/smart_agent_gazebo/models/MetalCabinet/meshes\n'}
[1.171996] (smart_agent_gazebo) StdoutLine: {'line': b'copying models/MetalCabinet/meshes/MetalCabinet.mtl -> /home/test/wf3/gazebo/agentsd_ws/install/smart_agent_gazebo/share/smart_agent_gazebo/models/MetalCabinet/meshes\n'}
[1.172095] (smart_agent_gazebo) StdoutLine: {'line': b'copying models/MetalCabinet/meshes/MetalCabinet.obj -> /home/test/wf3/gazebo/agentsd_ws/install/smart_agent_gazebo/share/smart_agent_gazebo/models/MetalCabinet/meshes\n'}
[1.172198] (smart_agent_gazebo) StdoutLine: {'line': b'creating /home/test/wf3/gazebo/agentsd_ws/install/smart_agent_gazebo/share/smart_agent_gazebo/models/CGMClassic\n'}
[1.172295] (smart_agent_gazebo) StdoutLine: {'line': b'copying models/CGMClassic/model.config -> /home/test/wf3/gazebo/agentsd_ws/install/smart_agent_gazebo/share/smart_agent_gazebo/models/CGMClassic\n'}
[1.172393] (smart_agent_gazebo) StdoutLine: {'line': b'copying models/CGMClassic/model.sdf -> /home/test/wf3/gazebo/agentsd_ws/install/smart_agent_gazebo/share/smart_agent_gazebo/models/CGMClassic\n'}
[1.172491] (smart_agent_gazebo) StdoutLine: {'line': b'creating /home/test/wf3/gazebo/agentsd_ws/install/smart_agent_gazebo/share/smart_agent_gazebo/models/CGMClassic/thumbnails\n'}
[1.172590] (smart_agent_gazebo) StdoutLine: {'line': b'copying models/CGMClassic/thumbnails/2.png -> /home/test/wf3/gazebo/agentsd_ws/install/smart_agent_gazebo/share/smart_agent_gazebo/models/CGMClassic/thumbnails\n'}
[1.172691] (smart_agent_gazebo) StdoutLine: {'line': b'copying models/CGMClassic/thumbnails/1.png -> /home/test/wf3/gazebo/agentsd_ws/install/smart_agent_gazebo/share/smart_agent_gazebo/models/CGMClassic/thumbnails\n'}
[1.172790] (smart_agent_gazebo) StdoutLine: {'line': b'copying models/CGMClassic/thumbnails/4.png -> /home/test/wf3/gazebo/agentsd_ws/install/smart_agent_gazebo/share/smart_agent_gazebo/models/CGMClassic/thumbnails\n'}
[1.172890] (smart_agent_gazebo) StdoutLine: {'line': b'copying models/CGMClassic/thumbnails/3.png -> /home/test/wf3/gazebo/agentsd_ws/install/smart_agent_gazebo/share/smart_agent_gazebo/models/CGMClassic/thumbnails\n'}
[1.172988] (smart_agent_gazebo) StdoutLine: {'line': b'copying models/CGMClassic/thumbnails/5.png -> /home/test/wf3/gazebo/agentsd_ws/install/smart_agent_gazebo/share/smart_agent_gazebo/models/CGMClassic/thumbnails\n'}
[1.173087] (smart_agent_gazebo) StdoutLine: {'line': b'creating /home/test/wf3/gazebo/agentsd_ws/install/smart_agent_gazebo/share/smart_agent_gazebo/models/CGMClassic/meshes\n'}
[1.173185] (smart_agent_gazebo) StdoutLine: {'line': b'copying models/CGMClassic/meshes/Wheels_Normal_Normal_Bump.tga -> /home/test/wf3/gazebo/agentsd_ws/install/smart_agent_gazebo/share/smart_agent_gazebo/models/CGMClassic/meshes\n'}
[1.173294] (smart_agent_gazebo) StdoutLine: {'line': b'copying models/CGMClassic/meshes/CGMClassic.mtl -> /home/test/wf3/gazebo/agentsd_ws/install/smart_agent_gazebo/share/smart_agent_gazebo/models/CGMClassic/meshes\n'}
[1.173393] (smart_agent_gazebo) StdoutLine: {'line': b'copying models/CGMClassic/meshes/Carts_Wheels_Diffuse.png -> /home/test/wf3/gazebo/agentsd_ws/install/smart_agent_gazebo/share/smart_agent_gazebo/models/CGMClassic/meshes\n'}
[1.173490] (smart_agent_gazebo) StdoutLine: {'line': b'copying models/CGMClassic/meshes/CGMClassic.obj -> /home/test/wf3/gazebo/agentsd_ws/install/smart_agent_gazebo/share/smart_agent_gazebo/models/CGMClassic/meshes\n'}
[1.173592] (smart_agent_gazebo) StdoutLine: {'line': b'copying models/CGMClassic/meshes/CGMClassic_Diffuse.png -> /home/test/wf3/gazebo/agentsd_ws/install/smart_agent_gazebo/share/smart_agent_gazebo/models/CGMClassic/meshes\n'}
[1.173692] (smart_agent_gazebo) StdoutLine: {'line': b'creating /home/test/wf3/gazebo/agentsd_ws/install/smart_agent_gazebo/share/smart_agent_gazebo/models/aws_robomaker_residential_ReadingDesk_01\n'}
[1.173792] (smart_agent_gazebo) StdoutLine: {'line': b'copying models/aws_robomaker_residential_ReadingDesk_01/model.config -> /home/test/wf3/gazebo/agentsd_ws/install/smart_agent_gazebo/share/smart_agent_gazebo/models/aws_robomaker_residential_ReadingDesk_01\n'}
[1.173892] (smart_agent_gazebo) StdoutLine: {'line': b'copying models/aws_robomaker_residential_ReadingDesk_01/model.sdf -> /home/test/wf3/gazebo/agentsd_ws/install/smart_agent_gazebo/share/smart_agent_gazebo/models/aws_robomaker_residential_ReadingDesk_01\n'}
[1.173993] (smart_agent_gazebo) StdoutLine: {'line': b'creating /home/test/wf3/gazebo/agentsd_ws/install/smart_agent_gazebo/share/smart_agent_gazebo/models/aws_robomaker_residential_ReadingDesk_01/materials\n'}
[1.174105] (smart_agent_gazebo) StdoutLine: {'line': b'creating /home/test/wf3/gazebo/agentsd_ws/install/smart_agent_gazebo/share/smart_agent_gazebo/models/aws_robomaker_residential_ReadingDesk_01/materials/textures\n'}
[1.174211] (smart_agent_gazebo) StdoutLine: {'line': b'copying models/aws_robomaker_residential_ReadingDesk_01/materials/textures/aws_ReadingDesk_01.png -> /home/test/wf3/gazebo/agentsd_ws/install/smart_agent_gazebo/share/smart_agent_gazebo/models/aws_robomaker_residential_ReadingDesk_01/materials/textures\n'}
[1.174316] (smart_agent_gazebo) StdoutLine: {'line': b'creating /home/test/wf3/gazebo/agentsd_ws/install/smart_agent_gazebo/share/smart_agent_gazebo/models/aws_robomaker_residential_ReadingDesk_01/meshes\n'}
[1.174461] (smart_agent_gazebo) StdoutLine: {'line': b'copying models/aws_robomaker_residential_ReadingDesk_01/meshes/aws_ReadingDesk_01_visual.DAE -> /home/test/wf3/gazebo/agentsd_ws/install/smart_agent_gazebo/share/smart_agent_gazebo/models/aws_robomaker_residential_ReadingDesk_01/meshes\n'}
[1.174579] (smart_agent_gazebo) StdoutLine: {'line': b'copying models/aws_robomaker_residential_ReadingDesk_01/meshes/aws_ReadingDesk_01_collision.DAE -> /home/test/wf3/gazebo/agentsd_ws/install/smart_agent_gazebo/share/smart_agent_gazebo/models/aws_robomaker_residential_ReadingDesk_01/meshes\n'}
[1.174692] (smart_agent_gazebo) StdoutLine: {'line': b'creating /home/test/wf3/gazebo/agentsd_ws/install/smart_agent_gazebo/share/smart_agent_gazebo/models/aws_robomaker_residential_Bed_01\n'}
[1.174802] (smart_agent_gazebo) StdoutLine: {'line': b'copying models/aws_robomaker_residential_Bed_01/model.config -> /home/test/wf3/gazebo/agentsd_ws/install/smart_agent_gazebo/share/smart_agent_gazebo/models/aws_robomaker_residential_Bed_01\n'}
[1.174920] (smart_agent_gazebo) StdoutLine: {'line': b'copying models/aws_robomaker_residential_Bed_01/model.sdf -> /home/test/wf3/gazebo/agentsd_ws/install/smart_agent_gazebo/share/smart_agent_gazebo/models/aws_robomaker_residential_Bed_01\n'}
[1.175037] (smart_agent_gazebo) StdoutLine: {'line': b'creating /home/test/wf3/gazebo/agentsd_ws/install/smart_agent_gazebo/share/smart_agent_gazebo/models/aws_robomaker_residential_Bed_01/materials\n'}
[1.175152] (smart_agent_gazebo) StdoutLine: {'line': b'creating /home/test/wf3/gazebo/agentsd_ws/install/smart_agent_gazebo/share/smart_agent_gazebo/models/aws_robomaker_residential_Bed_01/materials/textures\n'}
[1.175263] (smart_agent_gazebo) StdoutLine: {'line': b'copying models/aws_robomaker_residential_Bed_01/materials/textures/aws_BedA_01.png -> /home/test/wf3/gazebo/agentsd_ws/install/smart_agent_gazebo/share/smart_agent_gazebo/models/aws_robomaker_residential_Bed_01/materials/textures\n'}
[1.175379] (smart_agent_gazebo) StdoutLine: {'line': b'copying models/aws_robomaker_residential_Bed_01/materials/textures/aws_BedC_01.png -> /home/test/wf3/gazebo/agentsd_ws/install/smart_agent_gazebo/share/smart_agent_gazebo/models/aws_robomaker_residential_Bed_01/materials/textures\n'}
[1.175492] (smart_agent_gazebo) StdoutLine: {'line': b'copying models/aws_robomaker_residential_Bed_01/materials/textures/aws_Bed_01.png -> /home/test/wf3/gazebo/agentsd_ws/install/smart_agent_gazebo/share/smart_agent_gazebo/models/aws_robomaker_residential_Bed_01/materials/textures\n'}
[1.175600] (smart_agent_gazebo) StdoutLine: {'line': b'copying models/aws_robomaker_residential_Bed_01/materials/textures/aws_BedB_01.png -> /home/test/wf3/gazebo/agentsd_ws/install/smart_agent_gazebo/share/smart_agent_gazebo/models/aws_robomaker_residential_Bed_01/materials/textures\n'}
[1.175775] (smart_agent_gazebo) StdoutLine: {'line': b'creating /home/test/wf3/gazebo/agentsd_ws/install/smart_agent_gazebo/share/smart_agent_gazebo/models/aws_robomaker_residential_Bed_01/meshes\n'}
[1.175879] (smart_agent_gazebo) StdoutLine: {'line': b'copying models/aws_robomaker_residential_Bed_01/meshes/aws_Bed_01_collision.DAE -> /home/test/wf3/gazebo/agentsd_ws/install/smart_agent_gazebo/share/smart_agent_gazebo/models/aws_robomaker_residential_Bed_01/meshes\n'}
[1.175993] (smart_agent_gazebo) StdoutLine: {'line': b'copying models/aws_robomaker_residential_Bed_01/meshes/aws_Bed_01_visual.DAE -> /home/test/wf3/gazebo/agentsd_ws/install/smart_agent_gazebo/share/smart_agent_gazebo/models/aws_robomaker_residential_Bed_01/meshes\n'}
[1.176096] (smart_agent_gazebo) StdoutLine: {'line': b'creating /home/test/wf3/gazebo/agentsd_ws/install/smart_agent_gazebo/share/smart_agent_gazebo/models/aws_robomaker_residential_BalconyTable_01\n'}
[1.176198] (smart_agent_gazebo) StdoutLine: {'line': b'copying models/aws_robomaker_residential_BalconyTable_01/model.config -> /home/test/wf3/gazebo/agentsd_ws/install/smart_agent_gazebo/share/smart_agent_gazebo/models/aws_robomaker_residential_BalconyTable_01\n'}
[1.176300] (smart_agent_gazebo) StdoutLine: {'line': b'copying models/aws_robomaker_residential_BalconyTable_01/model.sdf -> /home/test/wf3/gazebo/agentsd_ws/install/smart_agent_gazebo/share/smart_agent_gazebo/models/aws_robomaker_residential_BalconyTable_01\n'}
[1.176402] (smart_agent_gazebo) StdoutLine: {'line': b'creating /home/test/wf3/gazebo/agentsd_ws/install/smart_agent_gazebo/share/smart_agent_gazebo/models/aws_robomaker_residential_BalconyTable_01/materials\n'}
[1.176501] (smart_agent_gazebo) StdoutLine: {'line': b'creating /home/test/wf3/gazebo/agentsd_ws/install/smart_agent_gazebo/share/smart_agent_gazebo/models/aws_robomaker_residential_BalconyTable_01/materials/textures\n'}
[1.176602] (smart_agent_gazebo) StdoutLine: {'line': b'copying models/aws_robomaker_residential_BalconyTable_01/materials/textures/aws_BalconyTable_01.png -> /home/test/wf3/gazebo/agentsd_ws/install/smart_agent_gazebo/share/smart_agent_gazebo/models/aws_robomaker_residential_BalconyTable_01/materials/textures\n'}
[1.176706] (smart_agent_gazebo) StdoutLine: {'line': b'creating /home/test/wf3/gazebo/agentsd_ws/install/smart_agent_gazebo/share/smart_agent_gazebo/models/aws_robomaker_residential_BalconyTable_01/meshes\n'}
[1.176809] (smart_agent_gazebo) StdoutLine: {'line': b'copying models/aws_robomaker_residential_BalconyTable_01/meshes/aws_BalconyTable_01_visual.DAE -> /home/test/wf3/gazebo/agentsd_ws/install/smart_agent_gazebo/share/smart_agent_gazebo/models/aws_robomaker_residential_BalconyTable_01/meshes\n'}
[1.176914] (smart_agent_gazebo) StdoutLine: {'line': b'copying models/aws_robomaker_residential_BalconyTable_01/meshes/aws_BalconyTable_01_collision.DAE -> /home/test/wf3/gazebo/agentsd_ws/install/smart_agent_gazebo/share/smart_agent_gazebo/models/aws_robomaker_residential_BalconyTable_01/meshes\n'}
[1.177023] (smart_agent_gazebo) StdoutLine: {'line': b'creating /home/test/wf3/gazebo/agentsd_ws/install/smart_agent_gazebo/share/smart_agent_gazebo/models/Drawer\n'}
[1.177134] (smart_agent_gazebo) StdoutLine: {'line': b'copying models/Drawer/model.config -> /home/test/wf3/gazebo/agentsd_ws/install/smart_agent_gazebo/share/smart_agent_gazebo/models/Drawer\n'}
[1.177244] (smart_agent_gazebo) StdoutLine: {'line': b'copying models/Drawer/model.sdf -> /home/test/wf3/gazebo/agentsd_ws/install/smart_agent_gazebo/share/smart_agent_gazebo/models/Drawer\n'}
[1.177351] (smart_agent_gazebo) StdoutLine: {'line': b'creating /home/test/wf3/gazebo/agentsd_ws/install/smart_agent_gazebo/share/smart_agent_gazebo/models/Drawer/thumbnails\n'}
[1.177460] (smart_agent_gazebo) StdoutLine: {'line': b'copying models/Drawer/thumbnails/2.png -> /home/test/wf3/gazebo/agentsd_ws/install/smart_agent_gazebo/share/smart_agent_gazebo/models/Drawer/thumbnails\n'}
[1.177572] (smart_agent_gazebo) StdoutLine: {'line': b'copying models/Drawer/thumbnails/1.png -> /home/test/wf3/gazebo/agentsd_ws/install/smart_agent_gazebo/share/smart_agent_gazebo/models/Drawer/thumbnails\n'}
[1.177678] (smart_agent_gazebo) StdoutLine: {'line': b'copying models/Drawer/thumbnails/4.png -> /home/test/wf3/gazebo/agentsd_ws/install/smart_agent_gazebo/share/smart_agent_gazebo/models/Drawer/thumbnails\n'}
[1.177786] (smart_agent_gazebo) StdoutLine: {'line': b'copying models/Drawer/thumbnails/3.png -> /home/test/wf3/gazebo/agentsd_ws/install/smart_agent_gazebo/share/smart_agent_gazebo/models/Drawer/thumbnails\n'}
[1.177931] (smart_agent_gazebo) StdoutLine: {'line': b'copying models/Drawer/thumbnails/5.png -> /home/test/wf3/gazebo/agentsd_ws/install/smart_agent_gazebo/share/smart_agent_gazebo/models/Drawer/thumbnails\n'}
[1.178042] (smart_agent_gazebo) StdoutLine: {'line': b'creating /home/test/wf3/gazebo/agentsd_ws/install/smart_agent_gazebo/share/smart_agent_gazebo/models/Drawer/meshes\n'}
[1.178156] (smart_agent_gazebo) StdoutLine: {'line': b'copying models/Drawer/meshes/Drawer_Col.obj -> /home/test/wf3/gazebo/agentsd_ws/install/smart_agent_gazebo/share/smart_agent_gazebo/models/Drawer/meshes\n'}
[1.178263] (smart_agent_gazebo) StdoutLine: {'line': b'copying models/Drawer/meshes/Drawer.png -> /home/test/wf3/gazebo/agentsd_ws/install/smart_agent_gazebo/share/smart_agent_gazebo/models/Drawer/meshes\n'}
[1.178371] (smart_agent_gazebo) StdoutLine: {'line': b'copying models/Drawer/meshes/Drawer.obj -> /home/test/wf3/gazebo/agentsd_ws/install/smart_agent_gazebo/share/smart_agent_gazebo/models/Drawer/meshes\n'}
[1.178477] (smart_agent_gazebo) StdoutLine: {'line': b'copying models/Drawer/meshes/Drawer.mtl -> /home/test/wf3/gazebo/agentsd_ws/install/smart_agent_gazebo/share/smart_agent_gazebo/models/Drawer/meshes\n'}
[1.178576] (smart_agent_gazebo) StdoutLine: {'line': b'creating /home/test/wf3/gazebo/agentsd_ws/install/smart_agent_gazebo/share/smart_agent_gazebo/models/aws_robomaker_residential_ChairD_01\n'}
[1.178677] (smart_agent_gazebo) StdoutLine: {'line': b'copying models/aws_robomaker_residential_ChairD_01/model.config -> /home/test/wf3/gazebo/agentsd_ws/install/smart_agent_gazebo/share/smart_agent_gazebo/models/aws_robomaker_residential_ChairD_01\n'}
[1.178778] (smart_agent_gazebo) StdoutLine: {'line': b'copying models/aws_robomaker_residential_ChairD_01/model.sdf -> /home/test/wf3/gazebo/agentsd_ws/install/smart_agent_gazebo/share/smart_agent_gazebo/models/aws_robomaker_residential_ChairD_01\n'}
[1.178879] (smart_agent_gazebo) StdoutLine: {'line': b'creating /home/test/wf3/gazebo/agentsd_ws/install/smart_agent_gazebo/share/smart_agent_gazebo/models/aws_robomaker_residential_ChairD_01/materials\n'}
[1.178979] (smart_agent_gazebo) StdoutLine: {'line': b'creating /home/test/wf3/gazebo/agentsd_ws/install/smart_agent_gazebo/share/smart_agent_gazebo/models/aws_robomaker_residential_ChairD_01/materials/textures\n'}
[1.179076] (smart_agent_gazebo) StdoutLine: {'line': b'copying models/aws_robomaker_residential_ChairD_01/materials/textures/aws_ChairD_01.png -> /home/test/wf3/gazebo/agentsd_ws/install/smart_agent_gazebo/share/smart_agent_gazebo/models/aws_robomaker_residential_ChairD_01/materials/textures\n'}
[1.179180] (smart_agent_gazebo) StdoutLine: {'line': b'creating /home/test/wf3/gazebo/agentsd_ws/install/smart_agent_gazebo/share/smart_agent_gazebo/models/aws_robomaker_residential_ChairD_01/meshes\n'}
[1.179282] (smart_agent_gazebo) StdoutLine: {'line': b'copying models/aws_robomaker_residential_ChairD_01/meshes/aws_ChairD_01_collision.DAE -> /home/test/wf3/gazebo/agentsd_ws/install/smart_agent_gazebo/share/smart_agent_gazebo/models/aws_robomaker_residential_ChairD_01/meshes\n'}
[1.179384] (smart_agent_gazebo) StdoutLine: {'line': b'copying models/aws_robomaker_residential_ChairD_01/meshes/aws_ChairD_01_visual.DAE -> /home/test/wf3/gazebo/agentsd_ws/install/smart_agent_gazebo/share/smart_agent_gazebo/models/aws_robomaker_residential_ChairD_01/meshes\n'}
[1.179487] (smart_agent_gazebo) StdoutLine: {'line': b'creating /home/test/wf3/gazebo/agentsd_ws/install/smart_agent_gazebo/share/smart_agent_gazebo/models/aws_robomaker_residential_Pillow_01\n'}
[1.179591] (smart_agent_gazebo) StdoutLine: {'line': b'copying models/aws_robomaker_residential_Pillow_01/model.config -> /home/test/wf3/gazebo/agentsd_ws/install/smart_agent_gazebo/share/smart_agent_gazebo/models/aws_robomaker_residential_Pillow_01\n'}
[1.179691] (smart_agent_gazebo) StdoutLine: {'line': b'copying models/aws_robomaker_residential_Pillow_01/model.sdf -> /home/test/wf3/gazebo/agentsd_ws/install/smart_agent_gazebo/share/smart_agent_gazebo/models/aws_robomaker_residential_Pillow_01\n'}
[1.179796] (smart_agent_gazebo) StdoutLine: {'line': b'creating /home/test/wf3/gazebo/agentsd_ws/install/smart_agent_gazebo/share/smart_agent_gazebo/models/aws_robomaker_residential_Pillow_01/materials\n'}
[1.179896] (smart_agent_gazebo) StdoutLine: {'line': b'creating /home/test/wf3/gazebo/agentsd_ws/install/smart_agent_gazebo/share/smart_agent_gazebo/models/aws_robomaker_residential_Pillow_01/materials/textures\n'}
[1.179994] (smart_agent_gazebo) StdoutLine: {'line': b'copying models/aws_robomaker_residential_Pillow_01/materials/textures/aws_Pillow_01.png -> /home/test/wf3/gazebo/agentsd_ws/install/smart_agent_gazebo/share/smart_agent_gazebo/models/aws_robomaker_residential_Pillow_01/materials/textures\n'}
[1.180096] (smart_agent_gazebo) StdoutLine: {'line': b'creating /home/test/wf3/gazebo/agentsd_ws/install/smart_agent_gazebo/share/smart_agent_gazebo/models/aws_robomaker_residential_Pillow_01/meshes\n'}
[1.180195] (smart_agent_gazebo) StdoutLine: {'line': b'copying models/aws_robomaker_residential_Pillow_01/meshes/aws_Pillow_01_visual.DAE -> /home/test/wf3/gazebo/agentsd_ws/install/smart_agent_gazebo/share/smart_agent_gazebo/models/aws_robomaker_residential_Pillow_01/meshes\n'}
[1.180300] (smart_agent_gazebo) StdoutLine: {'line': b'copying models/aws_robomaker_residential_Pillow_01/meshes/aws_Pillow_01_collision.DAE -> /home/test/wf3/gazebo/agentsd_ws/install/smart_agent_gazebo/share/smart_agent_gazebo/models/aws_robomaker_residential_Pillow_01/meshes\n'}
[1.180404] (smart_agent_gazebo) StdoutLine: {'line': b'creating /home/test/wf3/gazebo/agentsd_ws/install/smart_agent_gazebo/share/smart_agent_gazebo/models/SurgicalTrolley\n'}
[1.180507] (smart_agent_gazebo) StdoutLine: {'line': b'copying models/SurgicalTrolley/model.config -> /home/test/wf3/gazebo/agentsd_ws/install/smart_agent_gazebo/share/smart_agent_gazebo/models/SurgicalTrolley\n'}
[1.180608] (smart_agent_gazebo) StdoutLine: {'line': b'copying models/SurgicalTrolley/model.sdf -> /home/test/wf3/gazebo/agentsd_ws/install/smart_agent_gazebo/share/smart_agent_gazebo/models/SurgicalTrolley\n'}
[1.180720] (smart_agent_gazebo) StdoutLine: {'line': b'creating /home/test/wf3/gazebo/agentsd_ws/install/smart_agent_gazebo/share/smart_agent_gazebo/models/SurgicalTrolley/thumbnails\n'}
[1.180826] (smart_agent_gazebo) StdoutLine: {'line': b'copying models/SurgicalTrolley/thumbnails/2.png -> /home/test/wf3/gazebo/agentsd_ws/install/smart_agent_gazebo/share/smart_agent_gazebo/models/SurgicalTrolley/thumbnails\n'}
[1.180926] (smart_agent_gazebo) StdoutLine: {'line': b'copying models/SurgicalTrolley/thumbnails/1.png -> /home/test/wf3/gazebo/agentsd_ws/install/smart_agent_gazebo/share/smart_agent_gazebo/models/SurgicalTrolley/thumbnails\n'}
[1.181027] (smart_agent_gazebo) StdoutLine: {'line': b'copying models/SurgicalTrolley/thumbnails/4.png -> /home/test/wf3/gazebo/agentsd_ws/install/smart_agent_gazebo/share/smart_agent_gazebo/models/SurgicalTrolley/thumbnails\n'}
[1.181124] (smart_agent_gazebo) StdoutLine: {'line': b'copying models/SurgicalTrolley/thumbnails/3.png -> /home/test/wf3/gazebo/agentsd_ws/install/smart_agent_gazebo/share/smart_agent_gazebo/models/SurgicalTrolley/thumbnails\n'}
[1.181221] (smart_agent_gazebo) StdoutLine: {'line': b'copying models/SurgicalTrolley/thumbnails/5.png -> /home/test/wf3/gazebo/agentsd_ws/install/smart_agent_gazebo/share/smart_agent_gazebo/models/SurgicalTrolley/thumbnails\n'}
[1.181321] (smart_agent_gazebo) StdoutLine: {'line': b'creating /home/test/wf3/gazebo/agentsd_ws/install/smart_agent_gazebo/share/smart_agent_gazebo/models/SurgicalTrolley/meshes\n'}
[1.181421] (smart_agent_gazebo) StdoutLine: {'line': b'copying models/SurgicalTrolley/meshes/trolley.obj -> /home/test/wf3/gazebo/agentsd_ws/install/smart_agent_gazebo/share/smart_agent_gazebo/models/SurgicalTrolley/meshes\n'}
[1.181521] (smart_agent_gazebo) StdoutLine: {'line': b'copying models/SurgicalTrolley/meshes/trolley.mtl -> /home/test/wf3/gazebo/agentsd_ws/install/smart_agent_gazebo/share/smart_agent_gazebo/models/SurgicalTrolley/meshes\n'}
[1.181618] (smart_agent_gazebo) StdoutLine: {'line': b'copying models/SurgicalTrolley/meshes/texture.png -> /home/test/wf3/gazebo/agentsd_ws/install/smart_agent_gazebo/share/smart_agent_gazebo/models/SurgicalTrolley/meshes\n'}
[1.181707] (smart_agent_gazebo) StdoutLine: {'line': b'creating /home/test/wf3/gazebo/agentsd_ws/install/smart_agent_gazebo/share/smart_agent_gazebo/models/aws_robomaker_residential_Chandelier_01\n'}
[1.181795] (smart_agent_gazebo) StdoutLine: {'line': b'copying models/aws_robomaker_residential_Chandelier_01/model.config -> /home/test/wf3/gazebo/agentsd_ws/install/smart_agent_gazebo/share/smart_agent_gazebo/models/aws_robomaker_residential_Chandelier_01\n'}
[1.181886] (smart_agent_gazebo) StdoutLine: {'line': b'copying models/aws_robomaker_residential_Chandelier_01/model.sdf -> /home/test/wf3/gazebo/agentsd_ws/install/smart_agent_gazebo/share/smart_agent_gazebo/models/aws_robomaker_residential_Chandelier_01\n'}
[1.181978] (smart_agent_gazebo) StdoutLine: {'line': b'creating /home/test/wf3/gazebo/agentsd_ws/install/smart_agent_gazebo/share/smart_agent_gazebo/models/aws_robomaker_residential_Chandelier_01/materials\n'}
[1.182068] (smart_agent_gazebo) StdoutLine: {'line': b'creating /home/test/wf3/gazebo/agentsd_ws/install/smart_agent_gazebo/share/smart_agent_gazebo/models/aws_robomaker_residential_Chandelier_01/materials/textures\n'}
[1.182166] (smart_agent_gazebo) StdoutLine: {'line': b'copying models/aws_robomaker_residential_Chandelier_01/materials/textures/aws_Chandelier_01.png -> /home/test/wf3/gazebo/agentsd_ws/install/smart_agent_gazebo/share/smart_agent_gazebo/models/aws_robomaker_residential_Chandelier_01/materials/textures\n'}
[1.182261] (smart_agent_gazebo) StdoutLine: {'line': b'creating /home/test/wf3/gazebo/agentsd_ws/install/smart_agent_gazebo/share/smart_agent_gazebo/models/aws_robomaker_residential_Chandelier_01/meshes\n'}
[1.182355] (smart_agent_gazebo) StdoutLine: {'line': b'copying models/aws_robomaker_residential_Chandelier_01/meshes/aws_Chandelier_01_collision.DAE -> /home/test/wf3/gazebo/agentsd_ws/install/smart_agent_gazebo/share/smart_agent_gazebo/models/aws_robomaker_residential_Chandelier_01/meshes\n'}
[1.182447] (smart_agent_gazebo) StdoutLine: {'line': b'copying models/aws_robomaker_residential_Chandelier_01/meshes/aws_Chandelier_01.DAE -> /home/test/wf3/gazebo/agentsd_ws/install/smart_agent_gazebo/share/smart_agent_gazebo/models/aws_robomaker_residential_Chandelier_01/meshes\n'}
[1.182538] (smart_agent_gazebo) StdoutLine: {'line': b'copying models/aws_robomaker_residential_Chandelier_01/meshes/aws_Chandelier_01_visual.DAE -> /home/test/wf3/gazebo/agentsd_ws/install/smart_agent_gazebo/share/smart_agent_gazebo/models/aws_robomaker_residential_Chandelier_01/meshes\n'}
[1.182630] (smart_agent_gazebo) StdoutLine: {'line': b'creating /home/test/wf3/gazebo/agentsd_ws/install/smart_agent_gazebo/share/smart_agent_gazebo/models/MopCart3\n'}
[1.182722] (smart_agent_gazebo) StdoutLine: {'line': b'copying models/MopCart3/model.config -> /home/test/wf3/gazebo/agentsd_ws/install/smart_agent_gazebo/share/smart_agent_gazebo/models/MopCart3\n'}
[1.182813] (smart_agent_gazebo) StdoutLine: {'line': b'copying models/MopCart3/model.sdf -> /home/test/wf3/gazebo/agentsd_ws/install/smart_agent_gazebo/share/smart_agent_gazebo/models/MopCart3\n'}
[1.182907] (smart_agent_gazebo) StdoutLine: {'line': b'creating /home/test/wf3/gazebo/agentsd_ws/install/smart_agent_gazebo/share/smart_agent_gazebo/models/MopCart3/thumbnails\n'}
[1.183010] (smart_agent_gazebo) StdoutLine: {'line': b'copying models/MopCart3/thumbnails/2.png -> /home/test/wf3/gazebo/agentsd_ws/install/smart_agent_gazebo/share/smart_agent_gazebo/models/MopCart3/thumbnails\n'}
[1.183103] (smart_agent_gazebo) StdoutLine: {'line': b'copying models/MopCart3/thumbnails/1.png -> /home/test/wf3/gazebo/agentsd_ws/install/smart_agent_gazebo/share/smart_agent_gazebo/models/MopCart3/thumbnails\n'}
[1.183195] (smart_agent_gazebo) StdoutLine: {'line': b'copying models/MopCart3/thumbnails/4.png -> /home/test/wf3/gazebo/agentsd_ws/install/smart_agent_gazebo/share/smart_agent_gazebo/models/MopCart3/thumbnails\n'}
[1.183290] (smart_agent_gazebo) StdoutLine: {'line': b'copying models/MopCart3/thumbnails/3.png -> /home/test/wf3/gazebo/agentsd_ws/install/smart_agent_gazebo/share/smart_agent_gazebo/models/MopCart3/thumbnails\n'}
[1.183381] (smart_agent_gazebo) StdoutLine: {'line': b'copying models/MopCart3/thumbnails/5.png -> /home/test/wf3/gazebo/agentsd_ws/install/smart_agent_gazebo/share/smart_agent_gazebo/models/MopCart3/thumbnails\n'}
[1.183471] (smart_agent_gazebo) StdoutLine: {'line': b'creating /home/test/wf3/gazebo/agentsd_ws/install/smart_agent_gazebo/share/smart_agent_gazebo/models/MopCart3/meshes\n'}
[1.183559] (smart_agent_gazebo) StdoutLine: {'line': b'copying models/MopCart3/meshes/Cart.png -> /home/test/wf3/gazebo/agentsd_ws/install/smart_agent_gazebo/share/smart_agent_gazebo/models/MopCart3/meshes\n'}
[1.183649] (smart_agent_gazebo) StdoutLine: {'line': b'copying models/MopCart3/meshes/Red.png -> /home/test/wf3/gazebo/agentsd_ws/install/smart_agent_gazebo/share/smart_agent_gazebo/models/MopCart3/meshes\n'}
[1.183736] (smart_agent_gazebo) StdoutLine: {'line': b'copying models/MopCart3/meshes/Duster.png -> /home/test/wf3/gazebo/agentsd_ws/install/smart_agent_gazebo/share/smart_agent_gazebo/models/MopCart3/meshes\n'}
[1.183824] (smart_agent_gazebo) StdoutLine: {'line': b'copying models/MopCart3/meshes/Mop.png -> /home/test/wf3/gazebo/agentsd_ws/install/smart_agent_gazebo/share/smart_agent_gazebo/models/MopCart3/meshes\n'}
[1.183913] (smart_agent_gazebo) StdoutLine: {'line': b'copying models/MopCart3/meshes/Glove.png -> /home/test/wf3/gazebo/agentsd_ws/install/smart_agent_gazebo/share/smart_agent_gazebo/models/MopCart3/meshes\n'}
[1.184002] (smart_agent_gazebo) StdoutLine: {'line': b'copying models/MopCart3/meshes/Plastic.png -> /home/test/wf3/gazebo/agentsd_ws/install/smart_agent_gazebo/share/smart_agent_gazebo/models/MopCart3/meshes\n'}
[1.184092] (smart_agent_gazebo) StdoutLine: {'line': b'copying models/MopCart3/meshes/Parcel.png -> /home/test/wf3/gazebo/agentsd_ws/install/smart_agent_gazebo/share/smart_agent_gazebo/models/MopCart3/meshes\n'}
[1.184182] (smart_agent_gazebo) StdoutLine: {'line': b'copying models/MopCart3/meshes/Cloth.png -> /home/test/wf3/gazebo/agentsd_ws/install/smart_agent_gazebo/share/smart_agent_gazebo/models/MopCart3/meshes\n'}
[1.184275] (smart_agent_gazebo) StdoutLine: {'line': b'copying models/MopCart3/meshes/Blue.png -> /home/test/wf3/gazebo/agentsd_ws/install/smart_agent_gazebo/share/smart_agent_gazebo/models/MopCart3/meshes\n'}
[1.184363] (smart_agent_gazebo) StdoutLine: {'line': b'copying models/MopCart3/meshes/MopCart3.mtl -> /home/test/wf3/gazebo/agentsd_ws/install/smart_agent_gazebo/share/smart_agent_gazebo/models/MopCart3/meshes\n'}
[1.184453] (smart_agent_gazebo) StdoutLine: {'line': b'copying models/MopCart3/meshes/MopCart3.obj -> /home/test/wf3/gazebo/agentsd_ws/install/smart_agent_gazebo/share/smart_agent_gazebo/models/MopCart3/meshes\n'}
[1.184544] (smart_agent_gazebo) StdoutLine: {'line': b'copying models/MopCart3/meshes/Spray.png -> /home/test/wf3/gazebo/agentsd_ws/install/smart_agent_gazebo/share/smart_agent_gazebo/models/MopCart3/meshes\n'}
[1.184632] (smart_agent_gazebo) StdoutLine: {'line': b'copying models/MopCart3/meshes/Sign.png -> /home/test/wf3/gazebo/agentsd_ws/install/smart_agent_gazebo/share/smart_agent_gazebo/models/MopCart3/meshes\n'}
[1.184720] (smart_agent_gazebo) StdoutLine: {'line': b'creating /home/test/wf3/gazebo/agentsd_ws/install/smart_agent_gazebo/share/smart_agent_gazebo/models/aws_robomaker_hospital_elevator_01_portal\n'}
[1.184810] (smart_agent_gazebo) StdoutLine: {'line': b'copying models/aws_robomaker_hospital_elevator_01_portal/model.config -> /home/test/wf3/gazebo/agentsd_ws/install/smart_agent_gazebo/share/smart_agent_gazebo/models/aws_robomaker_hospital_elevator_01_portal\n'}
[1.184903] (smart_agent_gazebo) StdoutLine: {'line': b'copying models/aws_robomaker_hospital_elevator_01_portal/model.sdf -> /home/test/wf3/gazebo/agentsd_ws/install/smart_agent_gazebo/share/smart_agent_gazebo/models/aws_robomaker_hospital_elevator_01_portal\n'}
[1.184999] (smart_agent_gazebo) StdoutLine: {'line': b'creating /home/test/wf3/gazebo/agentsd_ws/install/smart_agent_gazebo/share/smart_agent_gazebo/models/aws_robomaker_hospital_elevator_01_portal/meshes\n'}
[1.185089] (smart_agent_gazebo) StdoutLine: {'line': b'copying models/aws_robomaker_hospital_elevator_01_portal/meshes/aws_robomaker_hospital_elevator_01_low.png -> /home/test/wf3/gazebo/agentsd_ws/install/smart_agent_gazebo/share/smart_agent_gazebo/models/aws_robomaker_hospital_elevator_01_portal/meshes\n'}
[1.185184] (smart_agent_gazebo) StdoutLine: {'line': b'copying models/aws_robomaker_hospital_elevator_01_portal/meshes/aws_robomaker_hospital_elevator_01_portal_low.dae -> /home/test/wf3/gazebo/agentsd_ws/install/smart_agent_gazebo/share/smart_agent_gazebo/models/aws_robomaker_hospital_elevator_01_portal/meshes\n'}
[1.185275] (smart_agent_gazebo) StdoutLine: {'line': b'copying models/aws_robomaker_hospital_elevator_01_portal/meshes/aws_robomaker_hospital_elevator_01_visual_normal.png -> /home/test/wf3/gazebo/agentsd_ws/install/smart_agent_gazebo/share/smart_agent_gazebo/models/aws_robomaker_hospital_elevator_01_portal/meshes\n'}
[1.185374] (smart_agent_gazebo) StdoutLine: {'line': b'copying models/aws_robomaker_hospital_elevator_01_portal/meshes/aws_robomaker_hospital_elevator_01_low_normal.png -> /home/test/wf3/gazebo/agentsd_ws/install/smart_agent_gazebo/share/smart_agent_gazebo/models/aws_robomaker_hospital_elevator_01_portal/meshes\n'}
[1.185465] (smart_agent_gazebo) StdoutLine: {'line': b'copying models/aws_robomaker_hospital_elevator_01_portal/meshes/aws_robomaker_hospital_elevator_01_portal_collision.dae -> /home/test/wf3/gazebo/agentsd_ws/install/smart_agent_gazebo/share/smart_agent_gazebo/models/aws_robomaker_hospital_elevator_01_portal/meshes\n'}
[1.185557] (smart_agent_gazebo) StdoutLine: {'line': b'copying models/aws_robomaker_hospital_elevator_01_portal/meshes/aws_robomaker_hospital_elevator_01_portal_visual.dae -> /home/test/wf3/gazebo/agentsd_ws/install/smart_agent_gazebo/share/smart_agent_gazebo/models/aws_robomaker_hospital_elevator_01_portal/meshes\n'}
[1.185649] (smart_agent_gazebo) StdoutLine: {'line': b'copying models/aws_robomaker_hospital_elevator_01_portal/meshes/aws_robomaker_hospital_elevator_01_visual.png -> /home/test/wf3/gazebo/agentsd_ws/install/smart_agent_gazebo/share/smart_agent_gazebo/models/aws_robomaker_hospital_elevator_01_portal/meshes\n'}
[1.185737] (smart_agent_gazebo) StdoutLine: {'line': b'creating /home/test/wf3/gazebo/agentsd_ws/install/smart_agent_gazebo/share/smart_agent_gazebo/models/StorageRack\n'}
[1.185826] (smart_agent_gazebo) StdoutLine: {'line': b'copying models/StorageRack/model.config -> /home/test/wf3/gazebo/agentsd_ws/install/smart_agent_gazebo/share/smart_agent_gazebo/models/StorageRack\n'}
[1.185917] (smart_agent_gazebo) StdoutLine: {'line': b'copying models/StorageRack/model.sdf -> /home/test/wf3/gazebo/agentsd_ws/install/smart_agent_gazebo/share/smart_agent_gazebo/models/StorageRack\n'}
[1.186007] (smart_agent_gazebo) StdoutLine: {'line': b'creating /home/test/wf3/gazebo/agentsd_ws/install/smart_agent_gazebo/share/smart_agent_gazebo/models/StorageRack/thumbnails\n'}
[1.186099] (smart_agent_gazebo) StdoutLine: {'line': b'copying models/StorageRack/thumbnails/2.png -> /home/test/wf3/gazebo/agentsd_ws/install/smart_agent_gazebo/share/smart_agent_gazebo/models/StorageRack/thumbnails\n'}
[1.186195] (smart_agent_gazebo) StdoutLine: {'line': b'copying models/StorageRack/thumbnails/1.png -> /home/test/wf3/gazebo/agentsd_ws/install/smart_agent_gazebo/share/smart_agent_gazebo/models/StorageRack/thumbnails\n'}
[1.186286] (smart_agent_gazebo) StdoutLine: {'line': b'copying models/StorageRack/thumbnails/4.png -> /home/test/wf3/gazebo/agentsd_ws/install/smart_agent_gazebo/share/smart_agent_gazebo/models/StorageRack/thumbnails\n'}
[1.186376] (smart_agent_gazebo) StdoutLine: {'line': b'copying models/StorageRack/thumbnails/3.png -> /home/test/wf3/gazebo/agentsd_ws/install/smart_agent_gazebo/share/smart_agent_gazebo/models/StorageRack/thumbnails\n'}
[1.186470] (smart_agent_gazebo) StdoutLine: {'line': b'copying models/StorageRack/thumbnails/5.png -> /home/test/wf3/gazebo/agentsd_ws/install/smart_agent_gazebo/share/smart_agent_gazebo/models/StorageRack/thumbnails\n'}
[1.186561] (smart_agent_gazebo) StdoutLine: {'line': b'creating /home/test/wf3/gazebo/agentsd_ws/install/smart_agent_gazebo/share/smart_agent_gazebo/models/StorageRack/meshes\n'}
[1.186653] (smart_agent_gazebo) StdoutLine: {'line': b'copying models/StorageRack/meshes/StorageRack.png -> /home/test/wf3/gazebo/agentsd_ws/install/smart_agent_gazebo/share/smart_agent_gazebo/models/StorageRack/meshes\n'}
[1.186743] (smart_agent_gazebo) StdoutLine: {'line': b'copying models/StorageRack/meshes/StorageRack.obj -> /home/test/wf3/gazebo/agentsd_ws/install/smart_agent_gazebo/share/smart_agent_gazebo/models/StorageRack/meshes\n'}
[1.186832] (smart_agent_gazebo) StdoutLine: {'line': b'copying models/StorageRack/meshes/StorageRack.mtl -> /home/test/wf3/gazebo/agentsd_ws/install/smart_agent_gazebo/share/smart_agent_gazebo/models/StorageRack/meshes\n'}
[1.186922] (smart_agent_gazebo) StdoutLine: {'line': b'creating /home/test/wf3/gazebo/agentsd_ws/install/smart_agent_gazebo/share/smart_agent_gazebo/models/XRayMachine\n'}
[1.187010] (smart_agent_gazebo) StdoutLine: {'line': b'copying models/XRayMachine/model.config -> /home/test/wf3/gazebo/agentsd_ws/install/smart_agent_gazebo/share/smart_agent_gazebo/models/XRayMachine\n'}
[1.187100] (smart_agent_gazebo) StdoutLine: {'line': b'copying models/XRayMachine/model.sdf -> /home/test/wf3/gazebo/agentsd_ws/install/smart_agent_gazebo/share/smart_agent_gazebo/models/XRayMachine\n'}
[1.187194] (smart_agent_gazebo) StdoutLine: {'line': b'creating /home/test/wf3/gazebo/agentsd_ws/install/smart_agent_gazebo/share/smart_agent_gazebo/models/XRayMachine/thumbnails\n'}
[1.187284] (smart_agent_gazebo) StdoutLine: {'line': b'copying models/XRayMachine/thumbnails/2.png -> /home/test/wf3/gazebo/agentsd_ws/install/smart_agent_gazebo/share/smart_agent_gazebo/models/XRayMachine/thumbnails\n'}
[1.187372] (smart_agent_gazebo) StdoutLine: {'line': b'copying models/XRayMachine/thumbnails/1.png -> /home/test/wf3/gazebo/agentsd_ws/install/smart_agent_gazebo/share/smart_agent_gazebo/models/XRayMachine/thumbnails\n'}
[1.187473] (smart_agent_gazebo) StdoutLine: {'line': b'copying models/XRayMachine/thumbnails/4.png -> /home/test/wf3/gazebo/agentsd_ws/install/smart_agent_gazebo/share/smart_agent_gazebo/models/XRayMachine/thumbnails\n'}
[1.187563] (smart_agent_gazebo) StdoutLine: {'line': b'copying models/XRayMachine/thumbnails/3.png -> /home/test/wf3/gazebo/agentsd_ws/install/smart_agent_gazebo/share/smart_agent_gazebo/models/XRayMachine/thumbnails\n'}
[1.187652] (smart_agent_gazebo) StdoutLine: {'line': b'copying models/XRayMachine/thumbnails/5.png -> /home/test/wf3/gazebo/agentsd_ws/install/smart_agent_gazebo/share/smart_agent_gazebo/models/XRayMachine/thumbnails\n'}
[1.187739] (smart_agent_gazebo) StdoutLine: {'line': b'creating /home/test/wf3/gazebo/agentsd_ws/install/smart_agent_gazebo/share/smart_agent_gazebo/models/XRayMachine/meshes\n'}
[1.187828] (smart_agent_gazebo) StdoutLine: {'line': b'copying models/XRayMachine/meshes/XRayMachine.mtl -> /home/test/wf3/gazebo/agentsd_ws/install/smart_agent_gazebo/share/smart_agent_gazebo/models/XRayMachine/meshes\n'}
[1.187915] (smart_agent_gazebo) StdoutLine: {'line': b'copying models/XRayMachine/meshes/XRayMachine.obj -> /home/test/wf3/gazebo/agentsd_ws/install/smart_agent_gazebo/share/smart_agent_gazebo/models/XRayMachine/meshes\n'}
[1.188003] (smart_agent_gazebo) StdoutLine: {'line': b'copying models/XRayMachine/meshes/XRayMachine_Col.mtl -> /home/test/wf3/gazebo/agentsd_ws/install/smart_agent_gazebo/share/smart_agent_gazebo/models/XRayMachine/meshes\n'}
[1.188092] (smart_agent_gazebo) StdoutLine: {'line': b'copying models/XRayMachine/meshes/XRayMachine.png -> /home/test/wf3/gazebo/agentsd_ws/install/smart_agent_gazebo/share/smart_agent_gazebo/models/XRayMachine/meshes\n'}
[1.188180] (smart_agent_gazebo) StdoutLine: {'line': b'copying models/XRayMachine/meshes/XRayMachine_Col.obj -> /home/test/wf3/gazebo/agentsd_ws/install/smart_agent_gazebo/share/smart_agent_gazebo/models/XRayMachine/meshes\n'}
[1.188272] (smart_agent_gazebo) StdoutLine: {'line': b'creating /home/test/wf3/gazebo/agentsd_ws/install/smart_agent_gazebo/share/smart_agent_gazebo/models/SurgicalTrolleyMed\n'}
[1.188361] (smart_agent_gazebo) StdoutLine: {'line': b'copying models/SurgicalTrolleyMed/model.config -> /home/test/wf3/gazebo/agentsd_ws/install/smart_agent_gazebo/share/smart_agent_gazebo/models/SurgicalTrolleyMed\n'}
[1.188450] (smart_agent_gazebo) StdoutLine: {'line': b'copying models/SurgicalTrolleyMed/model.sdf -> /home/test/wf3/gazebo/agentsd_ws/install/smart_agent_gazebo/share/smart_agent_gazebo/models/SurgicalTrolleyMed\n'}
[1.188541] (smart_agent_gazebo) StdoutLine: {'line': b'creating /home/test/wf3/gazebo/agentsd_ws/install/smart_agent_gazebo/share/smart_agent_gazebo/models/SurgicalTrolleyMed/thumbnails\n'}
[1.188628] (smart_agent_gazebo) StdoutLine: {'line': b'copying models/SurgicalTrolleyMed/thumbnails/2.png -> /home/test/wf3/gazebo/agentsd_ws/install/smart_agent_gazebo/share/smart_agent_gazebo/models/SurgicalTrolleyMed/thumbnails\n'}
[1.188717] (smart_agent_gazebo) StdoutLine: {'line': b'copying models/SurgicalTrolleyMed/thumbnails/1.png -> /home/test/wf3/gazebo/agentsd_ws/install/smart_agent_gazebo/share/smart_agent_gazebo/models/SurgicalTrolleyMed/thumbnails\n'}
[1.188806] (smart_agent_gazebo) StdoutLine: {'line': b'copying models/SurgicalTrolleyMed/thumbnails/4.png -> /home/test/wf3/gazebo/agentsd_ws/install/smart_agent_gazebo/share/smart_agent_gazebo/models/SurgicalTrolleyMed/thumbnails\n'}
[1.188896] (smart_agent_gazebo) StdoutLine: {'line': b'copying models/SurgicalTrolleyMed/thumbnails/3.png -> /home/test/wf3/gazebo/agentsd_ws/install/smart_agent_gazebo/share/smart_agent_gazebo/models/SurgicalTrolleyMed/thumbnails\n'}
[1.188983] (smart_agent_gazebo) StdoutLine: {'line': b'copying models/SurgicalTrolleyMed/thumbnails/5.png -> /home/test/wf3/gazebo/agentsd_ws/install/smart_agent_gazebo/share/smart_agent_gazebo/models/SurgicalTrolleyMed/thumbnails\n'}
[1.189070] (smart_agent_gazebo) StdoutLine: {'line': b'creating /home/test/wf3/gazebo/agentsd_ws/install/smart_agent_gazebo/share/smart_agent_gazebo/models/SurgicalTrolleyMed/meshes\n'}
[1.189159] (smart_agent_gazebo) StdoutLine: {'line': b'copying models/SurgicalTrolleyMed/meshes/SurgicalTrolleyMed.obj -> /home/test/wf3/gazebo/agentsd_ws/install/smart_agent_gazebo/share/smart_agent_gazebo/models/SurgicalTrolleyMed/meshes\n'}
[1.189249] (smart_agent_gazebo) StdoutLine: {'line': b'copying models/SurgicalTrolleyMed/meshes/SurgicalTrolleyMed_Col.obj -> /home/test/wf3/gazebo/agentsd_ws/install/smart_agent_gazebo/share/smart_agent_gazebo/models/SurgicalTrolleyMed/meshes\n'}
[1.189343] (smart_agent_gazebo) StdoutLine: {'line': b'copying models/SurgicalTrolleyMed/meshes/SurgicalTrolleyMed.mtl -> /home/test/wf3/gazebo/agentsd_ws/install/smart_agent_gazebo/share/smart_agent_gazebo/models/SurgicalTrolleyMed/meshes\n'}
[1.189433] (smart_agent_gazebo) StdoutLine: {'line': b'copying models/SurgicalTrolleyMed/meshes/SurgicalTrolleyMed_Col.mtl -> /home/test/wf3/gazebo/agentsd_ws/install/smart_agent_gazebo/share/smart_agent_gazebo/models/SurgicalTrolleyMed/meshes\n'}
[1.189522] (smart_agent_gazebo) StdoutLine: {'line': b'copying models/SurgicalTrolleyMed/meshes/SurgicalTrolleyMed_Diffuse.png -> /home/test/wf3/gazebo/agentsd_ws/install/smart_agent_gazebo/share/smart_agent_gazebo/models/SurgicalTrolleyMed/meshes\n'}
[1.189612] (smart_agent_gazebo) StdoutLine: {'line': b'creating /home/test/wf3/gazebo/agentsd_ws/install/smart_agent_gazebo/share/smart_agent_gazebo/models/aws_robomaker_residential_Dumbbell_01\n'}
[1.189700] (smart_agent_gazebo) StdoutLine: {'line': b'copying models/aws_robomaker_residential_Dumbbell_01/model.config -> /home/test/wf3/gazebo/agentsd_ws/install/smart_agent_gazebo/share/smart_agent_gazebo/models/aws_robomaker_residential_Dumbbell_01\n'}
[1.189799] (smart_agent_gazebo) StdoutLine: {'line': b'copying models/aws_robomaker_residential_Dumbbell_01/model.sdf -> /home/test/wf3/gazebo/agentsd_ws/install/smart_agent_gazebo/share/smart_agent_gazebo/models/aws_robomaker_residential_Dumbbell_01\n'}
[1.189891] (smart_agent_gazebo) StdoutLine: {'line': b'creating /home/test/wf3/gazebo/agentsd_ws/install/smart_agent_gazebo/share/smart_agent_gazebo/models/aws_robomaker_residential_Dumbbell_01/materials\n'}
[1.189981] (smart_agent_gazebo) StdoutLine: {'line': b'creating /home/test/wf3/gazebo/agentsd_ws/install/smart_agent_gazebo/share/smart_agent_gazebo/models/aws_robomaker_residential_Dumbbell_01/materials/textures\n'}
[1.190070] (smart_agent_gazebo) StdoutLine: {'line': b'copying models/aws_robomaker_residential_Dumbbell_01/materials/textures/aws_Dumbbell_01.png -> /home/test/wf3/gazebo/agentsd_ws/install/smart_agent_gazebo/share/smart_agent_gazebo/models/aws_robomaker_residential_Dumbbell_01/materials/textures\n'}
[1.190169] (smart_agent_gazebo) StdoutLine: {'line': b'creating /home/test/wf3/gazebo/agentsd_ws/install/smart_agent_gazebo/share/smart_agent_gazebo/models/aws_robomaker_residential_Dumbbell_01/meshes\n'}
[1.190259] (smart_agent_gazebo) StdoutLine: {'line': b'copying models/aws_robomaker_residential_Dumbbell_01/meshes/aws_Dumbbell_01_collision.DAE -> /home/test/wf3/gazebo/agentsd_ws/install/smart_agent_gazebo/share/smart_agent_gazebo/models/aws_robomaker_residential_Dumbbell_01/meshes\n'}
[1.190347] (smart_agent_gazebo) StdoutLine: {'line': b'copying models/aws_robomaker_residential_Dumbbell_01/meshes/aws_Dumbbell_01_visual.DAE -> /home/test/wf3/gazebo/agentsd_ws/install/smart_agent_gazebo/share/smart_agent_gazebo/models/aws_robomaker_residential_Dumbbell_01/meshes\n'}
[1.190436] (smart_agent_gazebo) StdoutLine: {'line': b'creating /home/test/wf3/gazebo/agentsd_ws/install/smart_agent_gazebo/share/smart_agent_gazebo/models/aws_robomaker_residential_SofaB_01\n'}
[1.190526] (smart_agent_gazebo) StdoutLine: {'line': b'copying models/aws_robomaker_residential_SofaB_01/model.config -> /home/test/wf3/gazebo/agentsd_ws/install/smart_agent_gazebo/share/smart_agent_gazebo/models/aws_robomaker_residential_SofaB_01\n'}
[1.190614] (smart_agent_gazebo) StdoutLine: {'line': b'copying models/aws_robomaker_residential_SofaB_01/model.sdf -> /home/test/wf3/gazebo/agentsd_ws/install/smart_agent_gazebo/share/smart_agent_gazebo/models/aws_robomaker_residential_SofaB_01\n'}
[1.190704] (smart_agent_gazebo) StdoutLine: {'line': b'creating /home/test/wf3/gazebo/agentsd_ws/install/smart_agent_gazebo/share/smart_agent_gazebo/models/aws_robomaker_residential_SofaB_01/materials\n'}
[1.190793] (smart_agent_gazebo) StdoutLine: {'line': b'creating /home/test/wf3/gazebo/agentsd_ws/install/smart_agent_gazebo/share/smart_agent_gazebo/models/aws_robomaker_residential_SofaB_01/materials/textures\n'}
[1.190884] (smart_agent_gazebo) StdoutLine: {'line': b'copying models/aws_robomaker_residential_SofaB_01/materials/textures/aws_SofaB_01.png -> /home/test/wf3/gazebo/agentsd_ws/install/smart_agent_gazebo/share/smart_agent_gazebo/models/aws_robomaker_residential_SofaB_01/materials/textures\n'}
[1.190974] (smart_agent_gazebo) StdoutLine: {'line': b'creating /home/test/wf3/gazebo/agentsd_ws/install/smart_agent_gazebo/share/smart_agent_gazebo/models/aws_robomaker_residential_SofaB_01/meshes\n'}
[1.191064] (smart_agent_gazebo) StdoutLine: {'line': b'copying models/aws_robomaker_residential_SofaB_01/meshes/aws_SofaB_01_collision.DAE -> /home/test/wf3/gazebo/agentsd_ws/install/smart_agent_gazebo/share/smart_agent_gazebo/models/aws_robomaker_residential_SofaB_01/meshes\n'}
[1.191154] (smart_agent_gazebo) StdoutLine: {'line': b'copying models/aws_robomaker_residential_SofaB_01/meshes/aws_SofaB_01_visual.DAE -> /home/test/wf3/gazebo/agentsd_ws/install/smart_agent_gazebo/share/smart_agent_gazebo/models/aws_robomaker_residential_SofaB_01/meshes\n'}
[1.191248] (smart_agent_gazebo) StdoutLine: {'line': b'creating /home/test/wf3/gazebo/agentsd_ws/install/smart_agent_gazebo/share/smart_agent_gazebo/models/aws_robomaker_residential_PortraitB_03\n'}
[1.191340] (smart_agent_gazebo) StdoutLine: {'line': b'copying models/aws_robomaker_residential_PortraitB_03/model.config -> /home/test/wf3/gazebo/agentsd_ws/install/smart_agent_gazebo/share/smart_agent_gazebo/models/aws_robomaker_residential_PortraitB_03\n'}
[1.191428] (smart_agent_gazebo) StdoutLine: {'line': b'copying models/aws_robomaker_residential_PortraitB_03/model.sdf -> /home/test/wf3/gazebo/agentsd_ws/install/smart_agent_gazebo/share/smart_agent_gazebo/models/aws_robomaker_residential_PortraitB_03\n'}
[1.191516] (smart_agent_gazebo) StdoutLine: {'line': b'creating /home/test/wf3/gazebo/agentsd_ws/install/smart_agent_gazebo/share/smart_agent_gazebo/models/aws_robomaker_residential_PortraitB_03/materials\n'}
[1.191605] (smart_agent_gazebo) StdoutLine: {'line': b'creating /home/test/wf3/gazebo/agentsd_ws/install/smart_agent_gazebo/share/smart_agent_gazebo/models/aws_robomaker_residential_PortraitB_03/materials/textures\n'}
[1.191694] (smart_agent_gazebo) StdoutLine: {'line': b'copying models/aws_robomaker_residential_PortraitB_03/materials/textures/aws_PortraitB_02.png -> /home/test/wf3/gazebo/agentsd_ws/install/smart_agent_gazebo/share/smart_agent_gazebo/models/aws_robomaker_residential_PortraitB_03/materials/textures\n'}
[1.191792] (smart_agent_gazebo) StdoutLine: {'line': b'copying models/aws_robomaker_residential_PortraitB_03/materials/textures/aws_PortraitB_01.png -> /home/test/wf3/gazebo/agentsd_ws/install/smart_agent_gazebo/share/smart_agent_gazebo/models/aws_robomaker_residential_PortraitB_03/materials/textures\n'}
[1.191882] (smart_agent_gazebo) StdoutLine: {'line': b'creating /home/test/wf3/gazebo/agentsd_ws/install/smart_agent_gazebo/share/smart_agent_gazebo/models/aws_robomaker_residential_PortraitB_03/meshes\n'}
[1.191973] (smart_agent_gazebo) StdoutLine: {'line': b'copying models/aws_robomaker_residential_PortraitB_03/meshes/aws_PortraitB_01_collision.DAE -> /home/test/wf3/gazebo/agentsd_ws/install/smart_agent_gazebo/share/smart_agent_gazebo/models/aws_robomaker_residential_PortraitB_03/meshes\n'}
[1.192062] (smart_agent_gazebo) StdoutLine: {'line': b'copying models/aws_robomaker_residential_PortraitB_03/meshes/aws_PortraitB_01_visual.DAE -> /home/test/wf3/gazebo/agentsd_ws/install/smart_agent_gazebo/share/smart_agent_gazebo/models/aws_robomaker_residential_PortraitB_03/meshes\n'}
[1.192151] (smart_agent_gazebo) StdoutLine: {'line': b'creating /home/test/wf3/gazebo/agentsd_ws/install/smart_agent_gazebo/share/smart_agent_gazebo/models/aws_robomaker_residential_DeskPortraitA_01\n'}
[1.192239] (smart_agent_gazebo) StdoutLine: {'line': b'copying models/aws_robomaker_residential_DeskPortraitA_01/model.config -> /home/test/wf3/gazebo/agentsd_ws/install/smart_agent_gazebo/share/smart_agent_gazebo/models/aws_robomaker_residential_DeskPortraitA_01\n'}
[1.192327] (smart_agent_gazebo) StdoutLine: {'line': b'copying models/aws_robomaker_residential_DeskPortraitA_01/model.sdf -> /home/test/wf3/gazebo/agentsd_ws/install/smart_agent_gazebo/share/smart_agent_gazebo/models/aws_robomaker_residential_DeskPortraitA_01\n'}
[1.192409] (smart_agent_gazebo) StdoutLine: {'line': b'creating /home/test/wf3/gazebo/agentsd_ws/install/smart_agent_gazebo/share/smart_agent_gazebo/models/aws_robomaker_residential_DeskPortraitA_01/materials\n'}
[1.192491] (smart_agent_gazebo) StdoutLine: {'line': b'creating /home/test/wf3/gazebo/agentsd_ws/install/smart_agent_gazebo/share/smart_agent_gazebo/models/aws_robomaker_residential_DeskPortraitA_01/materials/textures\n'}
[1.192572] (smart_agent_gazebo) StdoutLine: {'line': b'copying models/aws_robomaker_residential_DeskPortraitA_01/materials/textures/aws_DeskPortraitA_01.png -> /home/test/wf3/gazebo/agentsd_ws/install/smart_agent_gazebo/share/smart_agent_gazebo/models/aws_robomaker_residential_DeskPortraitA_01/materials/textures\n'}
[1.192655] (smart_agent_gazebo) StdoutLine: {'line': b'copying models/aws_robomaker_residential_DeskPortraitA_01/materials/textures/aws_DeskPortraitA_02.png -> /home/test/wf3/gazebo/agentsd_ws/install/smart_agent_gazebo/share/smart_agent_gazebo/models/aws_robomaker_residential_DeskPortraitA_01/materials/textures\n'}
[1.192741] (smart_agent_gazebo) StdoutLine: {'line': b'creating /home/test/wf3/gazebo/agentsd_ws/install/smart_agent_gazebo/share/smart_agent_gazebo/models/aws_robomaker_residential_DeskPortraitA_01/meshes\n'}
[1.192823] (smart_agent_gazebo) StdoutLine: {'line': b'copying models/aws_robomaker_residential_DeskPortraitA_01/meshes/aws_DeskPortraitA_01_collision.DAE -> /home/test/wf3/gazebo/agentsd_ws/install/smart_agent_gazebo/share/smart_agent_gazebo/models/aws_robomaker_residential_DeskPortraitA_01/meshes\n'}
[1.192907] (smart_agent_gazebo) StdoutLine: {'line': b'copying models/aws_robomaker_residential_DeskPortraitA_01/meshes/aws_DeskPortraitA_01_visual.DAE -> /home/test/wf3/gazebo/agentsd_ws/install/smart_agent_gazebo/share/smart_agent_gazebo/models/aws_robomaker_residential_DeskPortraitA_01/meshes\n'}
[1.192991] (smart_agent_gazebo) StdoutLine: {'line': b'creating /home/test/wf3/gazebo/agentsd_ws/install/smart_agent_gazebo/share/smart_agent_gazebo/models/aws_robomaker_residential_RoomWall_01\n'}
[1.193075] (smart_agent_gazebo) StdoutLine: {'line': b'copying models/aws_robomaker_residential_RoomWall_01/model.config -> /home/test/wf3/gazebo/agentsd_ws/install/smart_agent_gazebo/share/smart_agent_gazebo/models/aws_robomaker_residential_RoomWall_01\n'}
[1.193156] (smart_agent_gazebo) StdoutLine: {'line': b'copying models/aws_robomaker_residential_RoomWall_01/model.sdf -> /home/test/wf3/gazebo/agentsd_ws/install/smart_agent_gazebo/share/smart_agent_gazebo/models/aws_robomaker_residential_RoomWall_01\n'}
[1.193238] (smart_agent_gazebo) StdoutLine: {'line': b'creating /home/test/wf3/gazebo/agentsd_ws/install/smart_agent_gazebo/share/smart_agent_gazebo/models/aws_robomaker_residential_RoomWall_01/materials\n'}
[1.193319] (smart_agent_gazebo) StdoutLine: {'line': b'creating /home/test/wf3/gazebo/agentsd_ws/install/smart_agent_gazebo/share/smart_agent_gazebo/models/aws_robomaker_residential_RoomWall_01/materials/textures\n'}
[1.193401] (smart_agent_gazebo) StdoutLine: {'line': b'copying models/aws_robomaker_residential_RoomWall_01/materials/textures/aws_RoomWall_01.png -> /home/test/wf3/gazebo/agentsd_ws/install/smart_agent_gazebo/share/smart_agent_gazebo/models/aws_robomaker_residential_RoomWall_01/materials/textures\n'}
[1.193492] (smart_agent_gazebo) StdoutLine: {'line': b'creating /home/test/wf3/gazebo/agentsd_ws/install/smart_agent_gazebo/share/smart_agent_gazebo/models/aws_robomaker_residential_RoomWall_01/meshes\n'}
[1.193573] (smart_agent_gazebo) StdoutLine: {'line': b'copying models/aws_robomaker_residential_RoomWall_01/meshes/aws_RoomWall_01_visual.DAE -> /home/test/wf3/gazebo/agentsd_ws/install/smart_agent_gazebo/share/smart_agent_gazebo/models/aws_robomaker_residential_RoomWall_01/meshes\n'}
[1.193655] (smart_agent_gazebo) StdoutLine: {'line': b'copying models/aws_robomaker_residential_RoomWall_01/meshes/aws_RoomWall_01_collision.DAE -> /home/test/wf3/gazebo/agentsd_ws/install/smart_agent_gazebo/share/smart_agent_gazebo/models/aws_robomaker_residential_RoomWall_01/meshes\n'}
[1.193736] (smart_agent_gazebo) StdoutLine: {'line': b'running install_egg_info\n'}
[1.193885] (smart_agent_gazebo) StdoutLine: {'line': b'Copying ../../build/smart_agent_gazebo/smart_agent_gazebo.egg-info to /home/test/wf3/gazebo/agentsd_ws/install/smart_agent_gazebo/lib/python3.10/site-packages/smart_agent_gazebo-0.0.1-py3.10.egg-info\n'}
[1.193984] (smart_agent_gazebo) StdoutLine: {'line': b'running install_scripts\n'}
[1.194079] (smart_agent_gazebo) StdoutLine: {'line': b'Installing data_recorder script to /home/test/wf3/gazebo/agentsd_ws/install/smart_agent_gazebo/lib/smart_agent_gazebo\n'}
[1.194178] (smart_agent_gazebo) StdoutLine: {'line': b'Installing dataset_recorder script to /home/test/wf3/gazebo/agentsd_ws/install/smart_agent_gazebo/lib/smart_agent_gazebo\n'}
[1.194272] (smart_agent_gazebo) StdoutLine: {'line': b'Installing keyboard_teleop script to /home/test/wf3/gazebo/agentsd_ws/install/smart_agent_gazebo/lib/smart_agent_gazebo\n'}
[1.194364] (smart_agent_gazebo) StdoutLine: {'line': b'Installing sensor_monitor script to /home/test/wf3/gazebo/agentsd_ws/install/smart_agent_gazebo/lib/smart_agent_gazebo\n'}
[1.194619] (smart_agent_gazebo) StdoutLine: {'line': b'Installing web_gateway script to /home/test/wf3/gazebo/agentsd_ws/install/smart_agent_gazebo/lib/smart_agent_gazebo\n'}
[1.194725] (smart_agent_gazebo) StdoutLine: {'line': b"writing list of installed files to '/home/test/wf3/gazebo/agentsd_ws/build/smart_agent_gazebo/install.log'\n"}
[1.196089] (smart_agent_gazebo) CommandEnded: {'returncode': 0}
[1.211667] (-) TimerEvent: {}
[1.234138] (smart_agent_gazebo) JobEnded: {'identifier': 'smart_agent_gazebo', 'rc': 0}
[1.235444] (-) EventReactorShutdown: {}
